file_id,gap_index,gap_start_ms,gap_end_ms,gap_ms,gap_sec,prev_speaker,next_speaker,speaker_change,prev_duration_sec,next_duration_sec,prev_text_len,next_text_len,prev_word_count,next_word_count,prev_avg_conf,prev_last_conf,next_avg_conf,prev_is_question,next_is_question,prev_text,next_text
0379,59,328730,341385,12655,12.655,SPEAKER_1,SPEAKER_0,True,7.86,2.5,51,26,13,7,0.9383846153846154,0.992,0.8818571428571429,False,True,그냥 불안해요. 그때 일이 엄마나 아빠 귀에 들어가면 어떡하지? 이런 생각 때문에 무서워요.,모르겠어요. 아직 해보고 싶은 일이 없는 거야?
3706,89,433776,445550,11774,11.774,SPEAKER_0,SPEAKER_0,False,6.916,3.94,60,34,16,9,0.975125,0.996,0.8971111111111111,True,True,나의 신체부위를 사진 영상을 찍어 어디에 올리거나 보낸 적이 있나요? 누가 그렇게 해달라고 한 적이 있나요?,가족들끼리 소리를 지르면서 싸우는 걸 듣거나 본 적이 있나요?
5194,92,657481,668415,10934,10.934,SPEAKER_0,SPEAKER_0,False,2.661,2.66,27,25,9,7,0.9341111111111111,0.977,0.9462857142857143,True,True,주변 어른 중에 나를 때린 적이 있는 사람 있어?,없어요. 혼날 땐 어떻게 혼나? 맞지는 않아?
5194,100,718275,728830,10555,10.555,SPEAKER_0,SPEAKER_0,False,3.62,3.3,33,34,7,10,0.9128571428571428,0.491,0.9299999999999999,True,True,내가 싫다는데도 계속해서 연락하거나 따라다니는 사람이 있어?,집에서 어른들끼리 큰 소리로 싸우는 걸 듣거나 본 적이 있어?
5194,102,734225,742925,8700,8.7,SPEAKER_0,SPEAKER_0,False,0.5,2.98,4,27,1,7,0.993,0.993,0.9401428571428572,False,False,없어요.,친구들이 나를 놀리거나 괴롭힌다고 느낀 적이 있어
5194,42,293520,301425,7905,7.905,SPEAKER_0,SPEAKER_0,False,2.19,0.98,26,7,7,2,0.9865714285714285,0.922,0.997,False,False,아빠의 표정을 볼 때 기분이 어때? 안타까워요.,아빠와 사이가
5194,89,629640,637445,7805,7.805,SPEAKER_0,SPEAKER_0,False,4.26,4.58,42,29,11,7,0.9375454545454546,0.988,0.9917142857142857,True,True,없어요. 집에서 쫓아내겠다고 말하거나 어디에 가두고 못 나오게 한 적 있어?,아니요. 마음이 힘들 때 가족에게 힘들다고 이야기해?
1112,90,612445,619900,7455,7.455,SPEAKER_0,SPEAKER_0,False,6.1,1.3,41,11,11,3,0.9356363636363636,0.836,0.8526666666666667,True,True,내가 원하지 않는데도 누군가가 내 몸을 만지거나 보여달라고 한 적 있어요?,네. 누가 그랬나요?
1354,44,183330,190694,7364,7.364,SPEAKER_0,SPEAKER_0,False,1.061,3.941,7,28,2,7,0.993,0.986,0.9734285714285714,True,False,이유가 뭐야?,집에서 주로 나를 돌봐주는 어른은 누구야? 엄마요.
3706,94,466085,473360,7275,7.275,SPEAKER_0,SPEAKER_0,False,2.02,4.58,17,43,4,12,0.99325,0.99,0.98225,True,True,때 마음이 복잡하거나 힘든가요?,안 좋은 기억 때문에 괴로워서 스스로를 해치고 싶은 생각을 해본 적이 있나요?
0005,41,192420,199694,7274,7.274,SPEAKER_1,SPEAKER_1,False,9.725,0.501,73,4,18,1,0.9371111111111111,0.887,0.805,False,False,"제가 성격이 좀 그래요. 친구들이랑 같이 지내는게 어색하고, 다가오는 친구들한테도 저도 모르게 거리를 두고 자꾸 피하는 것 같아요.",좋아요.
1112,80,542650,549855,7205,7.205,SPEAKER_0,SPEAKER_0,False,7.78,7.54,58,57,16,14,0.9793125,0.979,0.96,False,True,내가 무엇을 하려고 하면 무조건 안된다고 하지 말라고 하거나 하기 싫은데도 무조건 하라고 할 때가 있나요,아니요. 어른들이 나를 집에서 쫓아내거나 버리겠다고 말하거나 어디에 가두고 못 나오게 한 적이 있나요?
1112,36,230820,237945,7125,7.125,SPEAKER_1,SPEAKER_1,False,9.62,3.54,63,27,15,8,0.9414666666666667,0.947,0.968,False,False,감사해요. 제가 원하는 성적을 받지 못하거나 기대에 부응하지 못하더라도 엄마랑 이야기하면 위로가 되는 것 같아요.,네. 올해 고등학교 입학한 언니가 한 명 있어요.
1354,65,278426,285330,6904,6.904,SPEAKER_1,SPEAKER_0,True,0.821,1.62,5,15,2,4,0.982,0.976,0.9835,False,True,저번 달에,그 아저씨는 아는 사람이야?
5194,45,313365,320100,6735,6.735,SPEAKER_0,SPEAKER_0,False,3.38,0.58,29,7,7,2,0.9415714285714286,0.999,0.9685,False,False,좋아요. 아빠한테 더 잘해줘야 한다는 생각이 들어요.,형제자매는 몇
1112,77,517370,523845,6475,6.475,SPEAKER_1,SPEAKER_0,True,2.18,3.62,15,31,4,8,0.96425,0.993,0.949875,False,True,바쁘셔서 항상 모시진 못하고,부모님이나 선생님 때문에 기분이 안 좋아진 적이 있나요?
5194,17,114080,120475,6395,6.395,SPEAKER_0,SPEAKER_0,False,0.5,1.461,6,12,1,4,0.996,0.996,0.99825,False,True,모르겠어요.,최근 즐거운 적 없어?
5194,20,135250,141565,6315,6.315,SPEAKER_0,SPEAKER_0,False,1.94,4.1,16,34,4,10,0.99475,0.996,0.994,True,False,언제부터 즐겁다고 못 느꼈어?,올해 학년이 바뀌고 난 후부터라서 육 개월은 넘은 것 같아요.
1786,18,94935,101235,6300,6.3,SPEAKER_0,SPEAKER_0,False,2.1,3.86,19,34,5,8,0.973,0.959,0.959875,True,True,자고 일어나면 몸 상태는 어떤가요?,괜찮아요. 평소에 잠들기 힘들거나 잠자는 중간에 자주 깨나요?
5194,53,367015,373160,6145,6.145,SPEAKER_0,SPEAKER_0,False,1.14,1.62,11,12,2,3,0.995,0.997,0.9413333333333334,False,True,친구들이 괴롭혀서요.,담임 선생님을 좋아해?
5194,51,351080,357074,5994,5.994,SPEAKER_0,SPEAKER_0,False,0.5,3.861,4,34,1,7,0.994,0.994,0.8627142857142857,False,True,몰라요.,친구들이 괴롭혀서 놓노라 아니면 친구들에게 다가가기가 어려워?
2560,89,443111,448944,5833,5.833,SPEAKER_0,SPEAKER_0,False,4.421,4.021,40,40,11,10,0.9969090909090909,0.998,0.9766,True,True,내가 원하지 않는데 누군가가 내 몸을 만지거나 보여달라고 한 적 있어요?,없어요. 성적인 목적으로 나의 신체부위를 찍어 누구에게 보낸 적 있나요?
5194,37,255496,261315,5819,5.819,SPEAKER_0,SPEAKER_0,False,0.821,2.5,6,27,3,7,0.9653333333333334,1.0,0.9405714285714286,False,True,삼 일 정도,돼요. 평상시 아빠는 어떤 표정을 자주 지으셨어?
5194,112,822615,828389,5774,5.774,SPEAKER_0,SPEAKER_0,False,1.94,1.861,19,19,4,5,0.88825,0.999,0.9668,False,False,아니요. 때리거나 하지는 않았어요.,어떨 때 마음이 복잡하거나 힘들어.
2315,43,207585,213325,5740,5.74,SPEAKER_0,SPEAKER_0,False,1.46,2.18,14,18,3,4,0.9006666666666667,0.778,0.78925,True,True,담임 선생님을 좋아하나요?,좋아해요. 어떤 이유로 그런가요?
1112,96,664535,670210,5675,5.675,SPEAKER_1,SPEAKER_0,True,0.5,5.06,4,38,1,11,0.892,0.892,0.9672727272727273,False,True,아니요.,누가 성적인 목적으로 내 몸을 사진 찍거나 동영상 찍은 적이 있나요?
5194,41,285655,291330,5675,5.675,SPEAKER_0,SPEAKER_0,False,4.181,2.19,39,26,12,7,0.9815833333333334,0.998,0.9865714285714285,False,False,일이 힘들 것 같아요. 그래도 저를 보면 웃는 데 힘이 난다고 했어요.,아빠의 표정을 볼 때 기분이 어때? 안타까워요.
5194,47,326680,332355,5675,5.675,SPEAKER_0,SPEAKER_0,False,1.15,1.62,14,14,3,4,0.8833333333333333,0.99,0.91625,False,True,명이야? 저는 외동이에요.,친구들이랑 뭐 하고 놀아?
1112,62,417245,422910,5665,5.665,SPEAKER_0,SPEAKER_1,True,2.82,0.5,26,4,7,1,0.964,0.906,0.986,True,False,집에서 주로 나를 돌봐주는 어른 은 누구인가요?,엄마요.
5194,33,229076,234735,5659,5.659,SPEAKER_0,SPEAKER_0,False,0.501,2.66,5,27,1,7,1.0,1.0,0.956,False,True,평범해요.,잠들기 힘들거나 잠자는 중간에 깨는 일이 있을까?
1354,14,65470,71104,5634,5.634,SPEAKER_0,SPEAKER_0,False,2.74,1.861,27,14,8,5,0.992125,0.952,0.9786,True,True,그렇게 짜증이 났을 때 어떻게 해야 기분이 풀려?,몇 시부터 몇 시까지 자?
5194,26,179886,185470,5584,5.584,SPEAKER_0,SPEAKER_0,False,2.101,1.06,19,10,5,3,0.9621999999999999,0.835,0.927,True,False,짜증이나 화나는 일이 자주 일어나?,네. 자주 있어요.
1354,30,126430,131985,5555,5.555,SPEAKER_0,SPEAKER_0,False,1.62,1.38,13,11,4,4,0.89975,0.987,0.94575,True,True,친구들과 뭐 하고 놀아?,몇 명이 같이 놀아?
5194,73,506095,511600,5505,5.505,SPEAKER_0,SPEAKER_0,False,0.5,8.341,4,34,1,10,0.964,0.964,0.9596,False,False,아빠요.,배가 고픈데 먹을 게 없어서 굶은 적 있어? 아니요. 없어요.
5194,84,590245,595750,5505,5.505,SPEAKER_0,SPEAKER_0,False,1.54,3.14,14,30,4,8,0.9545,0.983,0.948125,False,True,"네, 아빠가 거의 오세요.",부모님이나 선생님 때문에 기분이 안 좋아진 적이 있어?
5194,99,709150,714655,5505,5.505,SPEAKER_0,SPEAKER_0,False,0.5,3.62,4,33,1,7,0.991,0.991,0.9128571428571428,False,True,아니요.,내가 싫다는데도 계속해서 연락하거나 따라다니는 사람이 있어?
1112,58,381675,387175,5500,5.5,SPEAKER_0,SPEAKER_1,True,4.101,1.22,34,10,9,3,0.9176666666666666,0.779,0.7986666666666666,True,False,커서 어떤 사람이 되고 싶은지 꿈이 무엇인지 이야기해 줄래요?,의사가 될 거예요.
5194,104,751330,756829,5499,5.499,SPEAKER_0,SPEAKER_0,False,0.741,0.821,7,7,2,2,0.937,0.999,0.995,False,True,"네, 있어요.",누가 그랬어?
2315,84,427050,432535,5485,5.485,SPEAKER_0,SPEAKER_0,False,3.14,4.82,32,38,7,10,0.9701428571428572,1.0,0.9803999999999999,True,True,내가 싫어하는데도 계속 연락하거나 따라다닌 사람이 있나요?,없어요. 가족들끼리 소리를 지르면서 싸우는 걸 듣거나 본 적 있어요?
5194,78,547121,552585,5464,5.464,SPEAKER_0,SPEAKER_0,False,0.501,3.141,4,28,1,8,0.999,0.999,0.846375,False,True,없어요.,자가진 옷이나 신발을 있거나 신고 다닌 적이 있어?
1136,47,258195,263640,5445,5.445,SPEAKER_1,SPEAKER_0,True,2.82,2.02,25,16,6,5,0.9798333333333333,0.969,0.9798,False,True,부모님은 좀 싸우지만 엄마가 절 사랑하니까요.,커서 어떤 사람이 되고 싶어?
5194,13,89970,95405,5435,5.435,SPEAKER_0,SPEAKER_0,False,2.26,1.38,21,13,6,4,0.9503333333333334,0.997,0.99675,False,True,등교하고 난 후나 집에 돌아왔을 때요.,최근에 다친 적 있었어?
5194,12,82290,87710,5420,5.42,SPEAKER_0,SPEAKER_0,False,1.7,2.26,15,21,4,6,0.974,0.988,0.9503333333333334,True,False,배의 통증이 언제쯤 사라져?,등교하고 난 후나 집에 돌아왔을 때요.
0379,66,382211,387630,5419,5.419,SPEAKER_0,SPEAKER_0,False,6.536,5.701,50,49,15,14,0.9806,0.954,0.9742857142857143,True,True,저녁에 나를 집에 혼자 두고 나가거나 갑자기 말도 없이 집을 나가서 안 들어오신 적 있어?,아니요. 빨래가 되어 있지 않거나 옷이나 신발 사이즈가 맞지 않는 것을 사용한 적 있어?
1136,51,285545,290930,5385,5.385,SPEAKER_1,SPEAKER_0,True,5.38,3.3,44,26,11,8,0.9254545454545454,0.988,0.9915,False,True,비스테릿 퍼즐을 풀면서 저만의 이야기를 만들기도 하는데 그걸 글로 써보고 싶어요,학교나 학원 끝나고 집에 가면 보통 누가 있어?
3696,28,114150,119524,5374,5.374,SPEAKER_0,SPEAKER_0,False,1.38,2.021,10,22,2,6,0.9015,0.999,0.917,True,True,형제자매가 있나요?,없어요. 친구들과 주로 뭐 하고 놀아요?
5194,19,127936,133310,5374,5.374,SPEAKER_0,SPEAKER_0,False,1.141,1.94,9,16,3,4,0.9983333333333333,1.0,0.99475,False,True,그런 것 같아요.,언제부터 즐겁다고 못 느꼈어?
5194,57,396135,401500,5365,5.365,SPEAKER_0,SPEAKER_0,False,3.3,2.1,29,17,7,5,0.8888571428571428,0.999,0.926,False,True,별 소용은 없었는데 괴롭힌 친구들 혼돈하고 그랬어요.,요즘 가장 큰 고민거리가 뭐야?
1112,56,362795,368150,5355,5.355,SPEAKER_0,SPEAKER_1,True,2.26,5.3,18,40,4,11,0.9595,0.854,0.9800909090909091,True,False,어떤 점에서 불행하다고 느끼나요?,가족들이 기대하는 만큼 제가 멋진 사람이 아닌 것 같아서 너무 속상해요.
5194,1,10180,15535,5355,5.355,SPEAKER_0,SPEAKER_0,False,0.82,1.14,7,10,2,3,0.8674999999999999,0.851,0.997,False,True,배가 아파요.,배가 어떻게 아파?
5194,76,533435,538780,5345,5.345,SPEAKER_0,SPEAKER_0,False,0.5,3.141,4,33,1,9,0.985,0.985,0.8716666666666667,False,True,아니요.,빨래가 되어있지 않아서 더러운 옷을 입어야 했던 적이 있어?
5194,14,96785,102125,5340,5.34,SPEAKER_0,SPEAKER_0,False,1.38,0.5,13,4,4,1,0.99675,0.997,0.999,True,False,최근에 다친 적 있었어?,없어요.
5194,11,75265,80590,5325,5.325,SPEAKER_0,SPEAKER_0,False,0.5,1.7,6,15,1,4,0.993,0.993,0.974,False,True,모르겠어요.,배의 통증이 언제쯤 사라져?
0379,67,393331,398645,5314,5.314,SPEAKER_0,SPEAKER_0,False,5.701,4.98,49,40,14,10,0.9742857142857143,0.988,0.9572,True,True,아니요. 빨래가 되어 있지 않거나 옷이나 신발 사이즈가 맞지 않는 것을 사용한 적 있어?,아니요. 인터넷이나 휴대폰을 가지고 노는 시간은 하루에 몇 시간 정도야?
5194,5,36050,41335,5285,5.285,SPEAKER_0,SPEAKER_0,False,1.78,1.7,15,17,5,4,0.996,1.0,0.99825,False,True,배 전체가 아픈 것 같아요.,언제부터 배가 아프기 시작했어?
5194,3,21795,27070,5275,5.275,SPEAKER_0,SPEAKER_0,False,0.5,2.82,6,24,1,7,0.995,0.995,0.9145714285714286,False,True,모르겠어요.,배 전체가 아파 아니면 쿡쿡 쑤시듯이 아파?
5194,80,561325,566600,5275,5.275,SPEAKER_0,SPEAKER_0,False,0.5,3.3,4,33,1,8,0.995,0.995,0.976375,False,True,없어요.,인터넷이나 휴대폰을 가지고 노는 시간은 하루에 몇 시간이야?
5194,90,642025,647300,5275,5.275,SPEAKER_0,SPEAKER_0,False,4.58,2.58,29,23,7,5,0.9917142857142857,0.979,0.9016,True,False,아니요. 마음이 힘들 때 가족에게 힘들다고 이야기해?,네. 다 이야기하지는 못하지만 이야기해요.
3891,52,306165,311425,5260,5.26,SPEAKER_1,SPEAKER_0,True,0.82,3.78,9,34,2,9,0.9855,0.977,0.9657777777777777,False,True,저는 혼자잖아요.,커서 어떤 사람이 되고 싶은지 꿈이 무엇인지 이야기해 줄래요?
5194,27,186530,191790,5260,5.26,SPEAKER_0,SPEAKER_0,False,1.06,2.98,10,30,3,9,0.927,0.999,0.9447777777777777,False,True,네. 자주 있어요.,평소 짜증이나 화가 났을 때 어떻게 하면 마음이 풀려?
5194,35,242440,247700,5260,5.26,SPEAKER_0,SPEAKER_0,False,0.82,2.18,6,21,2,7,0.9875,0.994,0.9795714285714285,False,True,자주 깨요.,자주 깨는 게 일주일에 몇 번이나 돼?
5194,28,194770,200015,5245,5.245,SPEAKER_0,SPEAKER_0,False,2.98,3.3,30,28,9,8,0.9447777777777777,0.958,0.9319999999999999,True,False,평소 짜증이나 화가 났을 때 어떻게 하면 마음이 풀려?,모르겠어요. 마음이 풀려 본 적이 없는 것 같아요.
1354,71,305255,310460,5205,5.205,SPEAKER_0,SPEAKER_0,False,1.46,2.98,11,27,3,8,0.9976666666666667,0.993,0.983125,True,True,혹시 부모님은 아셔?,누가 나에게 부끄럽고 창피한 짓을 시킨 적 있어?
1786,65,329871,335075,5204,5.204,SPEAKER_0,SPEAKER_0,False,5.701,3.94,39,42,11,10,0.9344545454545454,0.998,0.9818,True,True,아니요. 옷이나 신발 사이즈가 작은 걸 입거나 신고 다닌 적이 있나요?,아니요. 인터넷이나 휴대폰을 가지고 노는 시간은 하루에 몇 시간 정도인가요?
5194,114,836490,841675,5185,5.185,SPEAKER_0,SPEAKER_0,False,1.461,4.66,12,49,3,14,0.988,0.997,0.9937142857142857,False,True,친구들이 괴롭힐 때요.,안 좋은 기억 때문에 괴로워서 스스로 해치려는 생각이나 죽고 싶다는 생각을 한 적 있어?
1112,50,324785,329965,5180,5.18,SPEAKER_0,SPEAKER_1,True,2.26,0.5,17,5,5,1,0.9611999999999999,0.949,0.952,True,False,요즘 제일 걱정되는 게 뭐예요?,성적이요.
2315,81,404375,409555,5180,5.18,SPEAKER_0,SPEAKER_0,False,4.18,6.775,44,64,12,16,0.9470833333333333,0.436,0.9703125,False,True,내가 원하지 않는데도 누가 내 몸을 만지거나 보여달라고 한 적 있어요? 아니요.,인터넷이나 휴대폰을 통해 성적인 목적으로 내 신체 부위를 사진이나 영상을 찍어 누구에게 보내거나 올린 적이 있나요?
5194,10,69585,74765,5180,5.18,SPEAKER_0,SPEAKER_0,False,1.381,0.5,12,6,3,1,0.963,0.988,0.993,True,False,아팠던 이유가 있을까?,모르겠어요.
5194,31,216500,221680,5180,5.18,SPEAKER_0,SPEAKER_0,False,2.02,2.1,20,20,6,6,0.9693333333333334,0.835,0.9956666666666667,False,True,열한 시에 자서 일곱 시에 일어나요.,아침에 일어났을 때 몸 상태는 어때?
5194,58,403600,408780,5180,5.18,SPEAKER_0,SPEAKER_0,False,2.1,1.38,17,10,5,3,0.926,0.717,0.9926666666666667,True,False,요즘 가장 큰 고민거리가 뭐야?,아침이 오는 거요.
0184,85,400110,405265,5155,5.155,SPEAKER_0,SPEAKER_0,False,3.78,3.941,32,31,9,9,0.9912222222222222,0.998,0.9515555555555556,False,True,아플 때 어른들이 병원에 데려가지 않은 적 있어? 없어요.,운동회나 수업 청강 같은 학교 행사에 잘 오시는 편이야?
0379,46,249510,254665,5155,5.155,SPEAKER_0,SPEAKER_0,False,3.301,2.1,29,18,7,5,0.9428571428571428,0.991,0.9818,True,True,"담임 선생님은 좋아하는 편이야, 안 좋아하는 편이야?",좋아해요. 어떤 점이 좋은 거야?
5194,71,493480,498635,5155,5.155,SPEAKER_0,SPEAKER_0,False,5.78,2.101,47,18,13,5,0.9763076923076923,1.0,0.9368,False,False,없어? 네. 커서 직장에 다니면 이 친구들이 쫓아와서 직장도 그만두게 할 것 같아요.,주로 나를 돌봐주는 어른은 누구야
5194,63,437530,442675,5145,5.145,SPEAKER_0,SPEAKER_0,False,0.98,1.781,8,12,2,3,0.966,0.997,0.997,False,True,매일 힘들어요.,요즘 행복하다고 느껴?
5194,117,861710,866845,5135,5.135,SPEAKER_0,SPEAKER_0,False,2.98,0.98,26,9,7,3,0.9398571428571428,0.945,0.999,True,False,스스로를 아프게 했거나 죽으려고 해본 적 있어?,그런 적 없어요.
0006,97,439830,444945,5115,5.115,SPEAKER_0,SPEAKER_0,False,0.5,2.58,6,21,1,5,0.978,0.978,0.9954,True,True,누구인가요?,엄마요. 그 어른이 최근에도 때리나요?
5194,115,846335,851449,5114,5.114,SPEAKER_0,SPEAKER_0,False,4.66,2.981,49,26,14,8,0.9937142857142857,0.97,0.8885,True,False,안 좋은 기억 때문에 괴로워서 스스로 해치려는 생각이나 죽고 싶다는 생각을 한 적 있어?,네. 그때 죽고 싶다는 생각은 해본 적 있어요.
2560,67,331310,336410,5100,5.1,SPEAKER_0,SPEAKER_0,False,4.355,1.78,34,13,10,4,0.9713,0.998,0.98425,False,False,옷이나 신발이 작은 걸 입거나 신고 다닌 적 있어요? 없어요.,어른들이 학교 행사에 잘
5069,81,428310,433410,5100,5.1,SPEAKER_0,SPEAKER_0,False,2.58,2.26,24,21,7,6,0.965,0.98,0.9328333333333333,True,True,주위 어른들 중 친구를 때린 사람이 있었어?,아니요. 혼날 때는 주로 어떻게 혼나?
5194,6,43035,48135,5100,5.1,SPEAKER_0,SPEAKER_0,False,1.7,1.46,17,13,4,5,0.99825,0.997,1.0,True,False,언제부터 배가 아프기 시작했어?,한 달 넘은 것 같아요.
5194,23,158370,163470,5100,5.1,SPEAKER_0,SPEAKER_0,False,0.98,1.62,8,13,2,4,0.998,0.999,0.997,False,True,화가 났었어요.,무엇 때문에 화가 났어?
5194,70,482600,487700,5100,5.1,SPEAKER_0,SPEAKER_0,False,1.06,5.78,8,47,3,13,0.9983333333333333,0.996,0.9763076923076923,False,False,하고 싶은 일이,없어? 네. 커서 직장에 다니면 이 친구들이 쫓아와서 직장도 그만두게 할 것 같아요.
5194,83,583605,588705,5100,5.1,SPEAKER_0,SPEAKER_0,False,3.06,1.54,30,14,9,4,0.8836666666666667,0.933,0.9545,True,False,어른들이 운동회나 청관 속 같은 학교 행사의 잘 오셔?,"네, 아빠가 거의 오세요."
1112,48,312361,317460,5099,5.099,SPEAKER_0,SPEAKER_1,True,2.421,1.38,20,8,5,2,0.8732,0.862,0.873,True,False,어떤 부분에서 담임 선생님이 좋아요?,예쁘고 착해요.
5194,79,555726,560825,5099,5.099,SPEAKER_0,SPEAKER_0,False,3.141,0.5,28,4,8,1,0.846375,0.672,0.995,True,False,자가진 옷이나 신발을 있거나 신고 다닌 적이 있어?,없어요.
5194,98,703551,708650,5099,5.099,SPEAKER_0,SPEAKER_0,False,3.461,0.5,35,4,10,1,0.843,0.862,0.991,True,False,목적으로 나이 신체 보유를 찍어서 다른 사람에게 보낸 적 있어?,아니요.
5194,125,916161,921260,5099,5.099,SPEAKER_0,SPEAKER_0,False,2.261,0.501,19,4,6,1,0.9955,0.988,0.999,True,False,친한 친구 중 가출한 친구가 있어?,없어요.
1112,64,431810,436905,5095,5.095,SPEAKER_0,SPEAKER_1,True,4.421,2.581,30,19,9,5,0.9897777777777778,0.929,0.9624,True,False,학교나 학원 끝나고 집에 가면 집에 항상 누가 있어요?,"아니요, 가족 모두 각자 바빠서요."
5194,107,770065,775160,5095,5.095,SPEAKER_0,SPEAKER_0,False,3.3,18.765,21,138,4,35,0.9904999999999999,0.997,0.9672857142857143,True,False,친구들이요. 어떻게 놀리거나 괴롭혔어?,제가 엄마 없는 곳으로 놀리기 시작했어요. 화장실에 가면 저한테 침을 뱉기도 하고 엄마가 업소 나가는 더러운 년이라고 말했어요. 제가 교실 지나가면 버러지 여기 있다고 욕도 했어요. 인스타에 저격하는 내용의 사진을 공유하고 저만 태그 걸기도 해요.
5194,123,903455,908529,5074,5.074,SPEAKER_0,SPEAKER_0,False,3.941,0.501,38,4,12,1,0.9865,0.985,0.984,True,False,어른들 허락 없이 또는 말 없이 집에 오랫동안 나와 있었던 적 있어?,아니요.
1112,66,446685,451729,5044,5.044,SPEAKER_0,SPEAKER_1,True,3.3,0.501,25,4,8,1,0.95425,0.985,0.932,True,False,배가 고픈데 먹을 게 없어서 굶은 적 있어요?,아니요.
5194,105,757650,762685,5035,5.035,SPEAKER_0,SPEAKER_0,False,0.821,0.5,7,1,2,1,0.995,1.0,0.494,True,False,누가 그랬어?,반
1112,60,394390,399410,5020,5.02,SPEAKER_0,SPEAKER_1,True,2.58,10.795,21,73,6,19,0.9958333333333333,0.999,0.8933157894736842,True,False,왜 의사가 되고 싶다는 생각을 했어요?,엄마 아빠가 모두 의사라서 언니도 그렇고 저도 그렇고 의사가 꿈이에요. 언니도 이때 목표로 공부하고 있구요. 저도 그럴 것 같아요.
1786,55,278915,283935,5020,5.02,SPEAKER_0,SPEAKER_0,False,4.34,2.5,37,25,10,6,0.9923,0.949,0.9981666666666666,False,True,커피 냄새도 좋고 카페에 가면 커피 만드시는 분들이 멋져 보여서요.,집에서 주로 나를 돌봐주는 어른은 누구인가요?
5194,95,688735,693755,5020,5.02,SPEAKER_0,SPEAKER_0,False,4.26,0.5,42,4,12,1,0.98025,0.799,0.977,True,False,친구가 원하지 않는데도 누군가 친구 몸을 만지거나 보여 달라고 한 적 있어?,아니요.
5036,91,425926,430940,5014,5.014,SPEAKER_0,SPEAKER_0,False,4.831,3.86,37,29,8,6,0.9778749999999999,0.948,0.927,False,True,친구가 싫다는데도 계속 연락하거나 따라다니는 사람이 있어? 없어요.,가족들끼리 소리를 지르면서 싸우는걸 듣거나 본적있어?
5194,69,476535,481540,5005,5.005,SPEAKER_0,SPEAKER_0,False,0.98,1.06,7,8,2,3,0.9875,0.996,0.9983333333333333,False,False,꿈이 없어요.,하고 싶은 일이
5194,121,888350,893355,5005,5.005,SPEAKER_0,SPEAKER_0,False,3.46,1.38,35,11,10,3,0.919,0.704,0.9926666666666667,True,False,생각하고 싶지 않은데도 자꾸 안 좋은 기억이 떠오른 적이 있어?,그런 기억이 없어요.
3891,53,315205,320200,4995,4.995,SPEAKER_0,SPEAKER_1,True,3.78,3.701,34,30,9,9,0.9657777777777777,0.954,0.9555555555555556,True,False,커서 어떤 사람이 되고 싶은지 꿈이 무엇인지 이야기해 줄래요?,아직 잘 모르겠어요. TV 보면 하고 싶은 건 많아요.
5194,93,671075,676060,4985,4.985,SPEAKER_0,SPEAKER_0,False,2.66,3.7,25,30,7,7,0.9462857142857143,0.946,0.9455714285714286,True,False,없어요. 혼날 땐 어떻게 혼나? 맞지는 않아?,아빠가 말로 잘못한 점을 이야기하세요. 맞지는 않아요.
5194,15,102625,107580,4955,4.955,SPEAKER_0,SPEAKER_0,False,0.5,1.14,4,11,1,4,0.999,0.999,0.978,False,True,없어요.,뭐 할 때가 즐거워?
5194,44,305045,309985,4940,4.94,SPEAKER_0,SPEAKER_0,False,0.501,3.38,3,29,1,7,0.997,0.997,0.9415714285714286,True,False,어때?,좋아요. 아빠한테 더 잘해줘야 한다는 생각이 들어요.
5194,52,360935,365875,4940,4.94,SPEAKER_0,SPEAKER_0,False,3.861,1.14,34,11,7,2,0.8627142857142857,0.97,0.995,True,False,친구들이 괴롭혀서 놓노라 아니면 친구들에게 다가가기가 어려워?,친구들이 괴롭혀서요.
5194,54,374780,379720,4940,4.94,SPEAKER_0,SPEAKER_0,False,1.62,0.9,12,8,3,2,0.9413333333333334,0.998,0.9405,True,False,담임 선생님을 좋아해?,"네, 좋아해요."
5194,91,649880,654820,4940,4.94,SPEAKER_0,SPEAKER_0,False,2.58,2.661,23,27,5,9,0.9016,0.839,0.9341111111111111,False,True,네. 다 이야기하지는 못하지만 이야기해요.,주변 어른 중에 나를 때린 적이 있는 사람 있어?
1136,37,199705,204610,4905,4.905,SPEAKER_1,SPEAKER_0,True,1.46,2.02,10,15,3,5,0.957,0.907,0.9833999999999999,False,True,그냥 착해서 좋아요,요즘 제일 큰 고민이 뭐야?
5194,124,909030,913900,4870,4.87,SPEAKER_0,SPEAKER_0,False,0.501,2.261,4,19,1,6,0.984,0.984,0.9955,False,True,아니요.,친한 친구 중 가출한 친구가 있어?
5194,16,108720,113580,4860,4.86,SPEAKER_0,SPEAKER_0,False,1.14,0.5,11,6,4,1,0.978,0.999,0.996,True,False,뭐 할 때가 즐거워?,모르겠어요.
5194,48,333975,338835,4860,4.86,SPEAKER_0,SPEAKER_0,False,1.62,1.3,14,12,4,3,0.91625,0.869,0.9883333333333333,True,False,친구들이랑 뭐 하고 놀아?,친구들이 안 놀아줘요.
5194,56,387975,392835,4860,4.86,SPEAKER_0,SPEAKER_0,False,2.58,3.3,24,29,6,7,0.9353333333333333,0.997,0.8888571428571428,True,False,담임 선생님이 어떻게 아는데 그렇게 생각해?,별 소용은 없었는데 괴롭힌 친구들 혼돈하고 그랬어요.
5194,68,470695,475555,4860,4.86,SPEAKER_0,SPEAKER_0,False,3.14,0.98,33,7,9,2,0.9584444444444444,0.844,0.9875,True,False,커서 어떤 사람이 되고 싶어? 꿈이 무엇인지 이야기해 줄래?,꿈이 없어요.
5194,75,528075,532935,4860,4.86,SPEAKER_0,SPEAKER_0,False,3.38,0.5,36,4,10,1,0.9968,0.984,0.985,True,False,어디 아픈 곳이 있는데 어른들이 병원에 데려가지 않은 적은 있어?,아니요.
5194,85,598890,603750,4860,4.86,SPEAKER_0,SPEAKER_0,False,3.14,1.06,30,9,8,2,0.948125,0.943,0.958,True,False,부모님이나 선생님 때문에 기분이 안 좋아진 적이 있어?,"아니요, 없어요."
5194,18,121936,126795,4859,4.859,SPEAKER_0,SPEAKER_0,False,1.461,1.141,12,9,4,3,0.99825,0.999,0.9983333333333333,True,False,최근 즐거운 적 없어?,그런 것 같아요.
5194,72,500736,505595,4859,4.859,SPEAKER_0,SPEAKER_0,False,2.101,0.5,18,4,5,1,0.9368,0.756,0.964,False,False,주로 나를 돌봐주는 어른은 누구야,아빠요.
5194,46,320680,325530,4850,4.85,SPEAKER_0,SPEAKER_0,False,0.58,1.15,7,14,2,3,0.9685,1.0,0.8833333333333333,False,False,형제자매는 몇,명이야? 저는 외동이에요.
1136,15,83925,88740,4815,4.815,SPEAKER_1,SPEAKER_0,True,3.02,2.5,18,18,6,5,0.8233333333333334,0.917,0.9888,False,True,아니요 잠은 푹 자는 것 같아요.,평소에 아빠는 어떤 표정을 지어?
3821,81,507450,512245,4795,4.795,SPEAKER_0,SPEAKER_1,True,6.5,10.9,60,82,17,21,0.9920588235294118,0.998,0.9764761904761905,True,False,내가 무엇을 하려고 하면 무조건 안 된다고 하지 말라고 하거나 하기 싫은데도 무조건 하라고 할 때가 있나요?,제가 동생들 돌보기가 힘들다고 얘기해 봤는데 자기한테 말하지 말고 그냥 알아서 하라고 다 제 책임이라고 그랬어요. 무조건 제가 해야 하는 일이래요.
5194,32,223780,228575,4795,4.795,SPEAKER_0,SPEAKER_0,False,2.1,0.501,20,5,6,1,0.9956666666666667,0.99,1.0,True,False,아침에 일어났을 때 몸 상태는 어때?,평범해요.
5194,36,249880,254675,4795,4.795,SPEAKER_0,SPEAKER_0,False,2.18,0.821,21,6,7,3,0.9795714285714285,0.986,0.9653333333333334,True,False,자주 깨는 게 일주일에 몇 번이나 돼?,삼 일 정도
5194,86,604810,609605,4795,4.795,SPEAKER_0,SPEAKER_0,False,1.06,5.38,9,58,2,17,0.958,0.999,0.99,False,True,"아니요, 없어요.",내가 무엇을 하려고 하면 무조건 안 된다고 하지 말라고 하거나 하기 싫은데 무조건 하라고 할 때가 있어?
5194,87,614985,619779,4794,4.794,SPEAKER_0,SPEAKER_0,False,5.38,1.221,58,9,17,3,0.99,0.991,0.8623333333333333,True,False,내가 무엇을 하려고 하면 무조건 안 된다고 하지 말라고 하거나 하기 싫은데 무조건 하라고 할 때가 있어?,아니요. 그런 적
3891,44,254165,258945,4780,4.78,SPEAKER_1,SPEAKER_0,True,2.9,1.54,25,17,6,4,0.9748333333333333,0.908,0.8955,False,True,친구 사귀고 싶은데 방법이 없어서 걱정이에요.,무엇 때문에 그것이 걱정되나요?
5194,81,569900,574680,4780,4.78,SPEAKER_0,SPEAKER_0,False,3.3,1.46,33,11,8,4,0.976375,0.821,0.99825,True,False,인터넷이나 휴대폰을 가지고 노는 시간은 하루에 몇 시간이야?,두 시간 정도 해요.
5194,111,815895,820675,4780,4.78,SPEAKER_0,SPEAKER_0,False,3.3,1.94,30,19,8,4,0.98575,0.907,0.88825,True,False,괴롭힘 때문에 다쳐서 양호실이나 병원에 간 적도 있어?,아니요. 때리거나 하지는 않았어요.
5194,120,880110,884890,4780,4.78,SPEAKER_0,SPEAKER_0,False,1.06,3.46,9,35,3,10,0.9933333333333333,0.988,0.919,False,True,기억이 안 나요.,생각하고 싶지 않은데도 자꾸 안 좋은 기억이 떠오른 적이 있어?
1112,46,300885,305664,4779,4.779,SPEAKER_0,SPEAKER_1,True,2.82,0.501,23,5,5,1,0.8562,0.994,0.561,True,False,담임 선생님을 좋아해요? 아니면 싫어해요?,좋아해요.
5058,34,130430,135209,4779,4.779,SPEAKER_1,SPEAKER_0,True,0.5,1.381,5,9,1,2,0.938,0.938,0.923,False,True,미안해요.,형제자매가 있어?
5194,21,145665,150444,4779,4.779,SPEAKER_0,SPEAKER_0,False,4.1,2.901,34,26,10,8,0.994,1.0,0.9685,False,True,올해 학년이 바뀌고 난 후부터라서 육 개월은 넘은 것 같아요.,최근 일주일 동안 짜증이나 화가 난 적이 있어?
5194,113,830250,835029,4779,4.779,SPEAKER_0,SPEAKER_0,False,1.861,1.461,19,12,5,3,0.9668,0.839,0.988,False,False,어떨 때 마음이 복잡하거나 힘들어.,친구들이 괴롭힐 때요.
5194,122,894735,899514,4779,4.779,SPEAKER_0,SPEAKER_0,False,1.38,3.941,11,38,3,12,0.9926666666666667,0.998,0.9865,False,True,그런 기억이 없어요.,어른들 허락 없이 또는 말 없이 집에 오랫동안 나와 있었던 적 있어?
5194,24,165090,169865,4775,4.775,SPEAKER_0,SPEAKER_0,False,1.62,3.46,13,31,4,7,0.997,0.996,0.9895714285714285,True,False,무엇 때문에 화가 났어?,친구들이 괴롭히는데 저항에도 강도가 높아지는 것 같아요.
5194,55,380620,385395,4775,4.775,SPEAKER_0,SPEAKER_0,False,0.9,2.58,8,24,2,6,0.9405,0.994,0.9353333333333333,False,True,"네, 좋아해요.",담임 선생님이 어떻게 아는데 그렇게 생각해?
5194,67,462790,467555,4765,4.765,SPEAKER_0,SPEAKER_0,False,3.221,3.14,27,33,6,9,0.9225,0.999,0.9584444444444444,False,True,친구들의 괴롭힘이 세지고 다양해지는 것 같아서요.,커서 어떤 사람이 되고 싶어? 꿈이 무엇인지 이야기해 줄래?
3821,82,523145,527899,4754,4.754,SPEAKER_1,SPEAKER_0,True,10.9,5.621,82,50,21,13,0.9764761904761905,0.986,0.9656923076923077,False,True,제가 동생들 돌보기가 힘들다고 얘기해 봤는데 자기한테 말하지 말고 그냥 알아서 하라고 다 제 책임이라고 그랬어요. 무조건 제가 해야 하는 일이래요.,어른들이 나를 집에서 쫓아내거나 그러겠다고 하거나 어디 가두고 못 나오게 한 적이 있나요?
5194,74,519941,524695,4754,4.754,SPEAKER_0,SPEAKER_0,False,8.341,3.38,34,36,10,10,0.9596,0.999,0.9968,False,True,배가 고픈데 먹을 게 없어서 굶은 적 있어? 아니요. 없어요.,어디 아픈 곳이 있는데 어른들이 병원에 데려가지 않은 적은 있어?
5194,7,49595,54340,4745,4.745,SPEAKER_0,SPEAKER_0,False,1.46,2.261,13,21,5,7,1.0,1.0,0.922,False,True,한 달 넘은 것 같아요.,배가 아픈 게 일주일에 몇 번이나 돼?
5194,9,63481,68204,4723,4.723,SPEAKER_0,SPEAKER_0,False,2.181,1.381,19,12,6,3,0.9798333333333333,0.998,0.963,False,True,일주일에 삼 일 이상인 것 같아요.,아팠던 이유가 있을까?
5194,94,679760,684475,4715,4.715,SPEAKER_0,SPEAKER_0,False,3.7,4.26,30,42,7,12,0.9455714285714286,0.982,0.98025,False,True,아빠가 말로 잘못한 점을 이야기하세요. 맞지는 않아요.,친구가 원하지 않는데도 누군가 친구 몸을 만지거나 보여 달라고 한 적 있어?
5194,40,276760,281474,4714,4.714,SPEAKER_0,SPEAKER_0,False,2.1,4.181,18,39,5,12,0.9846,0.934,0.9815833333333334,True,False,왜 그런 표정을 짓는다고 생각해?,일이 힘들 것 같아요. 그래도 저를 보면 웃는 데 힘이 난다고 했어요.
3891,41,232955,237660,4705,4.705,SPEAKER_0,SPEAKER_1,True,3.22,2.9,31,23,8,7,0.952375,0.974,0.9287142857142857,True,False,담임 선생님이 없는 이유도 친구가 없는 이유와 같을까요?,네. 저 학교 못 다녀서 선생님도 없어요.
5194,61,423845,428550,4705,4.705,SPEAKER_0,SPEAKER_0,False,3.301,3.38,30,30,8,8,0.993375,0.998,0.975375,False,True,아침이 오면 학교에 가야 하거든요. 학교 가기 싫어요.,걱정거리 때문에 불편한 느낌이 일주일에 몇 번이나 돼?
1112,74,497115,501815,4700,4.7,SPEAKER_0,SPEAKER_1,True,4.5,0.98,37,9,9,3,0.9942222222222222,0.971,0.99,True,False,인터넷이나 휴대폰을 가지고 노는 시간은 하루에 몇 시간 정도인가요?,한 시간 정도요.
5036,94,446745,451445,4700,4.7,SPEAKER_0,SPEAKER_1,True,5.965,0.5,42,4,9,1,0.9101111111111111,0.831,0.57,True,False,어른이 아닌 주변 사람들이 친구를 놀리거나 괴롭히거나 따돌린다고 느낀적있어?,아니요.
5194,39,269960,274660,4700,4.7,SPEAKER_0,SPEAKER_0,False,1.46,2.1,13,18,3,5,0.9686666666666667,0.993,0.9846,False,True,힘들지만 웃는 표정이요.,왜 그런 표정을 짓는다고 생각해?
5069,62,322400,327099,4699,4.699,SPEAKER_0,SPEAKER_1,True,4.9,3.461,48,30,14,8,0.9650714285714286,0.904,0.926625,True,False,더럽고 냄새나는 옷을 입어야 한 적이 있거나 작은 옷이나 신발을 신고 다닌 적이 있어?,네. 옷이랑 이불이랑 너무 더러워서 냄새 나고 그래요.
5194,8,56601,61300,4699,4.699,SPEAKER_0,SPEAKER_0,False,2.261,2.181,21,19,7,6,0.922,0.715,0.9798333333333333,True,False,배가 아픈 게 일주일에 몇 번이나 돼?,일주일에 삼 일 이상인 것 같아요.
5194,77,541921,546620,4699,4.699,SPEAKER_0,SPEAKER_0,False,3.141,0.501,33,4,9,1,0.8716666666666667,0.933,0.999,True,False,빨래가 되어있지 않아서 더러운 옷을 입어야 했던 적이 있어?,없어요.
5194,118,867825,872524,4699,4.699,SPEAKER_0,SPEAKER_0,False,0.98,1.941,9,16,3,6,0.999,0.999,0.9896666666666667,False,True,그런 적 없어요.,잠잘 때 주로 어떤 꿈을 꿔?
3891,45,260485,265180,4695,4.695,SPEAKER_0,SPEAKER_1,True,1.54,4.1,17,30,4,7,0.8955,0.958,0.9014285714285715,True,False,무엇 때문에 그것이 걱정되나요?,Tv보면 다들 친구들이랑 노는데 저는 그러지 못해서요.
5194,30,209795,214480,4685,4.685,SPEAKER_0,SPEAKER_0,False,1.94,2.02,20,20,7,6,0.9755714285714285,0.845,0.9693333333333334,True,False,평소 몇 시에 자고 몇 시에 이러나?,열한 시에 자서 일곱 시에 일어나요.
5194,38,263815,268500,4685,4.685,SPEAKER_0,SPEAKER_0,False,2.5,1.46,27,13,7,3,0.9405714285714286,0.605,0.9686666666666667,True,False,돼요. 평상시 아빠는 어떤 표정을 자주 지으셨어?,힘들지만 웃는 표정이요.
5194,103,745905,750589,4684,4.684,SPEAKER_0,SPEAKER_0,False,2.98,0.741,27,7,7,2,0.9401428571428572,0.925,0.937,False,False,친구들이 나를 놀리거나 괴롭힌다고 느낀 적이 있어,"네, 있어요."
3891,1,9060,13695,4635,4.635,SPEAKER_1,SPEAKER_0,True,1.221,2.26,11,21,3,5,0.9913333333333333,0.991,0.8754000000000001,False,True,아픈 곳은 없었어요.,최근에 다친 적이 있었나요? 없었나요?
5194,65,448855,453490,4635,4.635,SPEAKER_0,SPEAKER_0,False,0.5,1.54,4,11,1,3,0.984,0.984,0.9893333333333333,False,True,아니요.,왜 불행하다고 느껴?
5194,108,793925,798560,4635,4.635,SPEAKER_0,SPEAKER_0,False,18.765,2.42,138,24,35,6,0.9672857142857143,0.996,0.9998333333333334,False,True,제가 엄마 없는 곳으로 놀리기 시작했어요. 화장실에 가면 저한테 침을 뱉기도 하고 엄마가 업소 나가는 더러운 년이라고 말했어요. 제가 교실 지나가면 버러지 여기 있다고 욕도 했어요. 인스타에 저격하는 내용의 사진을 공유하고 저만 태그 걸기도 해요.,친구가 괴롭히거나 놀릴 때 어떤 기분이었어?
1112,86,585500,590120,4620,4.62,SPEAKER_1,SPEAKER_0,True,0.5,1.94,4,16,1,5,0.855,0.855,0.9452,False,True,아니요.,주로 혼날 땐 어떻게 얻나요?
1112,87,592060,596680,4620,4.62,SPEAKER_0,SPEAKER_1,True,1.94,6.085,16,40,5,10,0.9452,0.781,0.9771,True,False,주로 혼날 땐 어떻게 얻나요?,사소한 것들은 말로 혼내시고 거짓말하거나 크게 잘못한 일은 반성문 쓰기도
1112,105,729140,733760,4620,4.62,SPEAKER_0,SPEAKER_1,True,5.861,0.5,43,4,11,1,0.9772727272727273,0.945,0.96,True,False,어른이 아닌 주변 사람들이 나를 자주 놀리거나 괴롭힌다고 느낀 적이 있었나요?,아니요.
2677,66,340945,345565,4620,4.62,SPEAKER_0,SPEAKER_1,True,3.38,1.54,25,11,7,4,0.9322857142857143,0.973,0.90325,False,False,어른들이 학부모상담 같은 학교 행사에 잘 오셔,네 거의 항상 와요.
3706,88,422240,426860,4620,4.62,SPEAKER_0,SPEAKER_0,False,10.676,6.916,84,60,22,16,0.960590909090909,0.851,0.975125,False,True,아니요. 상처가 나거나 하진 않고 그냥 아파서 치료 안 받았어요. 내가 원하지 않는데도 누군가가 내 몸을 만지거나 보여달라고 한 적이 있나요? 아니요.,나의 신체부위를 사진 영상을 찍어 어디에 올리거나 보낸 적이 있나요? 누가 그렇게 해달라고 한 적이 있나요?
3891,14,84990,89610,4620,4.62,SPEAKER_0,SPEAKER_1,True,3.7,3.14,36,26,10,7,0.9642,0.95,0.9458571428571428,True,False,평소에 그렇게 짜증이나 화가 났을 때 어떻게 하면 마음이 풀려요?,그냥 TV 보거나 장난감 가지고 놀거나 그래요.
3891,38,213180,217800,4620,4.62,SPEAKER_1,SPEAKER_0,True,3.221,2.02,27,20,8,4,0.98675,0.987,0.83525,False,False,삼촌이 나가지 못하게 해서 친구 만들 수 없어요.,"담임 선생님을 좋아하나요, 싫어하나요"
3891,97,578580,583200,4620,4.62,SPEAKER_0,SPEAKER_0,False,4.26,2.341,43,25,11,6,0.9420909090909091,0.955,0.9944999999999999,True,True,어른이 아닌 주변 사람들이 나를 자주 놀리거나 괴롭힌다고 느낀 적이 있었어요?,아니요. 어떨 때 마음이 복잡하거나 힘든가요?
5194,2,16675,21295,4620,4.62,SPEAKER_0,SPEAKER_0,False,1.14,0.5,10,6,3,1,0.997,0.995,0.995,True,False,배가 어떻게 아파?,모르겠어요.
5194,62,431930,436550,4620,4.62,SPEAKER_0,SPEAKER_0,False,3.38,0.98,30,8,8,2,0.975375,0.922,0.966,True,False,걱정거리 때문에 불편한 느낌이 일주일에 몇 번이나 돼?,매일 힘들어요.
0379,13,71370,75975,4605,4.605,SPEAKER_1,SPEAKER_0,True,1.3,2.66,12,23,2,8,0.937,0.886,0.95175,False,False,친구들이랑 이야기해요.,몇 시에 자고 몇 시에 일어나? 열한 시에
0216,67,339810,344414,4604,4.604,SPEAKER_0,SPEAKER_0,False,3.94,2.261,32,24,8,6,0.893,0.588,0.9938333333333333,True,True,친구들이 나를 자주 놀리거나 괴롭힌다고 느낀 적이 있나요?,없어요. 어떨 때 마음이 복잡하거나 힘들까?
5194,119,874465,879050,4585,4.585,SPEAKER_0,SPEAKER_0,False,1.941,1.06,16,9,6,3,0.9896666666666667,0.993,0.9933333333333333,True,False,잠잘 때 주로 어떤 꿈을 꿔?,기억이 안 나요.
0006,40,182665,187205,4540,4.54,SPEAKER_0,SPEAKER_1,True,2.661,0.5,19,4,4,1,0.96625,0.971,0.999,True,False,"담임 선생님은 좋은가요, 싫은가요?",좋아요.
0184,84,391790,396330,4540,4.54,SPEAKER_0,SPEAKER_0,False,5.035,3.78,34,32,10,9,0.9852,0.999,0.9912222222222222,False,False,크기가 맞지 않는 옷을 입거나 신발을 신은 적 있어? 없어요.,아플 때 어른들이 병원에 데려가지 않은 적 있어? 없어요.
1112,124,856170,860710,4540,4.54,SPEAKER_0,SPEAKER_0,False,0.5,2.98,4,25,1,7,0.972,0.972,0.9642857142857143,True,True,있나요?,아니요. 친한 친구 중 가출한 친구가 있나요?
5194,0,4820,9360,4540,4.54,SPEAKER_0,SPEAKER_0,False,2.26,0.82,18,7,6,2,0.8905,0.975,0.8674999999999999,False,False,최근에 건강에 혹시 아픈 곳 있어,배가 아파요.
5194,29,203315,207855,4540,4.54,SPEAKER_0,SPEAKER_0,False,3.3,1.94,28,20,8,7,0.9319999999999999,0.999,0.9755714285714285,False,True,모르겠어요. 마음이 풀려 본 적이 없는 것 같아요.,평소 몇 시에 자고 몇 시에 이러나?
5194,50,346040,350580,4540,4.54,SPEAKER_0,SPEAKER_0,False,1.54,0.5,13,4,4,1,0.99325,0.979,0.994,True,False,친구들이랑 왜 못 놀아?,몰라요.
5194,109,800980,805520,4540,4.54,SPEAKER_0,SPEAKER_0,False,2.42,2.58,24,25,6,6,0.9998333333333334,1.0,0.9906666666666667,True,False,친구가 괴롭히거나 놀릴 때 어떤 기분이었어?,억울하기도 하고 죽고 싶다는 생각도 들었어요.
5194,66,455030,459569,4539,4.539,SPEAKER_0,SPEAKER_0,False,1.54,3.221,11,27,3,6,0.9893333333333333,0.996,0.9225,True,False,왜 불행하다고 느껴?,친구들의 괴롭힘이 세지고 다양해지는 것 같아서요.
5069,48,243705,248230,4525,4.525,SPEAKER_1,SPEAKER_0,True,6.82,1.781,50,13,13,3,0.9649230769230769,0.976,0.999,False,True,매일요. 매일 집이 더러우니까요. 엄마가 걱정되면서 절 안 봐줘서 짜증도 나고 막 그래요.,요즘에 행복하다고 느껴?
3891,47,276800,281315,4515,4.515,SPEAKER_0,SPEAKER_1,True,3.46,1.861,33,16,9,5,0.8871111111111111,0.984,0.9836,True,False,그런 걱정 때문에 불편한 느낌이 일주일에 몇 번이나 될까요?,거의 매일 그러는 것 같아요.
5194,110,808100,812595,4495,4.495,SPEAKER_0,SPEAKER_0,False,2.58,3.3,25,30,6,8,0.9906666666666667,0.998,0.98575,False,True,억울하기도 하고 죽고 싶다는 생각도 들었어요.,괴롭힘 때문에 다쳐서 양호실이나 병원에 간 적도 있어?
3821,62,357655,362130,4475,4.475,SPEAKER_1,SPEAKER_0,True,7.141,5.06,56,47,13,12,0.9921538461538462,0.998,0.9976666666666667,False,True,없어요. 저는 동생들 데리고 깨끗한 곳으로 나가고 싶은 생각뿐이에요. 꿈을 생각하기엔 너무 우울해요.,집에서 나를 주로 돌봐주는 어른은 누구인가요? 집에 돌아갔을 때 항상 집에 계시나요?
3891,51,300870,305345,4475,4.475,SPEAKER_0,SPEAKER_1,True,2.02,0.82,17,9,4,2,0.97575,0.922,0.9855,True,False,어떤 점에서 불행하다고 느껴요?,저는 혼자잖아요.
3891,43,246800,251265,4465,4.465,SPEAKER_0,SPEAKER_1,True,2.341,2.9,20,25,5,6,0.9863999999999999,0.981,0.9748333333333333,True,False,요즘 가장 큰 걱정거리는 무엇인가요?,친구 사귀고 싶은데 방법이 없어서 걱정이에요.
5194,59,410160,414625,4465,4.465,SPEAKER_0,SPEAKER_0,False,1.38,1.7,10,13,3,4,0.9926666666666667,0.996,0.98425,False,True,아침이 오는 거요.,무엇 때문에 걱정이 돼?
0005,55,268340,272800,4460,4.46,SPEAKER_0,SPEAKER_0,False,4.021,1.54,39,13,10,4,0.9211,0.811,0.9702500000000001,False,True,커서 어떤 사람이 되고 싶은지 꿈이 무엇인지 이야기 해줄래요? 의사요.,왜 의사가 되고 싶어요?
5194,25,173325,177785,4460,4.46,SPEAKER_0,SPEAKER_0,False,3.46,2.101,31,19,7,5,0.9895714285714285,1.0,0.9621999999999999,False,True,친구들이 괴롭히는데 저항에도 강도가 높아지는 것 같아요.,짜증이나 화나는 일이 자주 일어나?
0379,17,93150,97609,4459,4.459,SPEAKER_0,SPEAKER_0,False,0.501,3.941,5,25,1,7,0.906,0.906,0.9218571428571428,False,True,피곤해요.,평소 잠들기 힘들거나 잠자는 중간에 자주 깨?
1112,31,194125,198580,4455,4.455,SPEAKER_0,SPEAKER_1,True,3.46,0.821,25,8,7,2,0.9285714285714286,0.61,0.9445,True,False,그럼 엄마는 평소에 어떤 표정을 자주 짓나요?,웃는 표정이요.
1136,76,419135,423560,4425,4.425,SPEAKER_1,SPEAKER_0,True,1.94,3.14,15,25,5,7,0.88,0.972,0.9867142857142858,False,True,한번 정도 있었던 것 같아요,아빠가 집에서 나가라고 하면 내 기분은 어때?
5113,80,439390,443795,4405,4.405,SPEAKER_0,SPEAKER_0,False,3.46,3.86,36,39,9,12,0.8954444444444445,0.875,0.9246666666666666,False,True,아까도 말했던 것 같은데요 엄마가 아무것도 안 하고 이상하다니까요,친구가 뭘 할 때 무조건 안된다고 하거나 무조건 하라고 할 때가 있어?
5194,82,576140,580545,4405,4.405,SPEAKER_0,SPEAKER_0,False,1.46,3.06,11,30,4,9,0.99825,0.996,0.8836666666666667,False,True,두 시간 정도 해요.,어른들이 운동회나 청관 속 같은 학교 행사의 잘 오셔?
0006,92,415900,420285,4385,4.385,SPEAKER_0,SPEAKER_0,False,5.06,3.7,36,30,8,7,0.9725,1.0,0.9628571428571429,True,True,어른들이 쫓아내거나 버리겠다고 말하거나 진짜 쫓아낸 적이 있나요?,없어요. 마음이 힘들 때 누구에게 마음을 이야기하나요?
1112,72,484680,489060,4380,4.38,SPEAKER_0,SPEAKER_1,True,4.18,0.5,34,4,10,1,0.917,0.994,0.861,True,False,옷이나 신발 사이즈가 작은 걸 입거나 신고 다닌 적이 있나요?,아니요.
1112,91,621200,625580,4380,4.38,SPEAKER_0,SPEAKER_1,True,1.3,2.42,11,19,3,4,0.8526666666666667,0.952,0.93675,True,False,네. 누가 그랬나요?,미술학원 차량 운전기사 아저씨가요.
1136,3,17575,21955,4380,4.38,SPEAKER_1,SPEAKER_0,True,0.501,3.06,3,24,1,6,0.639,0.639,0.925,False,True,아니요,요즘 좋아하거나 재밌다고 생각하는 거 있어?
1136,9,51225,55605,4380,4.38,SPEAKER_1,SPEAKER_0,True,2.74,2.5,23,21,6,7,0.9,0.869,0.9349999999999999,False,True,최근에는 부모님이 안 싸워서 기분이 좋아요,평소에 몇 시에 자고 몇 시쯤 일어나?
2315,47,232155,236535,4380,4.38,SPEAKER_0,SPEAKER_0,False,1.3,0.821,10,9,2,2,0.862,0.942,0.968,False,True,걱정거리는 없어요.,요즘 행복한가요?
5069,92,493755,498135,4380,4.38,SPEAKER_0,SPEAKER_1,True,3.7,4.66,34,42,9,13,0.9764444444444444,0.987,0.9263076923076923,False,False,평상시에 어른들이 술을 마시고 집에서 무섭게 행동할 때가 많아,엄마는 가끔 술 먹어요. 근데 혼자 조용히 먹기만 하고 또 안 치우고 그래요
5194,4,29890,34270,4380,4.38,SPEAKER_0,SPEAKER_0,False,2.82,1.78,24,15,7,5,0.9145714285714286,0.972,0.996,True,False,배 전체가 아파 아니면 쿡쿡 쑤시듯이 아파?,배 전체가 아픈 것 같아요.
5194,88,621000,625380,4380,4.38,SPEAKER_0,SPEAKER_0,False,1.221,4.26,9,42,3,11,0.8623333333333333,0.998,0.9375454545454546,False,True,아니요. 그런 적,없어요. 집에서 쫓아내겠다고 말하거나 어디에 가두고 못 나오게 한 적 있어?
1112,68,460470,464845,4375,4.375,SPEAKER_0,SPEAKER_1,True,4.42,0.5,37,4,10,1,0.9433,0.999,0.564,True,False,어디 아픈 곳이 있는데 어른들이 병원에 데려가지 않은 적이 있나요?,아니요.
1112,115,798045,802410,4365,4.365,SPEAKER_0,SPEAKER_1,True,2.9,1.62,22,12,6,3,0.9846666666666667,0.954,0.9903333333333333,True,False,꿈을 꾸고 일어나면 몸 상태가 어떤가요?,몸이 떨려요. 생각하고
2315,42,201760,206125,4365,4.365,SPEAKER_0,SPEAKER_0,False,1.06,1.46,9,14,3,3,0.9833333333333333,0.958,0.9006666666666667,False,True,네 명이 놀아요.,담임 선생님을 좋아하나요?
5194,49,340135,344500,4365,4.365,SPEAKER_0,SPEAKER_0,False,1.3,1.54,12,13,3,4,0.9883333333333333,0.981,0.99325,False,True,친구들이 안 놀아줘요.,친구들이랑 왜 못 놀아?
1112,121,837020,841365,4345,4.345,SPEAKER_0,SPEAKER_1,True,2.821,4.5,24,32,7,8,0.9915714285714285,0.965,0.9884999999999999,True,False,이런 싫은 기억이 떠오를 때 어떻게 하나요?,친구들에게 전화해서 얘기를 하거나 맛있는 걸 먹으러 가요.
1354,83,352690,357025,4335,4.335,SPEAKER_0,SPEAKER_0,False,2.26,3.54,18,35,5,9,0.9982,0.999,0.9163333333333333,True,True,어른들이 집에서 술을 자주 마셔?,아니요. 친구들이 나를 자주 놀리거나 괴롭힌다고 느낀 적 있어?
2560,29,151205,155520,4315,4.315,SPEAKER_1,SPEAKER_0,True,0.5,1.86,9,18,1,6,0.933,0.933,0.9738333333333333,False,True,울그락불그락해요.,왜 그런 표정을 짓는 것 같아요?
3891,39,219820,224135,4315,4.315,SPEAKER_0,SPEAKER_1,True,2.02,1.78,20,12,4,3,0.83525,0.634,0.835,False,False,"담임 선생님을 좋아하나요, 싫어하나요",담임 선생님도 없어요.
1112,103,716075,720375,4300,4.3,SPEAKER_0,SPEAKER_1,True,5.38,0.5,36,4,9,1,0.8592222222222222,0.954,0.901,True,False,집에서 어른들끼리 소리지르면서 싸우는 걸 듣거나 본 적이 있나요?,아니요.
1136,43,236220,240520,4300,4.3,SPEAKER_1,SPEAKER_0,True,2.261,3.22,10,25,2,8,0.937,0.919,0.881625,False,True,한달에 한두번이요.,요즘 행복한 것 같아 아니면 불행한 것 같아?
1786,90,473975,478275,4300,4.3,SPEAKER_0,SPEAKER_0,False,0.5,2.18,4,20,1,5,0.967,0.967,0.9863999999999999,False,True,아니요.,어떨 때 마음이 복잡하거나 힘든가요?
5194,116,854430,858730,4300,4.3,SPEAKER_0,SPEAKER_0,False,2.981,2.98,26,26,8,7,0.8885,0.999,0.9398571428571428,False,True,네. 그때 죽고 싶다는 생각은 해본 적 있어요.,스스로를 아프게 했거나 죽으려고 해본 적 있어?
3821,54,310015,314310,4295,4.295,SPEAKER_1,SPEAKER_0,True,2.42,1.781,19,16,5,3,0.973,0.99,0.8623333333333333,False,True,하루도 안 빠지고 괴롭고 힘들어요.,"요즘 행복한가요, 불행한가요?"
1354,54,223755,228040,4285,4.285,SPEAKER_0,SPEAKER_0,False,2.74,3.38,26,35,8,9,0.99525,0.997,0.9976666666666667,True,True,작은 옷이나 신발을 입거나 신고 다닌 적 있어?,인터넷이나 휴대폰을 가지고 노는 시간은 하루에 몇 시간 정도야?
3242,68,390600,394845,4245,4.245,SPEAKER_0,SPEAKER_0,False,4.42,4.82,34,43,10,10,0.9964,1.0,0.9951,True,True,옷이나 신발 사이즈가 작은 걸 입거나 신고 다닌 적이 있나요?,없어요. 인터넷이나 휴대전화를 가지고 노는 시간은 하루에 몇 시간 정도인가요?
5113,14,74765,79009,4244,4.244,SPEAKER_0,SPEAKER_0,False,1.62,2.901,14,27,3,9,0.9403333333333334,0.826,0.9572222222222222,False,True,학교에서는 밥이 맛있거든요,최근 일주일 동안 짜증이 나 화가 난 적이 있어?
1112,33,204440,208675,4235,4.235,SPEAKER_0,SPEAKER_1,True,2.5,3.62,22,28,6,6,0.9471666666666667,0.695,0.9804999999999999,True,False,엄마가 그런 표정을 짓는 이유가 뭔가요?,뭐든지 항상 수용해 주시고 긍정적인 성격이시거든요.
5069,91,485820,490055,4235,4.235,SPEAKER_1,SPEAKER_0,True,1.54,3.7,16,34,4,9,0.9595,0.846,0.9764444444444444,True,False,엄마랑 아빠는 안 싸우던데요?,평상시에 어른들이 술을 마시고 집에서 무섭게 행동할 때가 많아
5194,34,237395,241620,4225,4.225,SPEAKER_0,SPEAKER_0,False,2.66,0.82,27,6,7,2,0.956,0.998,0.9875,True,False,잠들기 힘들거나 잠자는 중간에 깨는 일이 있을까?,자주 깨요.
1112,61,410205,414425,4220,4.22,SPEAKER_1,SPEAKER_0,True,10.795,2.82,73,26,19,7,0.8933157894736842,0.946,0.964,False,True,엄마 아빠가 모두 의사라서 언니도 그렇고 저도 그렇고 의사가 꿈이에요. 언니도 이때 목표로 공부하고 있구요. 저도 그럴 것 같아요.,집에서 주로 나를 돌봐주는 어른 은 누구인가요?
1112,70,472785,477005,4220,4.22,SPEAKER_0,SPEAKER_1,True,4.98,0.5,38,4,10,1,0.9438,0.999,0.9,True,False,빨래가 되어있지 않아서 더럽고 냄새나는 옷을 입어야 한 적이 있나요?,아니요.
1354,84,360565,364785,4220,4.22,SPEAKER_0,SPEAKER_0,False,3.54,8.905,35,65,9,17,0.9163333333333333,0.998,0.8485294117647059,True,True,아니요. 친구들이 나를 자주 놀리거나 괴롭힌다고 느낀 적 있어?,아니야. 어떨 때 마음이 복잡하거나 힘들어? 가끔 걱정돼야 돼. 스스로 외치고 싶다거나 죽고 싶다고 생각한 적 있어?
1786,76,384695,388915,4220,4.22,SPEAKER_0,SPEAKER_0,False,0.5,4.9,4,51,1,13,0.963,0.963,0.9641538461538461,False,True,없어요.,어른들이 나를 집에서 쫓아내거나 버리겠다고 하거나 어디에 가두고 못 나오게 한 적이 있나요?
2315,51,249850,254070,4220,4.22,SPEAKER_0,SPEAKER_0,False,1.62,1.7,18,17,4,5,0.9864999999999999,0.968,0.9863999999999999,False,True,친구들이랑 노는 게 재미있어서요.,커서 어떤 사람이 되고 싶나요?
5069,95,519625,523845,4220,4.22,SPEAKER_1,SPEAKER_0,True,6.235,1.22,50,14,15,4,0.9462666666666667,0.92,0.9924999999999999,False,False,아니요 애들이 옷에서 냄새 난다고 한 적은 있는데 그 이후로 제 옷은 제가 빨려고 하거든요,어떨 때 마음이 복잡하거나
5113,52,283125,287345,4220,4.22,SPEAKER_0,SPEAKER_0,False,3.7,3.14,34,31,10,8,0.981,0.921,0.9725,False,True,청소도 안 하고 밥도 안 하고 그냥 집에서 가만히만 있어서요.,걱정거리 때문에 불편한 느낌이 일주일에 몇 번 정도일까?
5113,104,579905,584125,4220,4.22,SPEAKER_0,SPEAKER_0,False,2.26,0.74,24,9,6,2,0.931,0.954,0.993,True,False,아니에요 어떨 때 마음이 복잡하거나 힘들어?,엄마 때문이라고요
1354,17,78885,83104,4219,4.219,SPEAKER_0,SPEAKER_0,False,2.02,2.821,17,31,4,8,0.96175,0.999,0.989375,True,True,자요. 일어나면 컨디션이 어때?,괜찮아요. 잠들기 힘들거나 자다 중간에 깨는 경우 있어?
1786,84,441926,446145,4219,4.219,SPEAKER_0,SPEAKER_0,False,6.196,3.781,55,38,14,9,0.8955714285714286,0.961,0.872,True,True,인터넷이나 휴대폰을 통해 성적인 목적으로 내 몸을 영상을 찍어 누구에게 보내거나 올린 적이 있나요?,없어요. 내가 싫다는데도 계속 연락하거나 따라 다니는 사람이 있나요?
2315,59,288415,292634,4219,4.219,SPEAKER_0,SPEAKER_0,False,0.501,3.701,3,34,1,10,0.753,0.753,0.9498,False,True,엄마요,배가 고픈데 먹을 게 없어서 굶은 적이 있나요? 왜 그랬나요?
5069,101,549175,553394,4219,4.219,SPEAKER_1,SPEAKER_0,True,1.541,1.941,14,16,3,6,0.9653333333333334,0.9,0.9691666666666667,False,True,무서워서 하지는 못했어요.,잠잘 때 주로 어떤 꿈을 꿔?
5194,60,416325,420544,4219,4.219,SPEAKER_0,SPEAKER_0,False,1.7,3.301,13,30,4,8,0.98425,0.994,0.993375,True,False,무엇 때문에 걱정이 돼?,아침이 오면 학교에 가야 하거든요. 학교 가기 싫어요.
1354,68,294070,298275,4205,4.205,SPEAKER_0,SPEAKER_0,False,2.26,1.54,20,15,7,5,0.9527142857142857,0.995,0.9440000000000001,True,True,몸을 만진 것 외에 다른 짓도 했어?,이런 일이 여러 번 있었어?
5113,105,584865,589060,4195,4.195,SPEAKER_0,SPEAKER_0,False,0.74,3.94,9,31,2,10,0.993,0.989,0.8834,False,False,엄마 때문이라고요,그럴 때 괴로워서 죽고 싶다는 생각을 한 적 있어? A)
1112,21,126480,130664,4184,4.184,SPEAKER_0,SPEAKER_1,True,3.3,0.741,23,8,7,2,0.9754285714285714,0.9,0.9964999999999999,True,False,아침에 일어났을 때 몸 상태는 좀 어때요?,좋은 편이에요.
2315,30,144290,148474,4184,4.184,SPEAKER_0,SPEAKER_0,False,1.54,2.341,13,23,4,7,0.9745,0.966,0.9268571428571428,False,True,저도 아빠 보면 좋아요.,평소 엄마는 어떤 표정을 찾을 수 있나요?
1136,39,212230,216405,4175,4.175,SPEAKER_1,SPEAKER_0,True,3.54,3.7,29,31,7,7,0.9047142857142857,0.946,0.9907142857142857,False,True,부모님이 제발 안 싸우고 행복하게 살았으면 좋겠어요.,부모님이 싸우셔서 생활이 불편하거나 힘든 부분이 있을까?
3891,49,290135,294290,4155,4.155,SPEAKER_0,SPEAKER_1,True,3.22,0.5,28,5,8,1,0.92025,0.855,0.927,True,False,요즘에 행복한 것 같아요 아니면 불행한 것 같아요?,불행해요.
1112,93,633695,637835,4140,4.14,SPEAKER_0,SPEAKER_1,True,1.62,17.745,14,118,4,35,0.9555,0.84,0.9550857142857143,False,False,그 사람이 어떻게 했나요.,제가 조수석에 앉아 있는데 갑자기 제 입술에다가 자기 입을 갖다 댔어요. 그런 일은 두 번 있었고 다른 한 번은 돈을 만 원 주면서 머리 만지고 볼 잡고 입술을 갖다 댔어요. 저는 싫다고 했는데 억지로 그랬어요.
1112,76,511051,515190,4139,4.139,SPEAKER_0,SPEAKER_1,True,5.621,2.18,43,15,12,4,0.9558333333333333,0.97,0.96425,True,False,어른들이 운동회나 참관 수업 또는 학부모 상담 같은 학교 행사에 잘 오시나요?,바쁘셔서 항상 모시진 못하고
1786,32,160130,164269,4139,4.139,SPEAKER_0,SPEAKER_0,False,1.941,1.621,18,13,6,3,0.988,0.993,0.958,False,True,저에게 또 뭐라고 할까 봐 싫어요,형제자매는 몇 명인가요?
1112,81,557395,561520,4125,4.125,SPEAKER_0,SPEAKER_1,True,7.54,0.5,57,4,14,1,0.96,0.996,0.712,True,False,아니요. 어른들이 나를 집에서 쫓아내거나 버리겠다고 말하거나 어디에 가두고 못 나오게 한 적이 있나요?,아니요.
1112,113,787420,791545,4125,4.125,SPEAKER_0,SPEAKER_1,True,4.18,0.74,33,6,9,2,0.9668888888888889,0.844,0.9335,True,False,잠자는 동안 자주 깨는 이유가 그 힘들었던 경험 때문인가요?,네 맞아요.
1112,119,824795,828920,4125,4.125,SPEAKER_0,SPEAKER_1,True,2.74,2.34,21,18,6,4,0.9248333333333333,0.694,0.82925,True,False,얼마나 자주 그런 기억이 떠오르 나요?,가끔이요. 일 주일에 한두번이요.
0004,68,329486,333610,4124,4.124,SPEAKER_1,SPEAKER_0,True,5.701,5.54,41,39,10,11,0.9759,0.986,0.9773636363636363,False,True,일주일 전에는 커다란 플라스틱 칼로 머리랑 발을 때려서 이마가 찢어졌어요.,내가 원하지 않는데 누가 내 몸을 만지거나 보여달라고 한 적이 있어요?
1112,57,373450,377574,4124,4.124,SPEAKER_1,SPEAKER_0,True,5.3,4.101,40,34,11,9,0.9800909090909091,0.856,0.9176666666666666,False,True,가족들이 기대하는 만큼 제가 멋진 사람이 아닌 것 같아서 너무 속상해요.,커서 어떤 사람이 되고 싶은지 꿈이 무엇인지 이야기해 줄래요?
3891,7,41520,45635,4115,4.115,SPEAKER_1,SPEAKER_0,True,4.02,3.06,36,29,11,9,0.9805454545454545,0.939,0.9416666666666667,False,True,집에서 TV를 봐야 새로운 걸 많이 보고 알 수 있어서 재밌어요.,최근 일주일 동안 짜증이 나 화가 난 적이 있었어요?
1112,109,760150,764264,4114,4.114,SPEAKER_0,SPEAKER_1,True,6.1,1.861,46,14,13,4,0.9539230769230769,0.981,0.8162499999999999,True,False,그렇게 마음이 힘들 때 괴로워서 스스로 해치거나 죽고 싶다는 생각을 한 적 있어요?,아니요 그런 적은 없어요.
5069,29,146610,150724,4114,4.114,SPEAKER_0,SPEAKER_1,True,2.5,3.621,23,32,6,9,0.9775,0.993,0.9853333333333333,True,False,어머니께서 그런 표정을 짓는 이유가 뭘까?,모르겠어요. 밤에 울기만 하고 집 청소도 안 하고 그래요.
2315,97,496505,500610,4105,4.105,SPEAKER_0,SPEAKER_0,False,4.66,2.9,47,25,14,7,0.9606428571428571,0.948,0.9404285714285714,True,True,부모님의 허락 없이 또는 말도 하지 않고 오랫동안 집 밖에 나와 있었던 적이 있나요?,없어요. 친한 친구 중 가출한 친구가 있나요?
5113,117,659775,663879,4104,4.104,SPEAKER_0,SPEAKER_0,False,0.98,2.341,7,20,2,6,0.875,0.765,0.8733333333333333,False,True,가출은 하네요,친한 친구 중에 가출한 친구가 있어?
1112,92,628000,632075,4075,4.075,SPEAKER_1,SPEAKER_0,True,2.42,1.62,19,14,4,4,0.93675,0.891,0.9555,False,False,미술학원 차량 운전기사 아저씨가요.,그 사람이 어떻게 했나요.
0216,66,331810,335870,4060,4.06,SPEAKER_1,SPEAKER_0,True,2.1,3.94,16,32,5,8,0.9521999999999999,0.817,0.893,False,True,저희 부모님은 잘 안 싸워요.,친구들이 나를 자주 놀리거나 괴롭힌다고 느낀 적이 있나요?
0379,1,8100,12160,4060,4.06,SPEAKER_1,SPEAKER_0,True,0.5,1.86,4,13,1,4,0.977,0.977,0.9545,False,True,없어요.,최근에 다친 적이 있어?
1112,54,353115,357175,4060,4.06,SPEAKER_0,SPEAKER_1,True,3.54,0.5,27,5,8,1,0.932375,0.757,0.954,True,False,요즘 행복한 것 같아요 아니면 불행한 것 같아요?,불행해요.
1136,50,276105,280165,4060,4.06,SPEAKER_0,SPEAKER_1,True,1.7,5.38,12,44,4,11,0.93375,0.986,0.9254545454545454,True,False,왜 작가가 되고 싶어?,비스테릿 퍼즐을 풀면서 저만의 이야기를 만들기도 하는데 그걸 글로 써보고 싶어요
3891,46,269280,273340,4060,4.06,SPEAKER_1,SPEAKER_0,True,4.1,3.46,30,33,7,9,0.9014285714285715,0.964,0.8871111111111111,False,True,Tv보면 다들 친구들이랑 노는데 저는 그러지 못해서요.,그런 걱정 때문에 불편한 느낌이 일주일에 몇 번이나 될까요?
3891,50,294790,298850,4060,4.06,SPEAKER_1,SPEAKER_0,True,0.5,2.02,5,17,1,4,0.927,0.927,0.97575,False,True,불행해요.,어떤 점에서 불행하다고 느껴요?
5113,40,224405,228465,4060,4.06,SPEAKER_0,SPEAKER_0,False,3.105,3.06,18,17,5,4,0.7918,0.592,0.9275,False,True,형제 자매는 몇 명이야? 없어요.,친구들이랑은 주로 뭐하고 놀아?
5113,89,486680,490740,4060,4.06,SPEAKER_0,SPEAKER_0,False,1.06,1.78,9,16,3,5,0.9476666666666667,0.937,0.9046,False,False,맞은 적 없어요.,혼날 때는 주로 어떻게 혼나.
1136,95,528335,532394,4059,4.059,SPEAKER_1,SPEAKER_0,True,1.54,5.736,13,50,3,13,0.9133333333333333,0.985,0.9326153846153846,False,True,아니요. 친구들 착해요.,힘들었던 기억이나 괴로운 기분 때문에 스스로를 해치거나 죽고 싶다고 생각해 본 적이 있어?
5194,22,153345,157390,4045,4.045,SPEAKER_0,SPEAKER_0,False,2.901,0.98,26,8,8,2,0.9685,0.977,0.998,True,False,최근 일주일 동안 짜증이나 화가 난 적이 있어?,화가 났었어요.
5069,26,130555,134590,4035,4.035,SPEAKER_0,SPEAKER_0,False,0.981,2.26,7,24,2,6,0.9795,0.959,0.9593333333333334,False,True,기분 나쁘죠.,평소에 어머니는 어떤 표정을 자주 지으셨어?
1112,83,568661,572695,4034,4.034,SPEAKER_0,SPEAKER_1,True,3.541,2.58,28,19,8,4,0.978375,0.951,0.8242499999999999,True,False,마음이 힘들 때 가족에게 내 마음을 이야기 하나요?,아니요 주로 친구들이랑 이야기해요.
1112,35,217175,221200,4025,4.025,SPEAKER_0,SPEAKER_1,True,1.62,9.62,13,63,4,15,0.9175,0.708,0.9414666666666667,True,False,그럼 내 기분은 어때요?,감사해요. 제가 원하는 성적을 받지 못하거나 기대에 부응하지 못하더라도 엄마랑 이야기하면 위로가 되는 것 같아요.
1112,51,330465,334470,4005,4.005,SPEAKER_1,SPEAKER_0,True,0.5,5.54,5,25,1,6,0.952,0.952,0.9343333333333333,False,False,성적이요.,성적 때문에 생활이 불편하거나 힘들어요? 네.
0006,99,450805,454800,3995,3.995,SPEAKER_1,SPEAKER_0,True,0.98,2.74,8,24,2,6,0.769,0.999,0.9895,False,True,"네, 때렸어요.",그 어른이 때리는 이유가 뭐라고 생각하나요?
5113,86,475305,479300,3995,3.995,SPEAKER_0,SPEAKER_0,False,0.5,2.58,6,19,1,6,0.719,0.719,0.982,False,False,친구랑이요.,주위 어른들 중 친구를 때린 사람이
5113,22,125735,129729,3994,3.994,SPEAKER_0,SPEAKER_0,False,1.86,2.181,20,18,7,6,0.9598571428571429,0.811,0.9848333333333333,True,False,보통 몇 시에 자고 몇 시에 일어나?,열 시에 자서 여덟 시에 일어나요
1136,70,390215,394199,3984,3.984,SPEAKER_1,SPEAKER_0,True,3.38,0.741,30,6,8,2,0.975625,0.946,0.7385,False,False,저번에 저한테 꼴도 보기 싫다고 집에서 나가라고 했어요,그래서 집을
0006,11,48065,52045,3980,3.98,SPEAKER_1,SPEAKER_0,True,0.901,1.94,9,15,2,4,0.999,0.998,0.99975,False,True,작년 가을부터요.,왜 즐겁지 않다고 느끼나요?
0379,51,284175,288155,3980,3.98,SPEAKER_0,SPEAKER_1,True,2.58,0.58,22,4,7,2,0.9788571428571429,0.918,0.7925,True,False,어떤 것 때문에 소문 날까 봐 걱정이야?,그 일이
2076,61,263675,267655,3980,3.98,SPEAKER_0,SPEAKER_0,False,2.66,2.82,30,30,9,8,0.9732222222222222,0.992,0.99125,True,True,어른들이 나를 어디 가두고 못 나오게 한 적이 있나요?,아니요. 다른 사람들 앞에서도 혼날 때가 또 있었나요?
2315,19,95295,99275,3980,3.98,SPEAKER_0,SPEAKER_0,False,1.78,1.78,18,19,6,6,0.989,0.955,0.9923333333333333,True,False,몇 시에 자고 몇 시에 일어나요?,열 시에 자고 일곱 시에 일어나요.
3891,36,200845,204825,3980,3.98,SPEAKER_1,SPEAKER_0,True,1.06,1.3,9,10,3,3,0.9993333333333333,0.999,0.987,False,True,저 친구 없어요.,친구가 왜 없어요?
0216,11,50705,54684,3979,3.979,SPEAKER_1,SPEAKER_0,True,1.22,2.581,12,24,3,8,0.5246666666666667,0.797,0.9622499999999999,False,False,tv 보는 괜찮아져요.,우리 친구는 몇 시에 자고 몇 시에 일어나요
1112,63,423410,427389,3979,3.979,SPEAKER_1,SPEAKER_0,True,0.5,4.421,4,30,1,9,0.986,0.986,0.9897777777777778,False,True,엄마요.,학교나 학원 끝나고 집에 가면 집에 항상 누가 있어요?
2560,11,59350,63329,3979,3.979,SPEAKER_1,SPEAKER_0,True,1.861,2.421,16,24,4,7,0.9675,0.956,0.9777142857142858,False,True,스트레스가 풀리는 거 같아요.,최근 일주일 동안 짜증 나는 일이 있었어요?
3821,58,329065,333044,3979,3.979,SPEAKER_1,SPEAKER_0,True,2.66,2.021,23,17,5,5,0.9754,0.892,0.9994,False,True,저랑 동생들을 돌봐주는 어른이 없으니까요.,커서 어떤 사람이 되고 싶어요?
1136,29,157780,161735,3955,3.955,SPEAKER_1,SPEAKER_0,True,1.461,2.66,13,23,3,6,0.9083333333333333,0.753,0.9618333333333333,False,True,있어? 저는 외동이에요.,평소에 친하게 지내는 친구들이 몇 명이야?
2315,78,384465,388419,3954,3.954,SPEAKER_0,SPEAKER_0,False,3.46,2.661,38,16,11,5,0.982,0.993,0.9506,False,True,주위 어른이나 가족 중 나를 때린 적이 있는 사람이 있나요? 없어요.,그럼 혼날 땐 어떻게 혼나요?
1112,117,810510,814455,3945,3.945,SPEAKER_0,SPEAKER_1,True,3.94,5.3,31,38,9,10,0.9653333333333334,0.976,0.8905,True,False,싶지 않은데도 자꾸 안 좋은 기억이 떠오른 적이 있나요?,네. 학원 차에서 억지로 당했던 기억이 원하지 않는데 자꾸 떠올라요.
5113,62,329850,333795,3945,3.945,SPEAKER_0,SPEAKER_0,False,0.98,1.78,10,17,2,5,0.972,0.945,0.9132,False,True,야구가 재미있어요.,주로 나를 돌봐준 어른 누구셔?
1112,111,770685,774600,3915,3.915,SPEAKER_0,SPEAKER_1,True,2.34,5.54,18,41,6,13,0.9843333333333333,0.965,0.9719230769230769,True,False,잠잘 때 주로 어떤 꿈을 꾸나요?,요즘 억지로 누가 내 몸을 만지고 입 맞추려고 하는 기분 나쁜 꿈을 꿔요.
1136,53,297750,301665,3915,3.915,SPEAKER_1,SPEAKER_0,True,0.5,3.38,4,28,1,9,0.68,0.68,0.9563333333333334,False,True,엄마요.,배가 고픈데 집에 먹을 게 없어서 굶은 적이 있어?
1786,52,258585,262500,3915,3.915,SPEAKER_0,SPEAKER_0,False,5.06,5.78,44,34,13,9,0.9619230769230769,0.822,0.9701111111111111,False,False,엄마가 자꾸 이거 해라 저거 해라 하고 소리 지르니까 집에 있어도 편하지 않아요,커서 어떤 사람이 되고 싶은가요? 저 바리스타가 되고 싶어요.
3706,58,255015,258930,3915,3.915,SPEAKER_0,SPEAKER_0,False,2.82,5.38,30,37,9,10,0.9556666666666667,0.928,0.962,False,True,배가 고픈데 먹을 게 없어서 굶은 적 있나요? 아니요.,어디 아픈 곳이 있는데 어른들이 병원에 데려가지 않은 적이 있나요?
0004,25,105785,109685,3900,3.9,SPEAKER_0,SPEAKER_1,True,3.62,3.825,24,28,6,7,0.998,0.997,0.9832857142857143,True,False,평상시에 부모님은 어떤 표정을 자주 지어요?,엄마는 잘 모르겠어요. 저한테 별로 관심이 없어요.
1112,101,702920,706820,3900,3.9,SPEAKER_0,SPEAKER_1,True,4.66,0.5,34,4,7,1,0.9757142857142856,0.995,0.894,True,False,내가 싫다는데도 계속해서 연락하거나 따라다니는 사람이 있나요?,아니요.
3891,3,19955,23855,3900,3.9,SPEAKER_1,SPEAKER_0,True,0.5,1.22,5,12,1,4,0.954,0.954,0.97325,False,True,없었어요.,뭘 할 때가 즐겁나요?
5113,6,40345,44245,3900,3.9,SPEAKER_0,SPEAKER_0,False,1.46,3.301,13,28,3,8,0.9613333333333334,0.992,0.986625,True,False,언제부터 고기가 아팠어?,한 달 넘었어요. 엄마가 음식에 신경을 안 써서요.
5113,79,432030,435930,3900,3.9,SPEAKER_0,SPEAKER_0,False,2.42,3.46,25,36,7,9,0.9648571428571429,0.974,0.8954444444444445,True,False,어떤 부분 때문에 친구의 기분이 안 좋아졌어?,아까도 말했던 것 같은데요 엄마가 아무것도 안 하고 이상하다니까요
5113,103,573745,577645,3900,3.9,SPEAKER_0,SPEAKER_0,False,0.58,2.26,4,24,2,6,0.9015,1.0,0.931,False,True,저 왕따,아니에요 어떨 때 마음이 복잡하거나 힘들어?
1112,65,439486,443385,3899,3.899,SPEAKER_1,SPEAKER_0,True,2.581,3.3,19,25,5,8,0.9624,0.989,0.95425,False,True,"아니요, 가족 모두 각자 바빠서요.",배가 고픈데 먹을 게 없어서 굶은 적 있어요?
3821,31,176106,180005,3899,3.899,SPEAKER_1,SPEAKER_0,True,3.861,1.62,32,13,9,3,0.9838888888888889,0.99,0.9883333333333333,False,True,우리 네 명을 전혀 돌봐주지 않고 내버려둬서 정말 미워요.,혹시 형제자매가 있어요?
3891,42,240560,244459,3899,3.899,SPEAKER_1,SPEAKER_0,True,2.9,2.341,23,20,7,5,0.9287142857142857,0.98,0.9863999999999999,False,True,네. 저 학교 못 다녀서 선생님도 없어요.,요즘 가장 큰 걱정거리는 무엇인가요?
5069,52,260596,264495,3899,3.899,SPEAKER_1,SPEAKER_0,True,2.261,2.66,22,23,5,7,0.9912,0.964,0.9862857142857143,True,True,집이 더럽고 그런데 어떻게 행복하겠어요?,가서 어떤 사람이 되고 싶어? 꿈이 있어?
5194,64,444456,448355,3899,3.899,SPEAKER_0,SPEAKER_0,False,1.781,0.5,12,4,3,1,0.997,0.999,0.984,True,False,요즘 행복하다고 느껴?,아니요.
5113,82,453415,457280,3865,3.865,SPEAKER_0,SPEAKER_0,False,2.66,4.42,27,47,7,12,0.8945714285714286,0.782,0.9061666666666667,False,True,아니요 엄마는 신경도 안 써요. 아빠는 바쁘고요.,어른들이 집에서 쫓아내거나 버리겠다고 말하거나 어딜 가두고 못 나오게 한 적이 있어?
1136,13,72930,76784,3854,3.854,SPEAKER_1,SPEAKER_0,True,1.3,3.141,12,28,4,8,0.804,0.558,0.97425,False,True,아픈 것 없이 괜찮아요,평소에 잠이 들기 힘들거나 중간에 깨는 일이 있니?
1112,10,59875,63710,3835,3.835,SPEAKER_0,SPEAKER_1,True,1.7,5.78,14,42,4,11,0.9319999999999999,0.737,0.8623636363636363,False,False,무엇 때문에 화가 났나요.,시험을 찾는데 원하는 성적이 안 나왔 거든요. 저 스스로한테 짜증이 났어요.
3696,101,456000,459835,3835,3.835,SPEAKER_1,SPEAKER_0,True,0.5,4.74,4,46,1,13,0.958,0.958,0.9733846153846154,False,True,아니요.,부모님의 허락 없이 또는 말도 하지 않고 오랫동안 집에서 나와 있었던 적이 있나요?
3821,80,497115,500950,3835,3.835,SPEAKER_1,SPEAKER_0,True,2.34,6.5,20,60,5,17,0.9986,0.998,0.9920588235294118,False,True,우리를 전혀 돌봐주지 않는 행동이요.,내가 무엇을 하려고 하면 무조건 안 된다고 하지 말라고 하거나 하기 싫은데도 무조건 하라고 할 때가 있나요?
3821,38,218110,221944,3834,3.834,SPEAKER_1,SPEAKER_0,True,1.46,1.941,12,19,3,5,0.9203333333333333,0.964,0.9688,False,True,아니요 그렇진 않아요.,친구들이랑은 주로 뭐 하고 놀아요?
3891,37,206125,209959,3834,3.834,SPEAKER_0,SPEAKER_1,True,1.3,3.221,10,27,3,8,0.987,0.961,0.98675,True,False,친구가 왜 없어요?,삼촌이 나가지 못하게 해서 친구 만들 수 없어요.
3891,21,119400,123225,3825,3.825,SPEAKER_0,SPEAKER_1,True,3.22,3.06,28,27,7,8,0.9588571428571429,0.962,0.993125,True,False,잠들기 힘들거나 잠자는 중간에 깨는 일이 있을까요?,가끔 삼촌이 술 마시고 와서 시끄럽게 하면 깨요.
1112,27,162275,166095,3820,3.82,SPEAKER_0,SPEAKER_1,True,2.5,9.035,22,60,6,16,0.948,0.694,0.9733125,True,False,아빠가 그런 표정을 짓는 이유가 뭔가요?,아빠가 저한테 기대감이 큰데 제가 그 기대감에 충족하지 못하는 경우가 많거든요. 특히 시험 성적 같은 거요.
1112,67,452230,456050,3820,3.82,SPEAKER_1,SPEAKER_0,True,0.501,4.42,4,37,1,10,0.932,0.932,0.9433,False,True,아니요.,어디 아픈 곳이 있는데 어른들이 병원에 데려가지 않은 적이 있나요?
1112,97,675270,679090,3820,3.82,SPEAKER_0,SPEAKER_1,True,5.06,0.5,38,4,11,1,0.9672727272727273,0.998,0.945,True,False,누가 성적인 목적으로 내 몸을 사진 찍거나 동영상 찍은 적이 있나요?,아니요.
2677,0,5300,9120,3820,3.82,SPEAKER_0,SPEAKER_0,False,3.38,2.5,27,20,8,5,0.943875,0.981,0.9666,True,True,최근에 건강한 것 같아? 아니면 아픈 곳이 있어?,건강해요. 최근에 다쳤던 적이 있어?
3821,53,303775,307595,3820,3.82,SPEAKER_0,SPEAKER_1,True,3.54,2.42,29,19,7,5,0.9877142857142857,0.99,0.973,True,False,그 걱정거리 때문에 평소 생활이 불편하거나 힘든가요?,하루도 안 빠지고 괴롭고 힘들어요.
3821,64,376565,380385,3820,3.82,SPEAKER_1,SPEAKER_0,True,6.195,2.821,46,26,11,8,0.9843636363636363,0.999,0.967375,False,True,우리를 돌봐주는 어른은 아무도 없어요. 아빠는 밤늦게 잠깐 들어왔다가 다시 나가요.,배가 고픈데 먹을 게 없어서 굶은 적이 있나요?
3821,87,556110,559930,3820,3.82,SPEAKER_0,SPEAKER_1,True,3.3,0.98,28,8,8,2,0.995875,0.998,0.974,True,False,주위 어른이나 가족 중 나를 때렸던 사람이 있나요?,아니요 없어요.
3891,40,225915,229735,3820,3.82,SPEAKER_1,SPEAKER_0,True,1.78,3.22,12,31,3,8,0.835,0.706,0.952375,False,True,담임 선생님도 없어요.,담임 선생님이 없는 이유도 친구가 없는 이유와 같을까요?
5069,94,509570,513390,3820,3.82,SPEAKER_0,SPEAKER_1,True,3.86,6.235,34,50,9,15,0.9221111111111111,0.898,0.9462666666666667,True,False,친구나 또래가 나를 자주 놀리거나 괴롭힌다고 느낀 적이 있어?,아니요 애들이 옷에서 냄새 난다고 한 적은 있는데 그 이후로 제 옷은 제가 빨려고 하거든요
5113,58,311825,315645,3820,3.82,SPEAKER_0,SPEAKER_0,False,0.98,2.42,12,23,2,7,0.9179999999999999,0.836,0.9702857142857143,False,True,엄마가 이상해졌잖아요.,가서 어떤 사람이 되고 싶어? 꿈이 있어?
5113,63,335575,339395,3820,3.82,SPEAKER_0,SPEAKER_0,False,1.78,3.061,17,29,5,8,0.9132,0.926,0.965125,True,False,주로 나를 돌봐준 어른 누구셔?,엄마가 항상 집에 있는데 돌봐주는 것 같지는 않아요.
0005,1,7860,11679,3819,3.819,SPEAKER_1,SPEAKER_0,True,0.501,1.781,5,15,1,4,0.696,0.696,0.99275,False,True,건강해요.,최근에 다쳤던 적이 있나요?
3891,54,323901,327720,3819,3.819,SPEAKER_1,SPEAKER_0,True,3.701,1.54,30,14,9,4,0.9555555555555556,0.994,0.87125,False,True,아직 잘 모르겠어요. TV 보면 하고 싶은 건 많아요.,해보고 싶은 일이 있나요?
1112,78,527465,531270,3805,3.805,SPEAKER_0,SPEAKER_1,True,3.62,0.5,31,4,8,1,0.949875,0.839,0.691,True,False,부모님이나 선생님 때문에 기분이 안 좋아진 적이 있나요?,아니요.
3821,66,397380,401185,3805,3.805,SPEAKER_1,SPEAKER_0,True,11.22,4.5,91,37,26,10,0.9647692307692308,0.996,0.9843,False,True,집에 먹을 것도 없고 집이 너무 더러워서 거의 항상 동생들을 데리고 편의점에 가서 밥을 먹어요. 돈이 떨어지면 밥을 못 사 먹기도 해요. 일주일에 한 번은 그래요.,어디 아픈 곳이 있는데 어른들이 병원에 데려가지 않은 적이 있나요?
1112,25,151890,155694,3804,3.804,SPEAKER_0,SPEAKER_1,True,4.54,1.061,23,9,6,2,0.9735,0.922,0.985,True,False,평상시에 아빠는 어떤 표정을 자주 짓나요?,실망한 표정이요.
5113,64,342456,346260,3804,3.804,SPEAKER_0,SPEAKER_0,False,3.061,2.58,29,25,8,8,0.965125,0.959,0.934375,False,True,엄마가 항상 집에 있는데 돌봐주는 것 같지는 않아요.,배가 고픈데 먹을 게 없어서 굶은 적이 있어?
1112,19,113945,117740,3795,3.795,SPEAKER_0,SPEAKER_1,True,2.26,2.5,21,22,7,7,0.9874285714285714,0.926,0.9712857142857143,True,False,보통 몇 시에 자고 몇 시에 일어나요?,새벽 한 시에 자고 일곱 시에 일어나요.
1136,21,118116,121910,3794,3.794,SPEAKER_1,SPEAKER_0,True,1.701,2.34,9,18,2,5,0.948,0.927,0.9948,False,True,불편하고 어색해요,엄마는 평소에 어떤 표정을 지어?
1136,62,340615,344400,3785,3.785,SPEAKER_1,SPEAKER_0,True,1.14,3.461,8,29,2,9,0.7035,0.566,0.9743333333333333,False,True,아니요 없어요.,하루에 컴퓨터나 핸드폰을 몇 시간 동안 쓸 수 있어?
5069,45,212996,216780,3784,3.784,SPEAKER_0,SPEAKER_1,True,0.581,10.34,8,66,2,18,0.8500000000000001,0.904,0.9816666666666667,False,False,A) 가족이요.,무엇 때문에 걱정이 되는 것 같아? 엄마나 아빠나 저한테 관심도 없고 그래서요. 엄마는 요즘에 그냥 없는 사람 같아요.
1112,47,306165,309940,3775,3.775,SPEAKER_1,SPEAKER_0,True,0.501,2.421,5,20,1,5,0.561,0.561,0.8732,False,True,좋아해요.,어떤 부분에서 담임 선생님이 좋아요?
3821,36,206235,210010,3775,3.775,SPEAKER_1,SPEAKER_0,True,4.82,3.14,45,27,11,6,0.9793636363636363,0.899,0.9988333333333334,False,True,저희는 사이가 다 좋아요. 아빠가 돌봐주지 않아서 우리끼리 지낼 때가 많으니까요.,평소 아버지가 동생들과 나를 차별한다고 느끼나요?
0379,11,59755,63510,3755,3.755,SPEAKER_1,SPEAKER_0,True,3.7,3.86,29,31,8,9,0.9325,0.952,0.99,False,True,몰라요. 지금 생리하고 있어서 그런 것 같기도 해요.,평소에 짜증이나 화가 났을 때 어떻게 하면 마음이 풀려?
3891,13,77535,81290,3755,3.755,SPEAKER_1,SPEAKER_0,True,4.58,3.7,38,36,10,10,0.9266,0.936,0.9642,False,True,"네. 친구들도 사귀고 싶고, 나가고 싶은데 마음대로 못 나가게 해요.",평소에 그렇게 짜증이나 화가 났을 때 어떻게 하면 마음이 풀려요?
5058,15,49835,53590,3755,3.755,SPEAKER_1,SPEAKER_0,True,3.94,3.14,37,32,9,10,0.9946666666666667,0.983,0.9882,False,True,엄마랑 아빠가 저만 보면 매일 울어서 재미있어지고 싶지 않아졌어요.,최근 일주일 동안 크게 짜증이 났거나 화가 난 적이 있어?
5069,56,279490,283245,3755,3.755,SPEAKER_1,SPEAKER_1,False,3.46,7.781,31,48,8,13,0.9728749999999999,0.948,0.9623846153846154,False,False,우리 담임 선생님처럼 상냥하고 예쁜 사람 하고 싶어서요.,주로 나를 돌봐주는 어른 누구셔? 엄마가 항상 집에 있는데 돌봐주지는 않는 것 같아요.
5113,32,180565,184320,3755,3.755,SPEAKER_0,SPEAKER_0,False,2.5,0.5,21,2,7,1,0.9724285714285714,0.998,0.951,True,False,그 표정을 지을 때 친구 기분은 어때?,마음
5113,109,609335,613090,3755,3.755,SPEAKER_0,SPEAKER_0,False,4.26,3.781,40,36,9,9,0.8911111111111111,0.691,0.9775555555555555,False,False,집이 쓰레기장으로 변하는 꿈이에요 그래서 포크레인이 집을 부수는 꿈꿔요.,그럼 꿈을 꾸는 이유가 무섭거나 끔찍하거나 힘들었던 경험 때문이야
3821,86,549056,552810,3754,3.754,SPEAKER_1,SPEAKER_0,True,1.941,3.3,19,28,5,8,0.92,1.0,0.995875,False,True,아니요. 아무에게도 할 수 없어요.,주위 어른이나 가족 중 나를 때렸던 사람이 있나요?
0004,50,219485,223230,3745,3.745,SPEAKER_1,SPEAKER_0,True,0.5,2.18,4,18,1,4,0.873,0.873,0.999,False,True,아니요.,불행하다고 느끼는 이유가 뭘까요?
2315,52,255770,259515,3745,3.745,SPEAKER_0,SPEAKER_0,False,1.7,1.541,17,14,5,4,0.9863999999999999,0.946,0.8734999999999999,True,False,커서 어떤 사람이 되고 싶나요?,여행 가이드가 되고 싶어요
0379,3,17305,21045,3740,3.74,SPEAKER_1,SPEAKER_0,True,0.5,1.78,4,15,1,5,0.994,0.994,0.9136,False,True,없어요.,친구는 뭐 할 때가 즐거워?
1786,20,107950,111690,3740,3.74,SPEAKER_0,SPEAKER_0,False,0.98,2.58,8,24,2,6,0.985,0.992,0.9595,False,True,그렇진 않아요.,평상시에 아버지는 어떤 표정을 자주 짓나요?
1786,86,452500,456240,3740,3.74,SPEAKER_0,SPEAKER_0,False,0.5,3.46,4,33,1,9,0.984,0.984,0.9577777777777777,False,True,아니요.,가족들끼리 소리 지르면서 싸우는 걸 듣거나 본 적이 있어요?
3696,97,438845,442585,3740,3.74,SPEAKER_0,SPEAKER_0,False,0.5,2.1,4,18,1,6,0.999,0.999,0.9883333333333333,False,True,없어요.,잠잘 때 주로 어떤 꿈을 꾸나요?
3821,70,432295,436035,3740,3.74,SPEAKER_1,SPEAKER_0,True,6.955,3.86,55,33,17,10,0.945,0.998,0.994,False,True,항상 그래요. 옷뿐만 아니라 저희 내면 다 씻지도 못 찬 채로 매일 같은 옷만 입고 지내고 있어요.,옷이나 신발 크기가 작은 걸 입거나 신고 다닌 적이 있나요?
3891,5,29120,32860,3740,3.74,SPEAKER_1,SPEAKER_0,True,1.14,1.22,8,12,3,3,0.9716666666666667,0.978,0.9876666666666667,False,True,TV 볼 때요.,어떤 점이 즐거운가요?
5113,65,348840,352580,3740,3.74,SPEAKER_0,SPEAKER_0,False,2.58,3.54,25,30,8,9,0.934375,0.938,0.8706666666666667,True,False,배가 고픈데 먹을 게 없어서 굶은 적이 있어?,네 엄마가 밥을 안 해놓고 설거지도 쌓여 있고 그래요.
5113,91,499135,502875,3740,3.74,SPEAKER_0,SPEAKER_0,False,3.38,5.78,31,54,7,14,0.9071428571428571,0.747,0.9485,False,True,아무도 안 혼내요. 학교에서는 잘못하면 선생님이 벌져요.,조금 예민한 질문인데 친구가 원하지 않는데도 누군가 친구 몸을 만지거나 보여달라고 한 적 있었어?
0379,62,352430,356169,3739,3.739,SPEAKER_0,SPEAKER_1,True,2.98,6.741,23,45,7,10,0.8688571428571429,0.922,0.9049,False,False,집에서 주로 나를 돌봐 주는 어른은 누구야,부모님이 퇴근하시기 전까지는 가정부 아줌마가 돌봐 주세요. 두 분이 맞벌이셔서요.
2560,10,53750,57489,3739,3.739,SPEAKER_0,SPEAKER_1,True,1.14,1.861,11,16,3,4,0.9953333333333333,0.991,0.9675,True,False,어떤 점이 즐거워요?,스트레스가 풀리는 거 같아요.
2560,96,484861,488600,3739,3.739,SPEAKER_0,SPEAKER_1,True,3.221,0.66,31,7,8,2,0.98925,0.995,0.999,True,False,친구들이 나를 자주 놀리거나 괴롭힌다고 느낀 적 있어요?,친구들이랑 잘
3891,48,283176,286915,3739,3.739,SPEAKER_1,SPEAKER_0,True,1.861,3.22,16,28,5,8,0.9836,0.978,0.92025,False,True,거의 매일 그러는 것 같아요.,요즘에 행복한 것 같아요 아니면 불행한 것 같아요?
5036,38,164011,167750,3739,3.739,SPEAKER_1,SPEAKER_0,True,1.381,2.5,12,19,2,5,0.864,0.744,0.964,False,True,저희한테 다정하시거든요,요즘 우리 친구 걱정거리가 있을까?
5113,110,616871,620610,3739,3.739,SPEAKER_0,SPEAKER_0,False,3.781,4.66,36,46,9,12,0.9775555555555555,0.949,0.9090833333333334,False,False,그럼 꿈을 꾸는 이유가 무섭거나 끔찍하거나 힘들었던 경험 때문이야,엄마가 이렇게 청소 안 하고 그러다가 집이 쓰레기장이 되면 어떻게 하지 걱정돼서요.
1786,96,506365,510060,3695,3.695,SPEAKER_0,SPEAKER_0,False,3.22,1.94,32,18,8,6,0.94,0.991,0.9941666666666666,False,True,너무 스트레스 받으면 제 머리카락을 막 뽑아서 뜯어버려요.,잠잘 때 주로 어떤 꿈을 꾸나요?
5113,113,638365,642060,3695,3.695,SPEAKER_0,SPEAKER_0,False,4.5,3.22,39,34,9,9,0.9681111111111111,0.961,0.9426666666666667,False,True,집이 부서지니까 도망치다가 깨거든요. 그래서 심장이 너무 빨리 뛰어요.,생각하고 싶지 않은데도 자꾸 안 좋은 기억이 떠오른다고 있어?
1136,23,128250,131944,3694,3.694,SPEAKER_0,SPEAKER_0,False,1.78,2.581,16,21,4,7,0.98125,0.938,0.9624285714285714,False,True,엄마는 저한테 많이 웃어줘요.,엄마는 왜 웃는 표정을 짓는 것 같아?
1112,49,318840,322525,3685,3.685,SPEAKER_1,SPEAKER_0,True,1.38,2.26,8,17,2,5,0.873,0.938,0.9611999999999999,False,True,예쁘고 착해요.,요즘 제일 걱정되는 게 뭐예요?
3891,35,196100,199785,3685,3.685,SPEAKER_0,SPEAKER_1,True,2.1,1.06,19,9,5,3,0.9862,0.988,0.9993333333333333,True,False,친구들이랑은 주로 뭐 하고 놀아요?,저 친구 없어요.
5069,46,227120,230805,3685,3.685,SPEAKER_1,SPEAKER_0,True,10.34,3.06,66,30,18,8,0.9816666666666667,0.989,0.9535,False,True,무엇 때문에 걱정이 되는 것 같아? 엄마나 아빠나 저한테 관심도 없고 그래서요. 엄마는 요즘에 그냥 없는 사람 같아요.,걱정거리 때문에 불편한 느낌이 일주일에 몇 번 정도일까
0379,41,221450,225125,3675,3.675,SPEAKER_1,SPEAKER_0,True,1.14,2.18,13,21,3,5,0.902,0.974,0.9402,False,False,"아니요, 저 외동이에요.",친구들이랑 주로 뭐하고 놀아? 남자친구
2315,15,73995,77670,3675,3.675,SPEAKER_0,SPEAKER_0,False,1.54,1.54,16,14,5,4,0.892,0.998,0.8474999999999999,True,False,짜증 나는 일이 자주 있나요?,일주일에 한두 번 정도요.
3821,25,141900,145575,3675,3.675,SPEAKER_1,SPEAKER_0,True,2.661,2.58,22,22,5,6,0.9818,0.993,0.9936666666666667,False,True,힘들고 중간에도 깨요. 막내가 울어서요.,평소 아버지는 어떤 표정을 자주 짓나요?
3821,88,560910,564585,3675,3.675,SPEAKER_1,SPEAKER_0,True,0.98,5.22,8,42,2,11,0.974,0.996,0.9922727272727273,False,True,아니요 없어요.,내가 원하지 않는데도 누군가가 내 몸을 만지거나 보여달라고 한 적이 있나요?
5113,107,596760,600435,3675,3.675,SPEAKER_0,SPEAKER_0,False,1.38,1.78,12,15,3,6,0.904,0.813,0.9075,True,False,죽고 싶지는 않은데요?,잠잘 때 주로 어떤 꿈을 꿔
3821,61,346841,350514,3673,3.673,SPEAKER_0,SPEAKER_1,True,3.861,7.141,31,56,8,13,0.92825,0.998,0.9921538461538462,True,False,나중에 하고 싶은 일이 없을지 한번 생각해보면 어떨까요?,없어요. 저는 동생들 데리고 깨끗한 곳으로 나가고 싶은 생각뿐이에요. 꿈을 생각하기엔 너무 우울해요.
1112,23,139165,142830,3665,3.665,SPEAKER_0,SPEAKER_1,True,4.82,3.06,32,21,9,6,0.9484444444444444,0.944,0.9764999999999999,False,False,평소에 잠들기 힘들거나 잠 자는 도중에 자주 깨기도 해요.,네. 다시 잠들기는 하지만 자주 깨요.
1112,106,734260,737925,3665,3.665,SPEAKER_1,SPEAKER_0,True,0.5,5.96,4,20,1,5,0.96,0.96,0.987,False,True,아니요.,어떨 때 마음이 복잡하거나 힘든가요?
0006,146,672130,675790,3660,3.66,SPEAKER_1,SPEAKER_0,True,0.98,7.3,8,56,2,14,0.995,0.99,0.994,False,True,무서운 꿈이요.,"아까 잠들기 힘들거나 중간에 깬 이유가 무섭거나 힘든 경험 때문인가요, 아니면 다른 기억 때문인가요?"
0379,7,36960,40620,3660,3.66,SPEAKER_1,SPEAKER_0,True,1.381,3.54,11,25,3,8,0.99,0.996,0.89325,False,True,그냥 만나면 좋아요.,최근 일주일 동안 짜증이나 화가 난 적 있어?
1136,19,108195,111855,3660,3.66,SPEAKER_1,SPEAKER_0,True,3.7,2.261,29,19,9,6,0.9123333333333333,0.904,0.9201666666666667,False,True,잘 모르겠어요 그냥 항상 화랑 불만이 많은 것 같아요,그런 아빠를 보면 내 기분이 어때?
1786,61,306575,310235,3660,3.66,SPEAKER_0,SPEAKER_0,False,0.98,4.58,9,46,3,13,0.922,0.77,0.949076923076923,False,False,그런 적은 없어요,어디 아픈 곳이 있는데 어른들이 병원에 데려가지 않은 적이 있나요 몇 번이나 있나요
3821,85,543455,547115,3660,3.66,SPEAKER_0,SPEAKER_1,True,2.58,1.941,27,19,7,5,0.9867142857142858,0.911,0.92,True,False,마음이 힘들 때 가족에게 내 마음을 이야기하나요?,아니요. 아무에게도 할 수 없어요.
3821,93,596375,600035,3660,3.66,SPEAKER_0,SPEAKER_1,True,3.94,0.5,34,4,7,1,0.999,1.0,0.919,True,False,내가 싫다는데도 계속해서 연락하거나 따라다니는 사람이 있나요?,아니요.
5113,101,562690,566350,3660,3.66,SPEAKER_0,SPEAKER_0,False,1.46,3.78,12,34,4,9,0.94,0.891,0.9747777777777777,False,True,아니요 술은 안 드세요,친구나 또래가 나를 자주 놀리거나 괴롭힌다고 느낀 적이 있어?
1136,33,180410,184069,3659,3.659,SPEAKER_1,SPEAKER_0,True,2.26,2.181,17,15,4,4,0.81625,0.907,0.978,False,True,같이 미스테리 퍼즐하면서 놀아요,담임 선생님이랑은 잘 지내?
1136,82,453410,457069,3659,3.659,SPEAKER_1,SPEAKER_0,True,0.501,4.341,4,36,1,10,0.899,0.899,0.9601,False,True,아니요.,집에서 어른들끼리 소리 지르면서 싸우는 걸 듣거나 본 적이 있어?
2315,45,222061,225720,3659,3.659,SPEAKER_0,SPEAKER_0,False,3.301,1.94,30,17,8,4,0.89825,0.676,0.96425,False,True,마니토놀이 같은 것도 하고 재밌는 놀이를 많이 하셔서요,요즘 걱정하는 것은 무엇인가요?
2315,92,469350,473009,3659,3.659,SPEAKER_0,SPEAKER_0,False,0.5,2.101,4,18,1,6,0.888,0.888,0.977,False,True,아니요.,잠잘 때 주로 어떤 꿈을 꾸나요?
2560,73,361820,365479,3659,3.659,SPEAKER_1,SPEAKER_0,True,1.14,3.701,12,31,3,8,0.956,0.895,0.978625,False,True,많이 하면 잔소리해요.,부모님이나 선생님 때문에 슬프거나 화가 난 적이 있어요?
1136,93,518100,521755,3655,3.655,SPEAKER_1,SPEAKER_0,True,0.5,3.62,4,33,1,8,0.763,0.763,0.92125,False,True,아니요.,친구들이 나를 지나치게 놀리거나 따돌린다고 느낀 적이 있어?
5113,98,543380,547035,3655,3.655,SPEAKER_0,SPEAKER_0,False,4.101,4.74,36,45,10,12,0.8871,0.938,0.9749166666666667,True,False,집에서 어른들끼리 소리 지르면서 싸우는 걸 듣거나 본 적이 있어?,아빠가 엄마한테 왜 그러냐고 그러는 거 듣기는 했는데 싸우는 것 같지는 않았어요.
0379,5,27785,31420,3635,3.635,SPEAKER_1,SPEAKER_0,True,1.78,1.62,11,13,3,4,0.9626666666666667,0.91,0.97975,False,True,친구들이랑 놀 때요.,어떤 점이 즐거운 거야?
1136,26,144205,147840,3635,3.635,SPEAKER_0,SPEAKER_1,True,2.1,1.78,17,13,5,3,0.9,0.959,0.9349999999999999,True,False,그런 엄마를 보면 기분이 어때?,간지럽고 기분이 좋아요.
5113,92,508655,512280,3625,3.625,SPEAKER_0,SPEAKER_0,False,5.78,2.82,54,29,14,8,0.9485,0.939,0.84725,True,True,조금 예민한 질문인데 친구가 원하지 않는데도 누군가 친구 몸을 만지거나 보여달라고 한 적 있었어?,왜 이상한 거 물어봐요? 아무도 그런 사람 없는데요?
1136,41,226665,230280,3615,3.615,SPEAKER_1,SPEAKER_0,True,4.021,2.42,31,20,7,6,0.9259999999999999,0.996,0.8916666666666666,False,True,엄마랑 아빠가 싸우면 긴장되고 답답해서 마음이 힘들어요.,한달에 부모님이 몇 번 정도 싸우셔?
1136,78,432380,435985,3605,3.605,SPEAKER_1,SPEAKER_0,True,3.3,2.9,27,19,7,5,0.9854285714285714,0.965,0.971,False,True,무서워서 심장이 두근거리고 말을 할 수가 없어요.,주변 어른들한테 맞은 경험이 있어?
2076,20,79245,82850,3605,3.605,SPEAKER_0,SPEAKER_0,False,2.1,3.86,21,37,6,9,0.9826666666666667,0.993,0.893,True,True,아침에 일어났을 때 몸 상태는 어때요?,괜찮아요 평소에 잠들기 힘들다거나 잠자는 중간에 자주 깨진 않나요?
2076,52,216505,220110,3605,3.605,SPEAKER_0,SPEAKER_0,False,4.661,6.5,45,70,11,18,0.9776363636363636,0.956,0.963,True,True,옷이나 신발 사이즈가 작아서 불편한 적이 있어요? 있다면 기간은 어느 정도였나요?,없어요. 인터넷이나 휴대폰을 가지고 노는 시간은 하루에 몇 시간 정도 인가요? 너무 많이 한다고 어른들이 뭐라고 안 하시나요?
2315,80,396600,400195,3595,3.595,SPEAKER_0,SPEAKER_0,False,3.3,4.18,30,44,8,12,0.947375,0.678,0.9470833333333333,False,False,잘못한 점에 대해서 말해주시고 고칠 수 있게 해주세요.,내가 원하지 않는데도 누가 내 몸을 만지거나 보여달라고 한 적 있어요? 아니요.
3821,59,335065,338660,3595,3.595,SPEAKER_0,SPEAKER_1,True,2.021,0.98,17,9,5,2,0.9994,0.999,0.773,True,False,커서 어떤 사람이 되고 싶어요?,없어요. 몰라요.
3891,32,182166,185760,3594,3.594,SPEAKER_1,SPEAKER_0,True,4.341,1.38,39,13,9,3,0.9727777777777777,0.965,0.9726666666666667,False,True,사이는 친하고 좋은데요. 가끔 나가고 싶다고 말하면 삼촌이 무서워져요.,형제자매는 몇 명이에요?
1112,30,187085,190665,3580,3.58,SPEAKER_1,SPEAKER_0,True,4.855,3.46,36,25,9,7,0.9581111111111111,0.867,0.9285714285714286,False,True,죄송스러워요. 저는 더 잘하고 싶은데 그게 마음대로 안 되거든요.,그럼 엄마는 평소에 어떤 표정을 자주 짓나요?
1786,38,186340,189920,3580,3.58,SPEAKER_0,SPEAKER_0,False,3.06,2.02,19,19,6,4,0.9826666666666667,0.967,0.8767499999999999,False,False,주로 몇 명이 놀아요? 다섯 명이요,담임 선생님을 좋아하나요 싫어하나요
2560,25,132550,136130,3580,3.58,SPEAKER_1,SPEAKER_0,True,1.541,1.94,14,18,3,6,0.9973333333333333,0.997,0.9003333333333333,False,True,저한테 엄격하게 대하세요.,그 표정을 볼 때 기분이 어때요?
2560,104,525585,529165,3580,3.58,SPEAKER_0,SPEAKER_1,True,1.301,0.5,11,5,3,1,0.9883333333333333,0.973,0.994,True,False,꿈꾸고 나면 어때요?,괜찮아요.
3821,76,475870,479450,3580,3.58,SPEAKER_1,SPEAKER_0,True,3.3,3.541,31,31,10,8,0.9953,0.995,0.99625,False,True,그런 게 있는지도 모를 거예요. 단 한 번도 안 왔어요.,부모님이나 선생님 때문에 기분이 안 좋아진 적이 있어요?
5069,58,296160,299740,3580,3.58,SPEAKER_0,SPEAKER_1,True,2.58,2.66,25,25,8,7,0.96025,0.988,0.8708571428571429,True,False,배가 고픈데 먹을 게 없어서 굶은 적이 있어?,먹을 거는 집에 있어요. 아니면 시켜 죽어요.
5194,106,763185,766765,3580,3.58,SPEAKER_0,SPEAKER_0,False,0.5,3.3,1,21,1,4,0.494,0.494,0.9904999999999999,False,True,반,친구들이요. 어떻게 놀리거나 괴롭혔어?
0379,15,83275,86854,3579,3.579,SPEAKER_1,SPEAKER_0,True,1.38,2.581,14,20,4,6,0.97925,0.989,0.9856666666666667,False,True,자고 여덟 시에 일어나요.,아침에 일어났을 때 몸 상태는 어때?
1112,6,32550,36129,3579,3.579,SPEAKER_0,SPEAKER_1,True,2.58,8.901,18,66,6,21,0.9795,0.985,0.9719523809523809,False,False,드럼 칠 때 어떤 점이 즐거운가요,드럼을 배운 지가 일 년 정도 되었 는데 드럼 칠 때 느껴지는 그 진동이랑 가슴을 울리는 것 같은 큰 소리들이 좋아요.
2315,48,237356,240935,3579,3.579,SPEAKER_0,SPEAKER_0,False,0.821,0.5,9,1,2,1,0.968,0.947,0.59,True,False,요즘 행복한가요?,네
5036,0,3780,7359,3579,3.579,SPEAKER_0,SPEAKER_0,False,2.74,1.461,19,14,6,4,0.9933333333333333,0.996,0.99725,True,True,최근 건강은 어때? 아픈 곳 있어?,없어요. 다친 곳은 있어?
3821,94,600535,604110,3575,3.575,SPEAKER_1,SPEAKER_0,True,0.5,4.02,4,34,1,9,0.919,0.919,0.9615555555555556,False,True,아니요.,가족들끼리 소리를 지르면서 싸우는 걸 듣거나 본 적이 있나요?
1112,40,261471,265044,3573,3.573,SPEAKER_0,SPEAKER_1,True,3.141,11.381,23,76,6,20,0.9565,0.75,0.95025,True,False,부모님이 언니랑 나를 차별하는 것 같아요?,"네, 언니가 공부를 잘하거든요. 이번에도 전교 일 등 했어요. 그래서 그런지 엄마 아빠가 언니를 훨씬 더 예뻐하고 언니한테 더 관대해요."
0379,63,362910,366475,3565,3.565,SPEAKER_1,SPEAKER_0,True,6.741,3.06,45,24,10,8,0.9049,0.906,0.944875,False,True,부모님이 퇴근하시기 전까지는 가정부 아줌마가 돌봐 주세요. 두 분이 맞벌이셔서요.,배가 고픈데 먹을 게 없어서 굶은 적 있어?
5113,1,12340,15895,3555,3.555,SPEAKER_0,SPEAKER_0,False,1.14,1.06,9,11,3,3,0.5813333333333334,0.599,0.961,False,True,배가 자주 아파요,어디가 어떻게 아파?
0379,101,593280,596805,3525,3.525,SPEAKER_0,SPEAKER_1,True,4.58,0.5,35,4,10,1,0.9819,0.997,0.997,True,False,집에서 어른들끼리 소리 지르면서 싸우는 걸 듣거나 본 적 있어?,없어요.
0004,62,287350,290865,3515,3.515,SPEAKER_1,SPEAKER_0,True,0.98,4.34,8,31,3,8,0.9776666666666667,0.938,0.997375,False,True,거의 안 와요.,부모님이나 선생님 때문에 슬프거나 화가 난 적이 있어요?
1136,32,174635,178150,3515,3.515,SPEAKER_0,SPEAKER_1,True,2.58,2.26,20,17,5,4,0.9636,0.99,0.81625,True,False,그 친구들이랑은 평소에 뭐하고 놀아?,같이 미스테리 퍼즐하면서 놀아요
3821,52,296720,300235,3515,3.515,SPEAKER_1,SPEAKER_0,True,10.66,3.54,84,29,22,7,0.9604090909090909,0.999,0.9877142857142857,False,True,집이 점점 더 더러워지고 있고 집 안에 쓰레기도 너무 많아져서 우리가 지내기가 너무 힘들어요. 그리고 제가 학교에 오면 막내를 돌봐줄 사람이 없어서요.,그 걱정거리 때문에 평소 생활이 불편하거나 힘든가요?
3891,17,103065,106580,3515,3.515,SPEAKER_1,SPEAKER_0,True,2.9,1.7,28,16,9,5,0.9621111111111111,0.968,0.9692,False,False,밤 열 한 시에 자서요. 아침 아홉 시에 일어나요.,아침에 일어났을 때 몸 상태는
5069,61,313985,317500,3515,3.515,SPEAKER_1,SPEAKER_0,True,2.66,4.9,24,48,7,14,0.9528571428571428,0.976,0.9650714285714286,False,True,병원은 갔었어요. 근데 제가 잘 안 아파요.,더럽고 냄새나는 옷을 입어야 한 적이 있거나 작은 옷이나 신발을 신고 다닌 적이 있어?
0004,24,98665,102165,3500,3.5,SPEAKER_1,SPEAKER_0,True,2.26,3.62,10,24,3,6,0.995,0.985,0.998,False,True,새벽에 자주 깨요.,평상시에 부모님은 어떤 표정을 자주 지어요?
0004,35,152525,156025,3500,3.5,SPEAKER_1,SPEAKER_0,True,0.9,1.14,7,10,2,2,0.7290000000000001,0.806,0.8805000000000001,False,True,숨고 싶어요.,형제자매가 있어요?
0184,103,496545,500045,3500,3.5,SPEAKER_1,SPEAKER_1,False,3.94,2.18,33,18,9,5,0.9339999999999999,0.994,0.9968,False,True,아니요. 우리 애들 다 착하고 재밌어요. 아무도 안 그래요.,어떨 때 마음이 힘들거나 복잡해?
0379,95,557510,561010,3500,3.5,SPEAKER_0,SPEAKER_0,False,10.736,4.74,73,33,21,7,0.9585238095238096,0.668,0.9637142857142857,False,True,누가 내 신체 부위를 사진이나 영상으로 찍어서 보내주면 돈을 준다고 한 적이 있거나 그런 걸 보내서 돈을 받은 적이 있어? 없어요.,내가 싫다는데도 계속해서 연락하거나 따라다니는 사람이 있어?
0379,102,597305,600805,3500,3.5,SPEAKER_1,SPEAKER_0,True,0.5,3.861,4,30,1,8,0.997,0.997,0.99525,False,True,없어요.,친구들이 나를 자주 놀리거나 괴롭힌다고 느낀 적 있어?
1136,25,138605,142105,3500,3.5,SPEAKER_1,SPEAKER_0,True,1.86,2.1,14,17,4,5,0.915,0.731,0.9,False,True,엄마는 제가 예쁘고 좋대요,그런 엄마를 보면 기분이 어때?
1136,48,265660,269160,3500,3.5,SPEAKER_0,SPEAKER_1,True,2.02,2.421,16,22,5,6,0.9798,0.978,0.9565,True,False,커서 어떤 사람이 되고 싶어?,미스터리 처서를 쓰는 작가가 되고 싶어요
1136,97,542290,545790,3500,3.5,SPEAKER_1,SPEAKER_0,True,2.26,2.181,18,16,6,6,0.8076666666666666,0.73,0.977,False,True,아니요 그런 생각해 본 적 없어요,요즘은 잘 때 무슨 꿈을 꿔?
1354,28,120190,123690,3500,3.5,SPEAKER_0,SPEAKER_1,True,1.461,0.5,9,4,2,1,0.8115,0.682,0.706,True,False,형제자매가 있어?,아니요.
2315,0,1700,5200,3500,3.5,SPEAKER_0,SPEAKER_0,False,0.901,0.66,10,7,2,2,0.9535,0.935,0.722,True,False,최근에 건강한가요?,네 건강해요.
2315,40,192400,195900,3500,3.5,SPEAKER_0,SPEAKER_0,False,2.42,1.38,21,12,6,4,0.9236666666666666,0.841,0.9924999999999999,False,True,문구점 구경 가서 팬도 써보고 놀아요.,주로 몇 명이 놀아요?
2560,81,408470,411970,3500,3.5,SPEAKER_1,SPEAKER_0,True,0.5,2.58,4,26,1,7,0.999,0.999,0.9614285714285714,False,True,없어요.,마음이 힘들 때 가족에게 내 마음을 이야기해요?
3242,63,364505,368005,3500,3.5,SPEAKER_1,SPEAKER_0,True,0.5,4.1,4,37,1,10,0.975,0.975,0.9882,False,True,아니요.,어디 아픈 곳이 있는데 어른들이 병원에 데려가지 않은 적이 있나요?
3821,37,213150,216650,3500,3.5,SPEAKER_0,SPEAKER_1,True,3.14,1.46,27,12,6,3,0.9988333333333334,1.0,0.9203333333333333,True,False,평소 아버지가 동생들과 나를 차별한다고 느끼나요?,아니요 그렇진 않아요.
3821,89,569805,573305,3500,3.5,SPEAKER_0,SPEAKER_1,True,5.22,1.54,42,13,11,4,0.9922727272727273,0.991,0.9724999999999999,True,False,내가 원하지 않는데도 누군가가 내 몸을 만지거나 보여달라고 한 적이 있나요?,아니요 그런 적 없어요.
3891,2,15955,19455,3500,3.5,SPEAKER_0,SPEAKER_1,True,2.26,0.5,21,5,5,1,0.8754000000000001,0.921,0.954,True,False,최근에 다친 적이 있었나요? 없었나요?,없었어요.
5069,40,191670,195170,3500,3.5,SPEAKER_0,SPEAKER_0,False,0.5,0.5,6,4,1,1,0.878,0.878,0.947,True,False,좋아하시러?,좋아요.
5069,64,334215,337715,3500,3.5,SPEAKER_1,SPEAKER_1,False,1.3,12.436,11,87,3,27,0.9586666666666667,0.881,0.9395555555555556,True,False,얼마나 자주 그랬어?,엄마가 집 청소 안 한지는 일 년 넘은 것 같아요 빨래도 너무 많이 쌓여 있고 집도 너무 냄새 나서 제가 조금씩 하는데 그래도 똑같아요 너무 스트레스 받아요
3821,68,414801,418300,3499,3.499,SPEAKER_1,SPEAKER_0,True,6.896,4.34,59,39,17,11,0.9848823529411764,1.0,0.9741818181818181,False,True,아빠가 집에 잘 없으니까 동생들이나 제가 아플 때 병원에 데려가 줄 수 있는 사람이 없어요. 항상 그래요.,빨래가 되어 있지 않아서 더럽고 냄새나는 옷을 입어야 한 적이 있나요?
0006,102,465620,469104,3484,3.484,SPEAKER_1,SPEAKER_0,True,4.421,2.981,43,23,12,6,0.9756666666666667,0.996,0.9986666666666667,False,True,차 안 청소하라고 해서 하다가 동전 찾았는데 엄마한테 말 안 하고 가져가서요.,그 어른이 어느 부위를 무엇으로 때렸나요?
5113,30,168590,172065,3475,3.475,SPEAKER_0,SPEAKER_0,False,2.42,2.98,23,27,6,7,0.9705,0.887,0.9685714285714285,True,False,아버지께서 그런 표정을 짓는 이유가 뭘까?,새벽에 일하고 그러니까 힘들어서 그런 것 같아요.
5113,111,625270,628745,3475,3.475,SPEAKER_0,SPEAKER_0,False,4.66,2.26,46,20,12,6,0.9090833333333334,0.897,0.9561666666666666,False,True,엄마가 이렇게 청소 안 하고 그러다가 집이 쓰레기장이 되면 어떻게 하지 걱정돼서요.,꿈을 꾸고 일어나면 몸 상태가 어때?
0006,15,67980,71435,3455,3.455,SPEAKER_1,SPEAKER_0,True,1.38,1.3,11,9,4,3,0.9695,0.998,0.9963333333333333,False,True,화가 난 적 있어요.,왜 화가 났나요?
1786,34,168370,171825,3455,3.455,SPEAKER_0,SPEAKER_0,False,0.5,1.94,4,17,1,5,0.859,0.859,0.8948,False,True,없어요.,친구들과 주로 뭐 하고 놀아요?
2560,12,65750,69195,3445,3.445,SPEAKER_0,SPEAKER_1,True,2.421,2.34,24,19,7,5,0.9777142857142858,0.978,0.9116,True,False,최근 일주일 동안 짜증 나는 일이 있었어요?,엄마의 잔소리가 심해서 짜증 나요.
3821,30,168810,172245,3435,3.435,SPEAKER_0,SPEAKER_1,True,3.461,3.861,30,32,8,9,0.98425,0.876,0.9838888888888889,True,False,몰라요. 아빠의 그런 표정을 보면 어떤 기분이 들어요?,우리 네 명을 전혀 돌봐주지 않고 내버려둬서 정말 미워요.
3821,84,537440,540875,3435,3.435,SPEAKER_1,SPEAKER_0,True,1.06,2.58,10,27,3,7,0.997,0.992,0.9867142857142858,False,True,그런 적은 없어요.,마음이 힘들 때 가족에게 내 마음을 이야기하나요?
0379,34,190210,193644,3434,3.434,SPEAKER_1,SPEAKER_0,True,0.98,1.141,8,21,2,6,0.9019999999999999,0.982,0.8628333333333333,False,False,항상 웃으세요.,왜 웃으시는 것 같아? 글쎄요. 고용주
3316,80,265320,268745,3425,3.425,SPEAKER_0,SPEAKER_0,False,3.541,4.1,34,44,7,11,0.996,1.0,0.959,True,True,내가 싫다는데도 계속해서 연락하거나 따라다니는 사람이 있나요?,없을걸요? 시설에서 어른들끼리 소리 지르면서 싸우는 걸 듣거나 본 적이 있나요?
1112,42,281690,285110,3420,3.42,SPEAKER_0,SPEAKER_1,True,2.34,2.74,17,21,4,6,0.8612500000000001,0.738,0.9586666666666667,False,False,친구들이랑은 주로 뭐하고 놀아요,떡볶이 먹으러 가거나 영화 보러 가요.
1786,15,79750,83170,3420,3.42,SPEAKER_0,SPEAKER_0,False,2.5,1.78,25,18,6,6,0.9138333333333334,0.955,0.9958333333333333,False,True,친구들이랑 같이 마라탕 사 먹으면서 떠들어요.,몇 시에 자고 몇 시에 일어나요?
1786,57,289600,293020,3420,3.42,SPEAKER_0,SPEAKER_0,False,0.501,2.82,5,27,1,8,0.969,0.969,0.99575,False,True,엄마예요.,학교나 학원 끝나고 집에 가면 항상 누가 있나요?
2315,1,5860,9280,3420,3.42,SPEAKER_0,SPEAKER_0,False,0.66,1.62,7,15,2,4,0.722,0.812,0.948,False,True,네 건강해요.,최근에 다친 적이 있었나요?
2315,41,197280,200700,3420,3.42,SPEAKER_0,SPEAKER_0,False,1.38,1.06,12,9,4,3,0.9924999999999999,0.99,0.9833333333333333,True,False,주로 몇 명이 놀아요?,네 명이 놀아요.
2315,54,265855,269275,3420,3.42,SPEAKER_0,SPEAKER_0,False,1.94,1.54,17,15,5,4,0.9762,0.891,0.9465,True,False,왜 여행 가이드가 되고 싶나요?,여러 나라에 가보고 싶어서요
2315,68,335320,338740,3420,3.42,SPEAKER_0,SPEAKER_0,False,3.3,1.061,37,9,9,3,0.9961111111111111,0.976,0.9596666666666667,True,False,인터넷이나 휴대폰을 가지고 노는 시간은 하루에 몇 시간 정도인가요?,두 시간 정도요.
2315,83,420490,423910,3420,3.42,SPEAKER_0,SPEAKER_0,False,1.06,3.14,9,32,3,7,0.9876666666666667,0.99,0.9701428571428572,False,True,그런 적 없어요.,내가 싫어하는데도 계속 연락하거나 따라다닌 사람이 있나요?
2560,22,118415,121835,3420,3.42,SPEAKER_0,SPEAKER_1,True,1.7,0.98,16,8,4,2,0.9510000000000001,0.804,0.9590000000000001,False,False,평소 아버지는 어떤 표정이에요,엄한 표정이요.
2560,28,147285,150705,3420,3.42,SPEAKER_0,SPEAKER_1,True,1.78,0.5,17,9,4,1,0.966,0.874,0.933,True,False,평소 어머니는 어떤 표정이에요?,울그락불그락해요.
2560,88,435270,438690,3420,3.42,SPEAKER_1,SPEAKER_0,True,0.5,4.421,5,40,1,11,0.997,0.997,0.9969090909090909,False,True,혼내세요.,내가 원하지 않는데 누군가가 내 몸을 만지거나 보여달라고 한 적 있어요?
3242,59,342315,345735,3420,3.42,SPEAKER_1,SPEAKER_0,True,1.86,5.3,19,41,4,10,0.97075,0.958,0.976,False,True,그래서 우리 선생님을 혼내주려고요.,나를 주로 돌봐주는 어른은 누구인가요? 시설에 돌아가실 때 항상 계시나요?
3821,72,446070,449490,3420,3.42,SPEAKER_1,SPEAKER_0,True,3.221,3.78,29,38,7,9,0.9791428571428571,0.981,0.9995555555555555,False,True,항상 그래요. 크기도 계절도 맞지 않는 것들뿐이에요.,인터넷이나 휴대전화를 가지고 노는 시간은 하루에 몇 시간 정도인가요?
3891,6,34080,37500,3420,3.42,SPEAKER_0,SPEAKER_1,True,1.22,4.02,12,36,3,11,0.9876666666666667,0.968,0.9805454545454545,True,False,어떤 점이 즐거운가요?,집에서 TV를 봐야 새로운 걸 많이 보고 알 수 있어서 재밌어요.
3891,24,137350,140770,3420,3.42,SPEAKER_1,SPEAKER_0,True,2.82,2.34,24,22,8,5,0.92325,0.997,0.839,False,True,"일주일에 세 번, 네 번은 그런 것 같아요.",평상시에 삼촌은 어떤 표정을 찾으신나요?
3891,27,152085,155505,3420,3.42,SPEAKER_0,SPEAKER_1,True,2.42,3.38,22,30,6,9,0.9768333333333333,0.9,0.966,True,False,삼촌은 왜 무서운 표정을 자주 지을까요?,말 잘 들으면 잘 웃어주세요. 말 안 들으면 무섭고요.
5113,4,29850,33270,3420,3.42,SPEAKER_0,SPEAKER_0,False,3.22,2.26,29,19,8,5,0.95125,0.982,0.901,True,False,일주일에 몇 번 정도 아팠어? 이전에도 자주 아팠어?,자주요. 일주일에 두 번은 아파요.
5113,28,157950,161370,3420,3.42,SPEAKER_0,SPEAKER_0,False,2.34,1.62,23,14,6,4,0.9691666666666666,0.838,0.9844999999999999,True,False,평소에 아버지는 어떤 표정을 자주 지우셔?,아빠는 좀 힘들어 보여요.
5113,69,380370,383790,3420,3.42,SPEAKER_0,SPEAKER_0,False,4.58,1.62,48,11,14,4,0.9525714285714286,0.797,0.882,True,False,더럽고 냄새나는 옷을 입어야 한 적이 있거나 작은 옷이나 신발을 신고 다닌 적이 있어?,네 옷에서 냄새 나요
0379,113,670161,673580,3419,3.419,SPEAKER_0,SPEAKER_1,True,4.341,2.66,33,22,9,7,0.9551111111111111,0.879,0.9262857142857143,False,False,"""생각하고 싶지 않은데도 자꾸 그 기억이 떠오른 적 있어?""",하루에 한 번은 생각이 나는 것 같아요.
1136,11,63490,66909,3419,3.419,SPEAKER_1,SPEAKER_0,True,3.14,2.261,26,18,9,5,0.9596666666666667,0.792,0.9898,False,True,밤 열 시에 일찍 자고 아침 일곱 시에 일어나요,아침에 일어나면 몸 상태가 어때?
1136,28,152900,156319,3419,3.419,SPEAKER_0,SPEAKER_1,True,0.5,1.461,5,13,1,3,0.84,0.84,0.9083333333333333,False,False,형제자매가,있어? 저는 외동이에요.
1786,48,237421,240840,3419,3.419,SPEAKER_0,SPEAKER_0,False,1.621,2.421,18,21,5,6,0.9088,0.661,0.9396666666666667,False,True,일주일에 세 번 이상은 힘들어요.,요즘 행복한 것 같나요 그렇지 않나요?
3731,53,237915,241334,3419,3.419,SPEAKER_0,SPEAKER_0,False,3.221,3.461,32,36,9,11,0.9786666666666667,0.994,0.9927272727272727,True,True,몸이 아플 때 어른들이 병원에 데려가지 않았던 적이 있어?,아니요. 깨끗하지 않은 옷이나 안 맞는 옷을 입고 다닌 적 있어?
3891,29,164791,168210,3419,3.419,SPEAKER_0,SPEAKER_1,True,2.581,2.661,24,21,7,6,0.9848571428571429,0.994,0.9476666666666667,True,False,삼촌이 그런 표정을 지을 때 기분이 어때요?,"웃을 땐 저도 웃지만 무서워요, 삼촌."
5113,18,96685,100104,3419,3.419,SPEAKER_0,SPEAKER_0,False,3.62,1.381,34,13,10,4,0.8858,0.561,0.98325,False,True,집에 가면 밥도 제대로 없고 곰팡이 파 있고 그래서 짜증나요.,그런 일이 자주 일어나?
1112,44,291370,294785,3415,3.415,SPEAKER_0,SPEAKER_1,True,1.62,0.74,11,7,4,2,0.9492499999999999,0.816,0.9119999999999999,False,False,주로 몇 명이 놀아요,다섯 명이요.
1112,59,388395,391810,3415,3.415,SPEAKER_1,SPEAKER_0,True,1.22,2.58,10,21,3,6,0.7986666666666666,0.693,0.9958333333333333,False,True,의사가 될 거예요.,왜 의사가 되고 싶다는 생각을 했어요?
1112,53,346170,349575,3405,3.405,SPEAKER_1,SPEAKER_0,True,3.221,3.54,23,27,6,8,0.8391666666666666,0.999,0.932375,False,True,일주일에 한두 번 정도 문득문득 힘들어요.,요즘 행복한 것 같아요 아니면 불행한 것 같아요?
0004,45,192875,196270,3395,3.395,SPEAKER_1,SPEAKER_0,True,1.06,2.98,8,18,2,5,0.886,0.983,0.996,False,True,착하고 예뻐요.,요즘 가장 큰 걱정거리가 뭐예요?
3821,46,258555,261950,3395,3.395,SPEAKER_1,SPEAKER_0,True,4.82,2.421,39,18,9,5,0.9955555555555555,0.99,0.9828,False,True,우리한테 관심이 많아서요. 우리 아빠도 선생님 같은 사람이면 좋겠어요.,요즘 가장 큰 걱정거리는 뭐예요?
5113,68,372395,375790,3395,3.395,SPEAKER_0,SPEAKER_0,False,7.06,4.58,59,48,16,14,0.9644375,0.992,0.9525714285714286,False,True,병원은 갔었어요. 근데 병원 가도 약 먹으려면 밥을 먹어야 하는데 밥이 상해서 또 먹으면 배탈라고 그래요.,더럽고 냄새나는 옷을 입어야 한 적이 있거나 작은 옷이나 신발을 신고 다닌 적이 있어?
1112,102,707320,710695,3375,3.375,SPEAKER_1,SPEAKER_0,True,0.5,5.38,4,36,1,9,0.894,0.894,0.8592222222222222,False,True,아니요.,집에서 어른들끼리 소리지르면서 싸우는 걸 듣거나 본 적이 있나요?
5113,25,140870,144235,3365,3.365,SPEAKER_0,SPEAKER_0,False,0.82,3.78,6,36,2,10,0.8705,0.928,0.9333,False,True,그냥 그래요,평소에 잠이 들기 힘들거나 잠자는 중간에 자주 깨는 경우가 있어?
3242,13,77975,81330,3355,3.355,SPEAKER_1,SPEAKER_0,True,2.9,3.301,23,34,6,10,0.993,0.976,0.9435,False,True,엊그제 선생님이 저를 다치게 한 뒤부터요.,뒤부터요. 최근 일주일 동안 짜증이 나 화가 난 적이 있나요?
3821,17,92430,95785,3355,3.355,SPEAKER_0,SPEAKER_1,True,3.86,6.1,31,50,9,14,0.973,0.999,0.9987857142857143,True,False,평소 짜증이나 화가 났을 때 어떻게 하면 마음이 풀려요?,동생들이 맨날 울어서 마음이 안 풀려요. 이 집에서 동생들을 데리고 나가야 할 것 같아요.
3891,55,329260,332615,3355,3.355,SPEAKER_0,SPEAKER_1,True,1.54,4.18,14,38,4,10,0.87125,0.992,0.95,True,False,해보고 싶은 일이 있나요?,이것저것 다 해보고 싶어요. 근데 마음대로 나갈 수가 없어서 못해요.
5113,5,35530,38885,3355,3.355,SPEAKER_0,SPEAKER_0,False,2.26,1.46,19,13,5,3,0.901,0.953,0.9613333333333334,False,True,자주요. 일주일에 두 번은 아파요.,언제부터 고기가 아팠어?
2560,64,313440,316794,3354,3.354,SPEAKER_1,SPEAKER_0,True,1.22,3.221,9,29,3,8,0.9953333333333333,0.987,0.925125,False,True,병원 바로 가요.,빨래가 안된 더럽거나 냄새나는 옷을 입은 적 있어요?
5069,72,384220,387574,3354,3.354,SPEAKER_0,SPEAKER_1,True,2.34,3.941,25,25,7,8,0.977,0.988,0.993875,True,False,어떤 부분 때문에 친구의 기분이 안 좋아졌어?,엄마가 청소를 안 해서요. 제 말에 신경도 안
5113,7,47546,50900,3354,3.354,SPEAKER_0,SPEAKER_0,False,3.301,1.46,28,14,8,4,0.986625,0.991,0.9915,False,True,한 달 넘었어요. 엄마가 음식에 신경을 안 써서요.,최근에 다친 적이 있었어?
0005,76,383585,386925,3340,3.34,SPEAKER_0,SPEAKER_0,False,5.025,5.94,35,52,9,14,0.9266666666666666,0.451,0.9746428571428571,False,True,할아버지나 선생님 때문에 기분이 안 좋아진 적이 있나요? 아니요,내가 무엇을 하려고 하면 무조건 안된다고 하거나 하기 싫은데도 무조건 하라고 할 때가 있나요?
0379,50,278255,281595,3340,3.34,SPEAKER_1,SPEAKER_0,True,1.46,2.58,14,22,4,7,0.957,0.993,0.9788571428571429,False,True,소문 날까 봐 걱정이에요.,어떤 것 때문에 소문 날까 봐 걱정이야?
1136,31,168715,172055,3340,3.34,SPEAKER_1,SPEAKER_0,True,2.021,2.58,15,20,4,5,0.9319999999999999,0.944,0.9636,False,True,친구 두명이랑 친하게 지내요,그 친구들이랑은 평소에 뭐하고 놀아?
2560,23,122815,126155,3340,3.34,SPEAKER_1,SPEAKER_0,True,0.98,1.86,8,18,2,6,0.9590000000000001,0.936,0.8653333333333333,False,True,엄한 표정이요.,왜 그런 표정을 짓는 거 같아요?
2560,54,264505,267845,3340,3.34,SPEAKER_0,SPEAKER_0,False,0.82,2.1,8,17,2,5,0.977,0.957,0.9946,False,True,패션 유튜버요.,왜 패션 유튜버가 되고 싶어요?
2560,101,511430,514770,3340,3.34,SPEAKER_1,SPEAKER_0,True,1.78,1.941,18,17,5,6,0.897,0.934,0.967,False,True,아니요. 그런 생각은 안 했어요.,잠잘 때 주로 어떤 꿈을 꿔요?
2674,76,429310,432650,3340,3.34,SPEAKER_1,SPEAKER_0,True,9.455,6.181,83,52,24,14,0.9211666666666667,0.884,0.9463571428571429,False,True,"네, 할아버지가 늦게 들어왔다고 뭐라 해서 기분이 안 좋았어요. 다른 친구들은 통금이 열한 시인데, 저만 일곱 시인 게 만 일곱 시인 게 짜증 나요.",내가 무엇을 하려고 하면 무조건 안된다고 하거나 하기 싫은데도 무조건 하라고 할 때가 있나요?
3821,16,85230,88570,3340,3.34,SPEAKER_1,SPEAKER_0,True,6.34,3.86,39,31,10,9,0.9532,0.993,0.973,False,True,네 항상 그랬어요. 시간이 지날수록 집도 동생들도 상태가 더 나빠져요.,평소 짜증이나 화가 났을 때 어떻게 하면 마음이 풀려요?
3821,60,339640,342980,3340,3.34,SPEAKER_1,SPEAKER_0,True,0.98,3.861,9,31,2,8,0.773,0.891,0.92825,False,True,없어요. 몰라요.,나중에 하고 싶은 일이 없을지 한번 생각해보면 어떨까요?
3891,18,108280,111620,3340,3.34,SPEAKER_0,SPEAKER_0,False,1.7,0.98,16,8,5,2,0.9692,0.887,0.894,False,False,아침에 일어났을 때 몸 상태는,어때요? 나쁘지
3891,22,126285,129625,3340,3.34,SPEAKER_1,SPEAKER_0,True,3.06,2.181,27,21,8,6,0.993125,0.983,0.9481666666666666,False,True,가끔 삼촌이 술 마시고 와서 시끄럽게 하면 깨요.,그런 일이 일주일에 몇 번이나 있어요?
3891,106,628200,631540,3340,3.34,SPEAKER_0,SPEAKER_1,True,2.18,1.78,23,21,6,6,0.8543333333333334,0.603,0.9183333333333333,True,False,그런 기억이 일주일에 몇 번이나 생각나요?,일주일에 세 번은 생각나는 것 같아요.
5113,21,120535,123875,3340,3.34,SPEAKER_0,SPEAKER_0,False,2.02,1.86,17,20,4,7,0.84875,0.512,0.9598571428571429,False,True,게임하거나 노래 듣거나 그래요.,보통 몇 시에 자고 몇 시에 일어나?
5113,36,201885,205225,3340,3.34,SPEAKER_0,SPEAKER_0,False,2.42,3.62,23,31,6,8,0.9453333333333334,0.92,0.948,True,False,어머니께서 그런 표정을 짓는 이유가 뭘까?,모르겠어요. 어느 순간부터 말도 안 걸고 반응도 없어요.
5113,67,361995,365335,3340,3.34,SPEAKER_0,SPEAKER_0,False,3.3,7.06,33,59,9,16,0.984,0.952,0.9644375,True,False,아픈 곳이 있는데 어른들이 병원에 데려가지 않은 적이 있어?,병원은 갔었어요. 근데 병원 가도 약 먹으려면 밥을 먹어야 하는데 밥이 상해서 또 먹으면 배탈라고 그래요.
0004,37,159885,163224,3339,3.339,SPEAKER_1,SPEAKER_0,True,0.5,2.101,4,17,1,4,0.975,0.975,0.919,False,True,없어요.,친구들이랑 주로 뭐 하오노라요?
0379,42,227305,230644,3339,3.339,SPEAKER_0,SPEAKER_1,True,2.18,4.341,21,25,5,5,0.9402,0.959,0.8006,False,False,친구들이랑 주로 뭐하고 놀아? 남자친구,이야기하고 좋아하는 아이돌 이야기하고 그래요.
2315,11,54610,57949,3339,3.339,SPEAKER_0,SPEAKER_0,False,2.42,1.461,24,17,9,4,0.9,0.966,0.9425,False,False,최근 일 주일 동안 짜증이 나 화가 난 적이,"있었나요? 네, 짜증이 났어요."
2315,28,134370,137709,3339,3.339,SPEAKER_0,SPEAKER_0,False,1.54,2.021,15,23,4,7,0.971,0.889,0.9895714285714285,False,True,저를 보면 기분이 좋아서요.,그런 표정을 볼 때 나는 기분이 어떤가요?
2560,102,516711,520049,3338,3.338,SPEAKER_0,SPEAKER_1,True,1.941,1.381,17,11,6,4,0.967,0.972,0.94075,True,False,잠잘 때 주로 어떤 꿈을 꿔요?,기억이 잘 안 나요.
1136,68,379660,382995,3335,3.335,SPEAKER_1,SPEAKER_0,True,2.66,2.1,21,16,6,5,0.9813333333333334,0.925,0.971,False,True,아빠를 생각하면 종종 화가 나고 슬퍼요,아빠의 어떤 행동이 화가 나?
1136,83,461410,464745,3335,3.335,SPEAKER_0,SPEAKER_0,False,4.341,6.34,36,35,10,11,0.9601,0.996,0.9112727272727272,True,True,집에서 어른들끼리 소리 지르면서 싸우는 걸 듣거나 본 적이 있어?,네. 부모님이 싸우는 걸 종종 봐요. 한 달에 몇 번 싸우시니?
3821,90,574845,578180,3335,3.335,SPEAKER_1,SPEAKER_0,True,1.54,7.3,13,65,4,18,0.9724999999999999,0.994,0.9910555555555556,False,True,아니요 그런 적 없어요.,나의 신체 부위를 사진 영상을 찍어 어디에 올리거나 보낸 적이 있나요? 아니면 누가 그렇게 해달라고 한 적이 있나요?
5113,20,115180,118515,3335,3.335,SPEAKER_0,SPEAKER_0,False,10.5,2.02,70,17,21,4,0.9435238095238095,0.943,0.84875,True,False,네 엄마가 집에 신경을 안 쓴지 오래됐어요. 네 달은 된 것 같아요. 평소에 짜증이나 화가 났을 때 어떻게 하면 마음이 풀려?,게임하거나 노래 듣거나 그래요.
5113,37,208845,212180,3335,3.335,SPEAKER_0,SPEAKER_0,False,3.62,2.42,31,21,8,7,0.948,0.985,0.9578571428571429,False,True,모르겠어요. 어느 순간부터 말도 안 걸고 반응도 없어요.,그 표정을 지을 때 친구 기분은 어때?
5113,56,302870,306205,3335,3.335,SPEAKER_0,SPEAKER_0,False,0.5,2.98,3,14,1,4,0.736,0.736,0.9984999999999999,False,True,아니요,어떤 점에서 그렇게 느껴?
0379,80,465645,468970,3325,3.325,SPEAKER_0,SPEAKER_1,True,0.9,0.5,7,7,2,1,0.996,0.997,0.852,True,False,누가 그랬어?,남자친구가요.
3821,73,453270,456595,3325,3.325,SPEAKER_0,SPEAKER_1,True,3.78,6.82,38,52,9,15,0.9995555555555555,0.998,0.9744666666666667,True,False,인터넷이나 휴대전화를 가지고 노는 시간은 하루에 몇 시간 정도인가요?,저는 애들 돌보느라 할 시간이 없어요. 둘째가 뭐라 하는 사람 없으니까 하루 종일 하긴 해요.
3891,28,158885,162210,3325,3.325,SPEAKER_1,SPEAKER_0,True,3.38,2.581,30,24,9,7,0.966,0.959,0.9848571428571429,False,True,말 잘 들으면 잘 웃어주세요. 말 안 들으면 무섭고요.,삼촌이 그런 표정을 지을 때 기분이 어때요?
3242,72,421920,425235,3315,3.315,SPEAKER_1,SPEAKER_1,False,4.661,4.66,33,37,8,10,0.94425,0.992,0.993,False,True,대부분은 바빠서 못 오시고 중요한 일은 전화로 상담하신대요.,시설 선생님이나 학교 선생님 때문에 기분이 안 좋아진 적이 있나요?
5069,69,370485,373800,3315,3.315,SPEAKER_1,SPEAKER_0,True,2.98,3.061,28,27,9,8,0.9228888888888889,0.953,0.97175,False,True,아니요 일 년 전부터는 엄마가 한 번도 안 왔어요.,주변 어른들 때문에 기분이 안 좋아진 적이 있어?
2674,50,277831,281135,3304,3.304,SPEAKER_1,SPEAKER_0,True,6.821,3.701,50,27,12,7,0.9884999999999999,0.992,0.9814285714285714,False,True,할아버지가 저를 통제하는 게 더 심해지는 것 같아서요. 답답하고 언제까지 이럴지 걱정돼요.,걱정 때문에 생활이 좀 불편하거나 힘들진 않나요?
0379,25,147235,150530,3295,3.295,SPEAKER_1,SPEAKER_0,True,5.62,3.86,35,23,9,6,0.9482222222222222,0.997,0.9595,False,True,'힘든가 보다. 나는 커서 안 힘들고 싶다.' 이렇게 생각해요.,평상시에 엄마는 어떤 표정을 자주 지으셨?
1112,12,74210,77505,3295,3.295,SPEAKER_0,SPEAKER_1,True,1.54,7.94,13,55,4,16,0.972,0.908,0.9696875,False,False,그런 일이 자주 일어나요,네. 제가 공부는 열심히 하는데 머리가 안 좋은 것 같아요. 목표한 성적이 나온 적이 별로 없어요.
2677,30,160035,163319,3284,3.284,SPEAKER_1,SPEAKER_0,True,4.02,3.301,31,26,8,7,0.930375,0.808,0.932,False,True,사이 별로예요. 서로 관심도 없고 딱히 신경 안쓰거든요.,부모님이 언니랑 나를 차별한다고 느낀 적 있어?
3821,20,117150,120425,3275,3.275,SPEAKER_1,SPEAKER_0,True,7.54,2.02,56,16,16,5,0.995875,0.996,0.9992,False,False,잠을 많이 못 자요. 집이 너무 더럽고 막내 기저귀도 갈아줘야 해서요. 하루에 다섯 시간도 못 자요.,아침에 일어났을 때 몸 상태는
3821,33,192380,195655,3275,3.275,SPEAKER_1,SPEAKER_0,True,7.781,1.06,58,8,16,2,0.9465625,0.997,0.9924999999999999,False,False,네. 저까지 네 명이에요. 바로 아래는 남동생 그리고 여동생이 두 명 있어요. 막내는 이제 세 살이에요.,동생들과 사이는
3821,98,622705,625980,3275,3.275,SPEAKER_1,SPEAKER_0,True,0.5,2.181,4,20,1,5,0.979,0.979,0.998,False,True,없어요.,어떨 때 마음이 복잡하거나 힘든가요?
0006,103,472085,475345,3260,3.26,SPEAKER_0,SPEAKER_1,True,2.981,2.18,23,14,6,4,0.9986666666666667,0.994,0.99375,True,False,그 어른이 어느 부위를 무엇으로 때렸나요?,팔이랑 다리랑 몸 전부요.
0184,39,170610,173870,3260,3.26,SPEAKER_1,SPEAKER_0,True,3.62,3.301,31,29,9,8,0.9883333333333333,0.958,0.983625,False,True,제가 들어와서 손 안 씻고 바로 동생 만지면 잔소리예요.,잔소리할 때 표정이나 웃는 표정을 보면 기분이 어때?
0379,14,78635,81895,3260,3.26,SPEAKER_0,SPEAKER_1,True,2.66,1.38,23,14,8,4,0.95175,0.979,0.97925,False,False,몇 시에 자고 몇 시에 일어나? 열한 시에,자고 여덟 시에 일어나요.
0379,19,109475,112735,3260,3.26,SPEAKER_1,SPEAKER_0,True,5.38,3.3,36,23,11,6,0.9396363636363636,0.99,0.9851666666666666,False,True,"그렇지는 않고, 꿈을 너무 많이 꿔서 잔 것 같지 않고 피곤해요.",평상시에 아빠는 어떤 표정을 자주 지으셔?
1112,4,23295,26555,3260,3.26,SPEAKER_0,SPEAKER_1,True,0.9,1.94,6,14,3,4,0.9783333333333333,0.976,0.9,False,False,뭘 할 때가,즐거워요? 드럼 칠 때요.
1112,34,212295,215555,3260,3.26,SPEAKER_1,SPEAKER_0,True,3.62,1.62,28,13,6,4,0.9804999999999999,0.972,0.9175,False,True,뭐든지 항상 수용해 주시고 긍정적인 성격이시거든요.,그럼 내 기분은 어때요?
1136,7,39010,42270,3260,3.26,SPEAKER_1,SPEAKER_0,True,2.74,3.54,21,30,6,9,0.9518333333333333,0.963,0.8626666666666667,False,True,오래 고민하면 답이 보이는 점이 좋아요,최근 일주일 동안 크게 화를 내거나 짜증낸 적이 있어?
1136,17,96280,99540,3260,3.26,SPEAKER_1,SPEAKER_0,True,2.74,2.82,23,23,6,8,0.8743333333333333,0.925,0.973,False,True,미안해를 찌푸리고 화를 내는 표정을 지어요,아빠는 왜 화가 난 표정을 짓는 것 같아?
1136,35,190105,193365,3260,3.26,SPEAKER_1,SPEAKER_0,True,1.78,2.34,12,17,4,5,0.72975,0.67,0.9686,False,True,네 담임 선생님 좋아요,담임 선생님의 어떤 점이 좋아?
1786,99,526465,529725,3260,3.26,SPEAKER_0,SPEAKER_0,False,7.925,4.26,57,43,14,12,0.9830714285714286,0.963,0.9910833333333333,False,True,생각하고 싶지 않은데도 자꾸 나쁜 기억이 떠오른 적이 있나요? 얼마나 자주 그런가요? 그렇지는 않아요.,부모님의 허락 없이 또는 말도 없이 오랫동안 집에서 나와 있었던 적이 있나요?
2076,47,194380,197640,3260,3.26,SPEAKER_0,SPEAKER_0,False,2.58,3.86,26,43,8,11,0.993625,0.999,0.9658181818181818,True,True,배가 고픈데 먹을 게 없어서 굶은 적이 있나요?,"아니요. 어디 아픈 곳이 있는데, 어른들이 병원에 데려가지 않은 적이 있나요?"
2315,34,164400,167660,3260,3.26,SPEAKER_0,SPEAKER_0,False,2.02,2.1,17,23,5,7,0.9132,0.94,0.9878571428571429,False,True,저랑 이야기하는 게 좋나 봐요.,그런 표정을 볼 때 나는 기분이 어떤가요?
2315,65,318125,321385,3260,3.26,SPEAKER_0,SPEAKER_0,False,0.5,4.74,4,46,1,12,0.95,0.95,0.98925,False,True,없어요.,작은 옷이나 신발을 입거나 신고 다닌 적이 있나요? 그랬다면 얼마나 오래 그랬나요?
2315,88,450300,453560,3260,3.26,SPEAKER_0,SPEAKER_0,False,1.38,1.86,15,17,4,5,0.81375,0.974,0.9684,False,True,아니요 아무도 안 괴롭혀요.,어떨 때 복잡한 마음이 드나요?
2560,8,43095,46355,3260,3.26,SPEAKER_0,SPEAKER_1,True,0.98,3.461,11,24,4,6,0.99025,0.994,0.949,True,False,뭘 할 때 즐거워요?,친구들하고 연락하거나 웹툰 드라마 볼 때요.
2674,56,311265,314525,3260,3.26,SPEAKER_1,SPEAKER_0,True,5.38,4.1,42,34,9,9,0.9531111111111111,0.992,0.9288888888888889,False,True,할아버지가 친구들이랑 저녁에 놀지도 못하게 하고 통제가 심하다고 느껴져서요.,커서 어떤 사람이 되고 싶은지 꿈이 무엇인지 이야기해 줄래요?
3891,34,190740,194000,3260,3.26,SPEAKER_1,SPEAKER_0,True,0.66,2.1,7,19,2,5,0.9784999999999999,0.957,0.9862,False,True,저 혼자예요.,친구들이랑은 주로 뭐 하고 놀아요?
3891,69,413235,416495,3260,3.26,SPEAKER_0,SPEAKER_1,True,2.26,4.98,26,44,7,13,0.997,0.985,0.9432307692307692,True,False,너무 많이 한다고 어른들이 뭐라고 안 하시나요?,"인터넷도 삼촌 있을 때만 허락 받고 할 수 있는데, 많이 하면 그만하라고 해요."
3891,71,428390,431650,3260,3.26,SPEAKER_0,SPEAKER_1,True,4.42,2.015,43,16,12,5,0.9355833333333333,0.966,0.8226,True,False,삼촌이 운동회나 참가한 수업 또는 학부모 상담 같은 학교 행사에 잘 오시나요?,아니요 학교 안 다녀요 저는.
5069,14,73605,76865,3260,3.26,SPEAKER_1,SPEAKER_0,True,4.501,1.94,41,20,11,7,0.9569090909090909,0.94,0.969,False,True,이제는 어떻게 해야 하는지 모르겠어요. 그냥 집에 가면 짜증 나고 화나요.,보통 몇 시에 자고 몇 시에 일어나?
5113,74,403760,407020,3260,3.26,SPEAKER_0,SPEAKER_0,False,1.38,4.02,11,38,4,9,0.97775,0.934,0.8624444444444445,False,True,두 시간 정도 해요.,"어른들이 운동회나, 창간수업, 학부모상담 같은 학교 행사에 잘 오죠?"
5113,93,515100,518360,3260,3.26,SPEAKER_0,SPEAKER_0,False,2.82,3.62,29,32,8,8,0.84725,0.458,0.94625,True,True,왜 이상한 거 물어봐요? 아무도 그런 사람 없는데요?,혹시 친구의 신체부위를 사진이나 영상으로 찍은 적이 있어?
0002,53,247386,250645,3259,3.259,SPEAKER_1,SPEAKER_0,True,6.536,3.381,36,31,11,9,0.9736363636363636,0.991,0.9953333333333333,False,True,배 아파서 병원도 갔고 멍도 들고 병원 갔을 때 입원도 했었어요.,누가 소중한 부위를 만지거나 보여 달라고 한 적 있어요?
0004,6,24035,27294,3259,3.259,SPEAKER_0,SPEAKER_1,True,0.82,2.341,8,19,2,5,0.9984999999999999,0.998,0.942,True,False,언제 다쳤어요?,일주일 전에 아빠한테 맞았을 때요.
0379,10,52796,56055,3259,3.259,SPEAKER_0,SPEAKER_1,True,1.141,3.7,9,29,3,8,0.9693333333333334,0.994,0.9325,True,False,왜 짜증이 났어?,몰라요. 지금 생리하고 있어서 그런 것 같기도 해요.
1136,71,394940,398199,3259,3.259,SPEAKER_0,SPEAKER_1,True,0.741,2.261,6,25,2,7,0.7385,0.934,0.7808571428571429,False,False,그래서 집을,나왔어? 네. 집 앞 부리터에 앉아 있었어요.
1136,86,480310,483569,3259,3.259,SPEAKER_0,SPEAKER_1,True,1.94,2.901,18,24,5,6,0.9982,0.999,0.9355,True,False,부모님은 싸울 때 어떤 모습이야?,엄마랑 아빠가 성우한테 욕하고 소리 질러요.
1786,69,351090,354349,3259,3.259,SPEAKER_0,SPEAKER_0,False,1.22,4.876,8,34,3,9,0.8656666666666667,0.929,0.9206666666666666,False,False,네 매번 오세요,부모님이나 선생님 때문에 기분이 안 좋아진 적이 있었어요? 네
3821,39,223885,227144,3259,3.259,SPEAKER_0,SPEAKER_1,True,1.941,5.221,19,42,5,9,0.9688,0.999,0.9805555555555555,True,False,친구들이랑은 주로 뭐 하고 놀아요?,친구들이랑은 대부분 같이 좋아하는 애니메이션 이야기하고 그림 그리고 놀아요.
5036,71,310625,313884,3259,3.259,SPEAKER_0,SPEAKER_1,True,2.181,0.901,18,7,5,2,0.9808,0.945,0.9405,True,False,누구 때문에 기분이 안 좋았을까?,엄마 때문에요
2315,44,215505,218760,3255,3.255,SPEAKER_0,SPEAKER_0,False,2.18,3.301,18,30,4,8,0.78925,0.572,0.89825,True,False,좋아해요. 어떤 이유로 그런가요?,마니토놀이 같은 것도 하고 재밌는 놀이를 많이 하셔서요
1112,38,245485,248730,3245,3.245,SPEAKER_1,SPEAKER_1,False,1.7,7.38,12,47,3,10,0.98,0.987,0.979,True,False,언니랑 사이는 어때요?,서먹서먹해요. 언니가 공부하느라 바쁘기도 하고 예전부터 경쟁하는 관계였던 것 같아요.
1112,85,581755,585000,3245,3.245,SPEAKER_0,SPEAKER_1,True,3.86,0.5,30,4,9,1,0.9688888888888889,0.835,0.855,False,False,주위 어른들 중에서 나를 때린 적이 있는 사람이 있나요,아니요.
1112,125,863690,866926,3236,3.236,SPEAKER_0,SPEAKER_1,True,2.98,0.501,25,4,7,1,0.9642857142857143,0.996,0.65,True,False,아니요. 친한 친구 중 가출한 친구가 있나요?,아니요.
3821,13,65560,68795,3235,3.235,SPEAKER_0,SPEAKER_1,True,1.62,3.94,15,34,5,9,0.9934,0.99,0.9918888888888889,True,False,왜 짜증 나고 화가 났어요?,우리 집이 너무 더럽고 아빠가 우리를 전혀 돌봐주지 않아서요.
5113,17,89830,93065,3235,3.235,SPEAKER_0,SPEAKER_0,False,1.62,3.62,14,34,4,10,0.81875,0.733,0.8858,True,False,무엇 때문에 짜증이 났어?,집에 가면 밥도 제대로 없고 곰팡이 파 있고 그래서 짜증나요.
5113,42,235685,238920,3235,3.235,SPEAKER_0,SPEAKER_0,False,1.22,1.38,13,12,3,4,0.8583333333333333,0.596,0.9435,False,True,학교에서 같이 야구해요.,주로 몇 명에서 놀아?
5113,90,492520,495755,3235,3.235,SPEAKER_0,SPEAKER_0,False,1.78,3.38,16,31,5,7,0.9046,0.69,0.9071428571428571,False,False,혼날 때는 주로 어떻게 혼나.,아무도 안 혼내요. 학교에서는 잘못하면 선생님이 벌져요.
0379,71,419540,422765,3225,3.225,SPEAKER_0,SPEAKER_0,False,1.22,2.26,8,17,3,5,0.8863333333333333,0.914,0.9966,False,True,네. 안 해요.,어른들이 학교 행사에 잘 오셔?
0184,104,502225,505440,3215,3.215,SPEAKER_1,SPEAKER_1,False,2.18,2.021,18,17,5,6,0.9968,0.995,0.9721666666666666,True,False,어떨 때 마음이 힘들거나 복잡해?,딱히 그런 적 없는 것 같아요.
2560,2,12980,16195,3215,3.215,SPEAKER_0,SPEAKER_1,True,3.7,4.34,33,37,8,9,0.913125,0.88,0.9496666666666667,True,False,일주일에 몇 번이나 아파요. 아픈게 이전부터 자주 있었나요?,일주일에 한 번 정도 주말에 엄마랑 이야기했는데 그때부터 아팠어요.
0379,16,89435,92649,3214,3.214,SPEAKER_0,SPEAKER_0,False,2.581,0.501,20,5,6,1,0.9856666666666667,0.987,0.906,True,False,아침에 일어났을 때 몸 상태는 어때?,피곤해요.
1136,64,353540,356745,3205,3.205,SPEAKER_1,SPEAKER_0,True,2.98,5.7,26,49,8,14,0.971,0.812,0.9513571428571429,False,True,숙제 끝나면 엄마가 핸드폰 할 수 있게 해줘요.,운동회나 창간 수업 또는 학부모 상담 같은 학교 행사가 있으면 어른들이 잘 오는 편이야?
1786,79,409190,412395,3205,3.205,SPEAKER_0,SPEAKER_0,False,1.7,2.66,13,28,3,8,0.8743333333333334,0.935,0.989375,False,True,아니요 친구한테만 해요.,주위 어른이나 가족 중 나를 때렸던 사람이 있나요?
2315,13,63330,66535,3205,3.205,SPEAKER_0,SPEAKER_0,False,1.62,2.98,15,29,4,9,0.9944999999999999,0.989,0.9344444444444444,True,False,무엇 때문에 짜증이 났나요?,비 올 줄 모르고 오전에 안 가져갔는데 비가 와서요.
0006,104,477525,480720,3195,3.195,SPEAKER_1,SPEAKER_0,True,2.18,3.301,14,27,4,9,0.99375,1.0,0.998,False,True,팔이랑 다리랑 몸 전부요.,평소에 그 어른이 한 달에 몇 번 정도 때리나요?
2315,24,116450,119645,3195,3.195,SPEAKER_0,SPEAKER_0,False,0.5,2.34,3,21,1,6,0.591,0.591,0.9728333333333333,False,True,아니요,평소 아빠는 어떤 표정을 자주 짓나요?
2315,46,227660,230855,3195,3.195,SPEAKER_0,SPEAKER_0,False,1.94,1.3,17,10,4,2,0.96425,0.968,0.862,True,False,요즘 걱정하는 것은 무엇인가요?,걱정거리는 없어요.
2560,26,138070,141265,3195,3.195,SPEAKER_0,SPEAKER_1,True,1.94,1.14,18,9,6,3,0.9003333333333333,0.739,0.9946666666666667,True,False,그 표정을 볼 때 기분이 어때요?,별로 안 좋아요.
2560,69,342190,345385,3195,3.195,SPEAKER_1,SPEAKER_0,True,0.98,3.541,12,37,3,9,0.9033333333333333,0.971,0.9981111111111111,False,True,오세요. 항상 오세요.,인터넷이나 휴대폰을 가지고 노는 시간은 하루에 몇 시간 정도인가요?
5069,84,447795,450990,3195,3.195,SPEAKER_0,SPEAKER_1,True,5.781,1.94,56,18,15,5,0.9626,0.865,0.8682,True,False,조금 예민한 질문인데 친구가 원하지 않는데도 누군가 친구 몸을 만지거나 보여 달라고 한 적이 있었어?,왜 그런 걸 물어봐요? 없는데요.
5113,3,23435,26630,3195,3.195,SPEAKER_0,SPEAKER_0,False,3.3,3.22,28,29,7,8,0.9572857142857143,0.938,0.95125,False,True,병원에 갔더니 음식을 잘못 먹어서 그렇다고 했어요.,일주일에 몇 번 정도 아팠어? 이전에도 자주 아팠어?
5113,19,101485,104680,3195,3.195,SPEAKER_0,SPEAKER_0,False,1.381,10.5,13,70,4,21,0.98325,0.953,0.9435238095238095,True,True,그런 일이 자주 일어나?,네 엄마가 집에 신경을 안 쓴지 오래됐어요. 네 달은 된 것 같아요. 평소에 짜증이나 화가 났을 때 어떻게 하면 마음이 풀려?
5113,115,648800,651995,3195,3.195,SPEAKER_0,SPEAKER_0,False,0.5,3.78,4,37,1,10,0.662,0.662,0.9234,False,True,아니요.,어른들 허락이나 말도 없이 집에 오랫동안 나와 있었던 적이 있었어?
0216,76,387621,390810,3189,3.189,SPEAKER_1,SPEAKER_0,True,1.941,4.66,15,39,3,11,0.9536666666666667,0.97,0.9724545454545455,False,True,땀나고 무서워서 두근거려요.,부모님의 허락 없이 또는 말도 없이 오랫동안 나와 있었던 적이 있을까?
0216,29,136105,139290,3185,3.185,SPEAKER_1,SPEAKER_0,True,0.98,1.7,9,12,2,3,0.9475,0.901,0.97,False,True,기분이 밝아져요.,친구는 형제가 있나요?
5113,84,466180,469365,3185,3.185,SPEAKER_0,SPEAKER_0,False,1.62,2.26,14,24,4,6,0.93575,0.978,0.8956666666666666,False,True,아니요 그런 적은 없어요.,마음이 힘들 때 누구에게 이야기하는 편이야?
0002,28,119570,122750,3180,3.18,SPEAKER_0,SPEAKER_1,True,1.78,0.5,13,4,4,1,0.99975,0.999,0.999,True,False,가장 큰 걱정이 있나요?,아빠요.
0006,33,151505,154685,3180,3.18,SPEAKER_1,SPEAKER_0,True,0.501,1.7,5,12,1,3,0.998,0.998,0.9983333333333333,False,True,무서워요.,형제나 자매가 있나요?
0006,132,605765,608945,3180,3.18,SPEAKER_1,SPEAKER_0,True,4.58,4.66,27,42,9,11,0.9655555555555555,0.999,0.9973636363636363,False,True,한 달까진 아니고 두 달에 한 번 정도 그랬어요.,경찰이나 다른 사람이 오고 나서도 비슷하거나 같은 일이 일어난 적이 있나요?
0006,134,616810,619990,3180,3.18,SPEAKER_1,SPEAKER_0,True,0.9,3.62,8,28,2,7,0.9135,0.999,0.9924285714285714,False,True,"네, 그랬어요.",친구들이 자주 놀리거나 괴롭힌다고 느낀 적 있나요?
0006,149,688775,691955,3180,3.18,SPEAKER_1,SPEAKER_0,True,1.86,3.38,14,28,4,8,0.84475,0.526,0.996875,False,True,때리는 꿈꿀 때 자줄게요.,생각하기 싫은데 자꾸 그 기억이 떠오른 적 있나요?
0216,21,99695,102875,3180,3.18,SPEAKER_1,SPEAKER_0,True,1.3,2.9,15,18,3,5,0.924,0.791,0.9054,False,True,저희 아빠는 온화하시거든요.,그런 표정일때 친구 기분은 어때?
0379,4,22825,26005,3180,3.18,SPEAKER_0,SPEAKER_1,True,1.78,1.78,15,11,5,3,0.9136,0.998,0.9626666666666667,True,False,친구는 뭐 할 때가 즐거워?,친구들이랑 놀 때요.
0379,30,169375,172555,3180,3.18,SPEAKER_1,SPEAKER_0,True,0.82,3.54,9,26,3,8,0.9233333333333333,0.926,0.985875,False,True,그런 거 같아요.,엄마가 그런 표정을 지으실 때 내 기분은 어때?
0379,53,294320,297500,3180,3.18,SPEAKER_1,SPEAKER_0,True,2.58,3.14,17,24,5,6,0.9224,0.93,0.9431666666666667,False,True,학교에 소문 날까 봐 걱정돼요.,이런 고민 때문에 생활이 불편하거나 힘들어?
0379,56,308135,311315,3180,3.18,SPEAKER_0,SPEAKER_1,True,0.98,2.5,8,19,2,6,0.9964999999999999,0.998,0.8496666666666667,False,False,요즘 행복하다고,느껴 아니요 안 행복한 거 같아요.
1112,2,16575,19755,3180,3.18,SPEAKER_0,SPEAKER_1,True,1.94,0.5,15,4,4,1,0.9452499999999999,0.885,0.862,True,False,최근에 다쳤던 적이 있나요?,아니요.
1112,11,69490,72670,3180,3.18,SPEAKER_1,SPEAKER_0,True,5.78,1.54,42,13,11,4,0.8623636363636363,0.937,0.972,False,False,시험을 찾는데 원하는 성적이 안 나왔 거든요. 저 스스로한테 짜증이 났어요.,그런 일이 자주 일어나요
1112,14,92090,95270,3180,3.18,SPEAKER_0,SPEAKER_1,True,3.86,1.94,30,14,8,4,0.98875,0.995,0.99175,True,False,친구가 목표로 하는 성적이 어느 정도인지 말해 줄래요?,하나도 틀리지 않는 거요.
1112,29,179050,182230,3180,3.18,SPEAKER_0,SPEAKER_1,True,1.7,4.855,13,36,4,9,0.99225,0.992,0.9581111111111111,True,False,그럼 내 기분은 어때요?,죄송스러워요. 저는 더 잘하고 싶은데 그게 마음대로 안 되거든요.
1136,80,441685,444865,3180,3.18,SPEAKER_1,SPEAKER_0,True,2.18,5.425,9,45,3,12,0.9273333333333333,0.792,0.9592499999999999,False,True,맞은 적은 없어요,내가 싫다고 했는데도 누군가가 내 몸을 만지려고 했거나 보여달라고 한 적이 있어?
1354,7,33180,36360,3180,3.18,SPEAKER_0,SPEAKER_0,False,1.54,2.58,12,18,4,6,0.9895,0.996,0.9963333333333333,True,True,최근에 다친 곳 있어?,없어요. 요즘 뭘 할 때 즐거워?
1786,80,415055,418235,3180,3.18,SPEAKER_0,SPEAKER_0,False,2.66,6.74,28,51,8,13,0.989375,0.971,0.9229999999999999,True,False,주위 어른이나 가족 중 나를 때렸던 사람이 있나요?,없어요. 그럼 혼날 때는 어떻게 혼나요? 때리진 않지만 엄마가 저한테 큰소리로 소리 질러요.
2315,56,276160,279340,3180,3.18,SPEAKER_0,SPEAKER_0,False,2.42,0.5,24,4,6,1,0.9688333333333333,0.978,0.958,True,False,집에서 주로 나를 돌봐준 어른은 누구인가요?,엄마요.
2560,1,6100,9280,3180,3.18,SPEAKER_1,SPEAKER_0,True,0.98,3.7,9,33,2,8,0.9735,0.968,0.913125,False,True,머리가 아팠어요.,일주일에 몇 번이나 아파요. 아픈게 이전부터 자주 있었나요?
3242,1,9140,12320,3180,3.18,SPEAKER_1,SPEAKER_1,False,0.501,1.86,5,15,1,4,0.999,0.999,0.9964999999999999,False,True,건강해요.,최근에 다쳤던 적이 있나요?
3242,9,57720,60900,3180,3.18,SPEAKER_1,SPEAKER_0,True,9.196,2.541,65,14,17,4,0.9337058823529412,0.977,0.96825,False,True,다른 선생님이 병원에 데려가주셔서 치료 받았어요. 얼굴 안쪽 뼈가 부러져서 삼 주 동안은 병원에 계속 다녀야 한대요.,무엇을 할 때가 즐거워요?
3242,19,114170,117350,3180,3.18,SPEAKER_1,SPEAKER_0,True,5.86,3.94,45,31,12,9,0.9949166666666667,0.994,0.9984444444444445,False,True,평소에 저한테 조용히 하라고 자주 그러긴 했는데 이렇게 다치게 한 건 처음이에요.,평소 짜증이나 화가 났을 때 어떻게 하면 마음이 풀려요?
3696,42,175765,178945,3180,3.18,SPEAKER_1,SPEAKER_0,True,0.98,1.861,8,14,3,4,0.7923333333333333,0.982,0.9955,False,True,한 두 번이요.,요즘에 행복한 것 같나요?
3821,63,367190,370370,3180,3.18,SPEAKER_0,SPEAKER_1,True,5.06,6.195,47,46,12,11,0.9976666666666667,0.984,0.9843636363636363,True,False,집에서 나를 주로 돌봐주는 어른은 누구인가요? 집에 돌아갔을 때 항상 집에 계시나요?,우리를 돌봐주는 어른은 아무도 없어요. 아빠는 밤늦게 잠깐 들어왔다가 다시 나가요.
3891,16,96985,100165,3180,3.18,SPEAKER_0,SPEAKER_1,True,1.62,2.9,18,28,6,9,0.9485,0.784,0.9621111111111111,True,False,몇 시에 자고 몇 시에 일어나요?,밤 열 한 시에 자서요. 아침 아홉 시에 일어나요.
3891,26,146485,149665,3180,3.18,SPEAKER_1,SPEAKER_0,True,0.5,2.42,5,22,1,6,0.913,0.913,0.9768333333333333,False,True,무서워요.,삼촌은 왜 무서운 표정을 자주 지을까요?
5069,67,358005,361185,3180,3.18,SPEAKER_1,SPEAKER_0,True,0.82,5.88,7,38,2,11,0.683,0.711,0.8848181818181818,False,True,한두 시간요.,어른들이 운동회나 창간 수업 학부모 상담 같은 학교 행사에 잘 오셔?
5113,0,8020,11200,3180,3.18,SPEAKER_0,SPEAKER_0,False,2.02,1.14,23,9,6,3,0.9558333333333333,0.987,0.5813333333333334,True,False,최근에 건강하니 아니면 아픈 적이 있었어?,배가 자주 아파요
5113,2,16955,20135,3180,3.18,SPEAKER_0,SPEAKER_0,False,1.06,3.3,11,28,3,7,0.961,0.929,0.9572857142857143,True,False,어디가 어떻게 아파?,병원에 갔더니 음식을 잘못 먹어서 그렇다고 했어요.
5113,8,52360,55540,3180,3.18,SPEAKER_0,SPEAKER_0,False,1.46,0.74,14,5,4,2,0.9915,0.973,0.993,True,False,최근에 다친 적이 있었어?,다친 곳은
5113,29,162990,166170,3180,3.18,SPEAKER_0,SPEAKER_0,False,1.62,2.42,14,23,4,6,0.9844999999999999,0.948,0.9705,False,True,아빠는 좀 힘들어 보여요.,아버지께서 그런 표정을 짓는 이유가 뭘까?
5113,34,190820,194000,3180,3.18,SPEAKER_0,SPEAKER_0,False,3.62,2.34,29,19,7,5,0.8517142857142858,0.553,0.9458,True,False,아파요. 평소에 어머니는 어떤 표정을 자주 지으셨어?,엄마는 표정도 없고 우울해 보여요.
5113,72,394275,397455,3180,3.18,SPEAKER_0,SPEAKER_0,False,0.981,2.26,8,25,3,7,0.836,0.767,0.9804285714285714,False,True,네 번은 그래요,휴대폰을 하는 시간은 하루에 몇 시간 정도야?
5113,78,426430,429610,3180,3.18,SPEAKER_0,SPEAKER_0,False,1.22,2.42,9,25,3,7,0.8623333333333334,0.798,0.9648571428571429,False,True,네 엄마 때문에요,어떤 부분 때문에 친구의 기분이 안 좋아졌어?
5113,85,471625,474805,3180,3.18,SPEAKER_0,SPEAKER_0,False,2.26,0.5,24,6,6,1,0.8956666666666666,0.619,0.719,True,False,마음이 힘들 때 누구에게 이야기하는 편이야?,친구랑이요.
0216,63,300581,303760,3179,3.179,SPEAKER_0,SPEAKER_0,False,0.501,5.541,3,43,1,11,0.515,0.515,0.9688181818181818,False,True,아니요,내가 원하지 않았는데도 누군가가 내 몸을 만지거나 보여달라고 한 적이 있을까?
0379,48,269520,272699,3179,3.179,SPEAKER_1,SPEAKER_0,True,9.976,2.181,68,15,16,5,0.898625,0.992,0.9358,False,True,"무슨 일이 있으면 꼭 말하라고 하고, 선생님은 항상 너네 편이니까 언제든지 이야기해도 좋다고 그렇게 말해주시기도 하셔서요.",요즘 가장 큰 고민이 뭐야?
0379,108,628585,631764,3179,3.179,SPEAKER_1,SPEAKER_0,True,1.14,2.741,10,16,3,6,0.9783333333333333,0.976,0.9433333333333334,False,True,그런 적은 없어요.,잠잘 때 주로 어떤 꿈을 꿔?
2560,70,348926,352105,3179,3.179,SPEAKER_0,SPEAKER_1,True,3.541,1.701,37,17,9,6,0.9981111111111111,0.987,0.9725,True,False,인터넷이나 휴대폰을 가지고 노는 시간은 하루에 몇 시간 정도인가요?,두 시간 정도 하는 것 같아요.
2677,48,246371,249550,3179,3.179,SPEAKER_1,SPEAKER_0,True,6.981,3.14,49,27,12,8,0.9070833333333334,0.857,0.961625,False,True,아빠가 우울했다가 화냈다가 하는 게 스트레스이기도 하고 언제 또 그럴지 몰라서 불안해요.,친구는 커서 어떤 사람이 되고 싶어 꿈이 있을까?
3242,51,308611,311790,3179,3.179,SPEAKER_1,SPEAKER_0,True,7.141,1.94,50,16,12,3,0.972,0.996,0.9426666666666667,False,True,매일 선생님을 다시 만나야 하니까 힘들죠. 학교가는 날은 당연하고 주말에도 계속 불안해요.,요즘 행복한가요? 불행한가요?
3696,59,253615,256794,3179,3.179,SPEAKER_0,SPEAKER_1,True,4.98,11.977,46,81,13,23,0.9969230769230769,0.993,0.9862608695652174,True,True,빨래가 되어 있지 않아 더러운 옷을 입어야 한 적이 있나요? 얼마나 자주 그랬나요?,그런 적 있어요. 엄마가 저보고 알아서 빨아 입으라고 해서요. 한 달에 두 번 정도는 그래요. 작은 옷이나 신발을 입거나 신고 다닌 적이 있나요?
5113,71,390115,393294,3179,3.179,SPEAKER_0,SPEAKER_0,False,1.62,0.981,16,8,6,3,0.937,0.913,0.836,True,False,한 달에 몇 번 정도 그랬어?,네 번은 그래요
2560,62,303285,306460,3175,3.175,SPEAKER_1,SPEAKER_0,True,1.62,2.82,12,29,3,8,0.978,0.998,0.97425,False,True,말없이 나간적 없어요.,아픈 곳이 있는데 병원에 데려가지 않은 적이 있어요?
2677,71,371855,375030,3175,3.175,SPEAKER_1,SPEAKER_0,True,3.94,7.06,29,58,9,16,0.9714444444444444,0.967,0.9620625,False,True,자주는 아닌데 가끔 그래요. 한 달에 한 번 정도요.,내가 무엇을 하려고 하면 무조건 안된다고 하지 말라고 하거나 하기 싫은데도 무조건 하라고 할 때가 있어?
5069,89,473905,477080,3175,3.175,SPEAKER_0,SPEAKER_0,False,0.5,4.1,6,36,1,10,0.951,0.951,0.9523,False,True,없다니까요.,집에서 어른들끼리 소리 지르면서 싸우는 걸 듣거나 본 적이 있어?
2560,98,494861,498035,3174,3.174,SPEAKER_0,SPEAKER_0,False,2.661,2.021,25,17,6,5,0.9906666666666667,0.969,0.9678,True,False,지내요. 어떨 때 마음이 복잡하거나 힘들어요?,엄마가 제 마음을 몰라줄 때요.
2315,33,159215,162380,3165,3.165,SPEAKER_0,SPEAKER_0,False,2.021,2.02,19,17,5,5,0.9964,0.993,0.9132,True,False,왜 그런 표정을 짓는다고 생각해요?,저랑 이야기하는 게 좋나 봐요.
2560,7,38950,42115,3165,3.165,SPEAKER_1,SPEAKER_0,True,1.22,0.98,10,11,3,4,0.986,0.996,0.99025,False,True,다친 적은 없어요.,뭘 할 때 즐거워요?
3821,2,13860,17025,3165,3.165,SPEAKER_0,SPEAKER_1,True,2.5,1.06,22,10,6,3,0.9845,1.0,0.8736666666666667,True,False,아픈 곳이 있는데 이야기 하기 어렵나요?,아니요 안 아파요.
0004,72,356565,359720,3155,3.155,SPEAKER_1,SPEAKER_0,True,3.46,4.5,30,32,8,8,0.9895,1.0,0.98375,False,True,없어요. 엄마랑 새아빠가 대화하는 걸 본 적이 없어요.,친구들이 나를 자주 놀리거나 괴롭힌다고 느낀 적이 있어요?
0379,77,451270,454425,3155,3.155,SPEAKER_1,SPEAKER_0,True,0.5,5.14,4,41,1,12,0.985,0.985,0.9921666666666666,False,True,없어요.,내가 원하지 않는데도 누군가가 내 몸을 만지거나 보여 달라고 한 적 있어?
3821,106,664460,667605,3145,3.145,SPEAKER_1,SPEAKER_0,True,0.501,4.741,4,43,1,12,0.665,0.665,0.9875,False,True,없어요.,부모님의 허락 없이 또는 말도 없이 오랫동안 집에서 나와 있었던 적이 있나요?
0379,118,698140,701274,3134,3.134,SPEAKER_1,SPEAKER_0,True,2.9,4.901,19,37,5,10,0.9702,0.995,0.9746,False,True,피곤하고 식은땀이 날 때가 많아요.,부모님의 허락이나 말도 없이 집에서 오랫동안 나와 있었던 적 있어?
5113,35,196340,199465,3125,3.125,SPEAKER_0,SPEAKER_0,False,2.34,2.42,19,23,5,6,0.9458,0.881,0.9453333333333334,False,True,엄마는 표정도 없고 우울해 보여요.,어머니께서 그런 표정을 짓는 이유가 뭘까?
2560,95,478525,481640,3115,3.115,SPEAKER_1,SPEAKER_0,True,0.9,3.221,9,31,3,8,0.9706666666666667,0.992,0.98925,False,True,없는 것 같아요.,친구들이 나를 자주 놀리거나 괴롭힌다고 느낀 적 있어요?
2674,19,103015,106130,3115,3.115,SPEAKER_1,SPEAKER_0,True,6.5,2.5,53,25,14,8,0.9882142857142857,0.936,0.992,False,True,방에 들어가서 제가 좋아하는 일본 노래를 혼자 이어폰 꽂고 들어요. 그럼 마음이 좀 편안해져요.,우리 친구는 몇 시에 자고 몇 시에 일어나요?
3242,7,40050,43165,3115,3.115,SPEAKER_1,SPEAKER_1,False,7.7,2.82,54,23,11,5,0.9887272727272727,0.962,0.9872,False,True,선생님 때문에요. 선생님이 제가 떠들었다고 스테이플러를 얼굴에 던졌거든요. 그래서 많이 다쳤어요.,얼마나 다쳤어요? 적절한 치료를 받았나요?
2560,93,467551,470664,3113,3.113,SPEAKER_1,SPEAKER_0,True,1.061,4.101,9,37,3,10,0.993,0.988,0.9262,False,True,없는 것 같아요.,집에서 어른들끼리 소리 지르면서 싸우는 걸 듣거나 본 적이 있어요?
2315,18,90410,93515,3105,3.105,SPEAKER_0,SPEAKER_0,False,2.98,1.78,24,18,5,6,0.9598,0.993,0.989,False,True,엄마 아빠랑 이야기하거나 친구들이랑 놀아요.,몇 시에 자고 몇 시에 일어나요?
5069,18,91870,94975,3105,3.105,SPEAKER_0,SPEAKER_0,False,0.821,4.02,7,36,2,10,0.8995,0.869,0.9443,False,True,그냥 그래요.,평소에 잠이 들기 힘들거나 잠자는 중간에 자주 깨는 경우가 있어?
5113,10,61320,64425,3105,3.105,SPEAKER_0,SPEAKER_0,False,3.3,1.3,19,10,5,4,0.9208,0.877,0.93475,True,False,없어요. 친구는 말할 때가 즐거워?,저는 학교 갈 때요
0184,108,529985,533089,3104,3.104,SPEAKER_1,SPEAKER_0,True,0.98,2.901,10,24,2,7,0.9035,0.927,0.9937142857142857,False,True,"아니요, 재밌어요.",그렇게 꿈을 꾸고 일어나면 몸 상태는 어때?
0002,71,347590,350690,3100,3.1,SPEAKER_1,SPEAKER_0,True,2.58,3.54,15,29,4,8,0.99925,0.997,0.998375,False,True,그냥 평소랑 똑같이 졸려요.,아빠한테 말도 없이 집에서 오랫동안 나온 적 있어요?
0004,30,129185,132285,3100,3.1,SPEAKER_0,SPEAKER_1,True,2.82,4.34,22,34,6,9,0.9916666666666667,0.991,0.9237777777777778,True,False,그럼 아버님은 어떤 표정을 자주 지어요?,새 아빠는 항상 화난 표정이고 무서워요. 그래서 피해 다녀요.
0005,61,295510,298610,3100,3.1,SPEAKER_1,SPEAKER_0,True,0.501,2.98,6,26,1,8,0.893,0.893,0.956125,False,True,할아버지요.,배가 고픈데 먹을 게 없어서 굶은 적이 있나요?
0379,0,4500,7600,3100,3.1,SPEAKER_0,SPEAKER_1,True,1.94,0.5,18,4,5,1,0.8865999999999999,0.843,0.977,False,False,"최근에 아픈 곳이 있어? 아니요,",없어요.
0379,37,200865,203965,3100,3.1,SPEAKER_1,SPEAKER_0,True,0.661,3.06,7,20,2,5,0.9259999999999999,0.852,0.9602,False,True,잘 보이려고.,아주머니가 웃으시면 내 기분은 어때?
0379,65,372575,375675,3100,3.1,SPEAKER_0,SPEAKER_0,False,0.5,6.536,4,50,1,15,0.799,0.799,0.9806,False,True,아니요.,저녁에 나를 집에 혼자 두고 나가거나 갑자기 말도 없이 집을 나가서 안 들어오신 적 있어?
1112,8,51075,54175,3100,3.1,SPEAKER_0,SPEAKER_1,True,3.62,1.861,27,13,8,5,0.9239999999999999,0.984,0.8414,True,False,최근 일주일 동안 짜증이나 화가 난 적이 있어요?,네 짜증 난 적 있어요.
1112,79,531770,534870,3100,3.1,SPEAKER_1,SPEAKER_0,True,0.5,7.78,4,58,1,16,0.691,0.691,0.9793125,False,False,아니요.,내가 무엇을 하려고 하면 무조건 안된다고 하지 말라고 하거나 하기 싫은데도 무조건 하라고 할 때가 있나요
1112,82,562020,565120,3100,3.1,SPEAKER_1,SPEAKER_0,True,0.5,3.541,4,28,1,8,0.712,0.712,0.978375,False,True,아니요.,마음이 힘들 때 가족에게 내 마음을 이야기 하나요?
1112,108,750950,754050,3100,3.1,SPEAKER_1,SPEAKER_0,True,5.825,6.1,42,46,12,13,0.9525,0.929,0.9539230769230769,False,True,운전기사 아저씨가 저한테 억지로 입실 갖다 대고 한 게 생각날 때 힘들어요.,그렇게 마음이 힘들 때 괴로워서 스스로 해치거나 죽고 싶다는 생각을 한 적 있어요?
1112,112,780140,783240,3100,3.1,SPEAKER_1,SPEAKER_0,True,5.54,4.18,41,33,13,9,0.9719230769230769,0.955,0.9668888888888889,False,True,요즘 억지로 누가 내 몸을 만지고 입 맞추려고 하는 기분 나쁜 꿈을 꿔요.,잠자는 동안 자주 깨는 이유가 그 힘들었던 경험 때문인가요?
1354,58,247115,250215,3100,3.1,SPEAKER_0,SPEAKER_0,False,2.98,3.781,27,40,7,10,0.9617142857142857,0.998,0.9433,True,True,부모님이나 선생님 때문에 슬프거나 화난 적 있어?,없어요. 무언가를 억지로 하게 시키는 사람이나 못하게 하는 사람이 있어?
2315,82,416330,419430,3100,3.1,SPEAKER_0,SPEAKER_0,False,6.775,1.06,64,9,16,3,0.9703125,0.991,0.9876666666666667,True,False,인터넷이나 휴대폰을 통해 성적인 목적으로 내 신체 부위를 사진이나 영상을 찍어 누구에게 보내거나 올린 적이 있나요?,그런 적 없어요.
2560,5,30310,33410,3100,3.1,SPEAKER_1,SPEAKER_0,True,2.5,1.78,22,14,6,4,0.9428333333333333,0.994,0.97175,False,True,엄마랑 대화가 안 통하면 아픈거 같아요.,최근에 다친 곳은 있어요?
2560,27,142405,145505,3100,3.1,SPEAKER_1,SPEAKER_0,True,1.14,1.78,9,17,3,4,0.9946666666666667,0.99,0.966,False,True,별로 안 좋아요.,평소 어머니는 어떤 표정이에요?
2560,52,255770,258870,3100,3.1,SPEAKER_1,SPEAKER_0,True,3.3,2.02,31,17,9,5,0.9724444444444444,0.996,0.999,False,True,친구들이랑 놀 수도 있고 원하는 웹툰도 볼 수 있어서요.,커서 어떤 사람이 되고 싶어요?
3242,32,192690,195790,3100,3.1,SPEAKER_1,SPEAKER_0,True,3.38,3.62,28,29,6,8,0.9708333333333333,0.868,0.97775,False,True,제가 학교에서 다쳐서 왔으니까요. 너무 걱정된대요.,시설 선생님의 그런 표정을 보면 어떤 기분이 들어요?
3242,34,205585,208685,3100,3.1,SPEAKER_1,SPEAKER_0,True,3.62,1.86,27,13,5,3,0.9524,0.989,0.9666666666666667,False,True,저를 걱정해주시니까 좋아요. 안심되는 기분이에요.,혹시 형제자매가 있나요?
3242,61,356730,359830,3100,3.1,SPEAKER_1,SPEAKER_0,True,2.9,3.06,24,26,6,8,0.9883333333333333,0.983,0.991375,False,True,네 여기 선생님들이 항상 계셔서 돌봐주세요.,배가 고픈데 먹을 게 없어서 굶은 적이 있나요?
3696,36,147895,150995,3100,3.1,SPEAKER_1,SPEAKER_0,True,3.807,2.34,32,20,7,5,0.9638571428571429,0.968,0.984,False,True,그런가요? 수업 시간에 재미있는 활동을 많이 시도하셔서요.,요즘 가장 큰 걱정거리는 무엇인가요?
3821,12,60840,63940,3100,3.1,SPEAKER_1,SPEAKER_0,True,1.461,1.62,11,15,3,5,0.9573333333333334,0.998,0.9934,False,True,짜증도 화도 났어요.,왜 짜증 나고 화가 났어요?
3821,18,101885,104985,3100,3.1,SPEAKER_1,SPEAKER_0,True,6.1,1.94,50,21,14,7,0.9987857142857143,0.999,0.9852857142857143,False,True,동생들이 맨날 울어서 마음이 안 풀려요. 이 집에서 동생들을 데리고 나가야 할 것 같아요.,보통 몇 시에 자고 몇 시에 일어나요?
3821,50,277585,280685,3100,3.1,SPEAKER_1,SPEAKER_0,True,1.94,2.42,18,21,4,6,0.99575,0.997,0.999,False,True,있어요. 우리 집이랑 동생들이요.,어떤 점에서 가장 걱정되는 것 같아요?
3821,92,589335,592435,3100,3.1,SPEAKER_1,SPEAKER_0,True,0.9,3.94,8,34,2,7,0.7345,0.795,0.999,False,True,아니요 없어요.,내가 싫다는데도 계속해서 연락하거나 따라다니는 사람이 있나요?
3821,97,619105,622205,3100,3.1,SPEAKER_0,SPEAKER_1,True,4.74,0.5,42,4,11,1,0.9905454545454545,0.994,0.979,True,False,어른이 아닌 주변 사람들이 나를 자주 놀리거나 괴롭힌다고 느낀 적이 있나요?,없어요.
3891,12,69855,72955,3100,3.1,SPEAKER_0,SPEAKER_1,True,3.22,4.58,32,38,9,10,0.9328888888888889,0.895,0.9266,True,False,본인을 화나게 하거나 짜증 나게 하는 일이 자주 일어나요?,"네. 친구들도 사귀고 싶고, 나가고 싶은데 마음대로 못 나가게 해요."
5069,90,481180,484280,3100,3.1,SPEAKER_0,SPEAKER_1,True,4.1,1.54,36,16,10,4,0.9523,0.901,0.9595,True,True,집에서 어른들끼리 소리 지르면서 싸우는 걸 듣거나 본 적이 있어?,엄마랑 아빠는 안 싸우던데요?
5113,38,214600,217700,3100,3.1,SPEAKER_0,SPEAKER_0,False,2.42,0.5,21,5,7,1,0.9578571428571429,0.985,0.801,True,False,그 표정을 지을 때 친구 기분은 어때?,짜증나요.
5113,39,218200,221300,3100,3.1,SPEAKER_0,SPEAKER_0,False,0.5,3.105,5,18,1,5,0.801,0.801,0.7918,False,False,짜증나요.,형제 자매는 몇 명이야? 없어요.
5113,54,294870,297970,3100,3.1,SPEAKER_0,SPEAKER_0,False,1.38,1.62,11,13,3,3,0.872,0.655,0.9716666666666667,False,True,요즘에는 매일 그래요,요즘에 행복하다고 느껴?
5113,81,447655,450755,3100,3.1,SPEAKER_0,SPEAKER_0,False,3.86,2.66,39,27,12,7,0.9246666666666666,0.759,0.8945714285714286,True,False,친구가 뭘 할 때 무조건 안된다고 하거나 무조건 하라고 할 때가 있어?,아니요 엄마는 신경도 안 써요. 아빠는 바쁘고요.
5113,99,551775,554875,3100,3.1,SPEAKER_0,SPEAKER_0,False,4.74,3.54,45,35,12,9,0.9749166666666667,0.997,0.9837777777777778,False,True,아빠가 엄마한테 왜 그러냐고 그러는 거 듣기는 했는데 싸우는 것 같지는 않았어요.,평상시에 어른들이 술을 마시고 집에서 무섭게 행동할 때가 많아?
0006,17,76175,79274,3099,3.099,SPEAKER_1,SPEAKER_0,True,1.06,2.421,9,18,2,5,0.999,0.998,0.9976,False,True,엄마가 때려서요.,평소에 화가 나면 어떻게 하나요?
0006,152,703350,706449,3099,3.099,SPEAKER_0,SPEAKER_1,True,2.1,1.541,20,12,6,4,0.9995,0.999,0.976,True,False,몇 번 정도 그런 기억이 떠오르나요?,항상 그런 거 같아요.
0184,101,483410,486509,3099,3.099,SPEAKER_1,SPEAKER_0,True,0.5,3.221,4,27,1,7,0.989,0.989,0.9928571428571429,False,True,아니요.,친구들이 자주 놀리거나 괴롭힌다고 느낀 적 있어?
0379,32,179890,182989,3099,3.099,SPEAKER_1,SPEAKER_0,True,1.3,3.861,10,28,3,7,0.9473333333333334,0.938,0.9724285714285714,False,True,힘든가 보다 해요.,평소에 가정부 아주머니는 어떤 표정을 자주 지으셨?
1136,65,362445,365544,3099,3.099,SPEAKER_0,SPEAKER_1,True,5.7,1.461,49,10,14,3,0.9513571428571429,0.946,0.9696666666666667,True,False,운동회나 창간 수업 또는 학부모 상담 같은 학교 행사가 있으면 어른들이 잘 오는 편이야?,항상 엄마가 와요.
3821,26,148155,151254,3099,3.099,SPEAKER_0,SPEAKER_1,True,2.58,3.461,22,28,6,8,0.9936666666666667,0.962,0.998375,True,False,평소 아버지는 어떤 표정을 자주 짓나요?,아무런 표정이 없고 항상 다른 생각을 하고 있어요.
5113,76,416176,419275,3099,3.099,SPEAKER_0,SPEAKER_0,False,2.341,2.901,21,27,5,8,0.8726,0.962,0.908375,False,True,아니요 엄마는 안와요. 집에만 있어요.,주변 어른들 때문에 기분이 안 좋아진 적이 있어?
5113,97,536180,539279,3099,3.099,SPEAKER_0,SPEAKER_0,False,1.221,4.101,10,36,3,10,0.994,0.995,0.8871,False,True,그런 사람 없어요.,집에서 어른들끼리 소리 지르면서 싸우는 걸 듣거나 본 적이 있어?
5113,118,666220,669319,3099,3.099,SPEAKER_0,SPEAKER_0,False,2.341,0.501,20,4,6,1,0.8733333333333333,0.974,0.691,True,False,친한 친구 중에 가출한 친구가 있어?,아니요.
5194,97,696991,700090,3099,3.099,SPEAKER_0,SPEAKER_0,False,0.501,3.461,3,35,1,10,0.992,0.992,0.843,False,True,성적인,목적으로 나이 신체 보유를 찍어서 다른 사람에게 보낸 적 있어?
1112,94,655580,658675,3095,3.095,SPEAKER_1,SPEAKER_0,True,17.745,4.42,118,29,35,8,0.9550857142857143,0.997,0.9745,False,True,제가 조수석에 앉아 있는데 갑자기 제 입술에다가 자기 입을 갖다 댔어요. 그런 일은 두 번 있었고 다른 한 번은 돈을 만 원 주면서 머리 만지고 볼 잡고 입술을 갖다 댔어요. 저는 싫다고 했는데 억지로 그랬어요.,누가 성적으로 소중한 부위를 아프게 한 적이 있나요?
0004,29,123271,126365,3094,3.094,SPEAKER_1,SPEAKER_0,True,1.861,2.82,19,22,4,6,0.9325,0.873,0.9916666666666667,False,True,모르겠어요. 집에 늦게 들어오세요.,그럼 아버님은 어떤 표정을 자주 지어요?
5113,70,385410,388495,3085,3.085,SPEAKER_0,SPEAKER_0,False,1.62,1.62,11,16,4,6,0.882,0.67,0.937,False,True,네 옷에서 냄새 나요,한 달에 몇 번 정도 그랬어?
0004,70,341950,345025,3075,3.075,SPEAKER_1,SPEAKER_0,True,0.5,5.78,4,37,1,10,0.908,0.908,0.9766,False,True,아니요.,집에서 어른들끼리 소리 지르면서 싸우는 걸 듣거나 본 적이 있어요?
1136,44,243740,246815,3075,3.075,SPEAKER_0,SPEAKER_1,True,3.22,1.86,25,15,8,4,0.881625,0.964,0.974,True,False,요즘 행복한 것 같아 아니면 불행한 것 같아?,나름대로 행복한 것 같아요.
3821,75,469495,472570,3075,3.075,SPEAKER_0,SPEAKER_1,True,3.22,3.3,29,31,8,10,0.978375,0.973,0.9953,True,False,아버지가 학부모 상담 같은 학교 행사에 잘 오시나요?,그런 게 있는지도 모를 거예요. 단 한 번도 안 왔어요.
0006,82,370736,373800,3064,3.064,SPEAKER_1,SPEAKER_0,True,1.621,3.7,12,29,4,7,0.903,1.0,0.9857142857142858,False,True,보통 우는 거 같아요.,부모님이나 선생님 때문에 슬프거나 화난 적이 있나요?
1112,73,489560,492615,3055,3.055,SPEAKER_1,SPEAKER_0,True,0.5,4.5,4,37,1,9,0.861,0.861,0.9942222222222222,False,True,아니요.,인터넷이나 휴대폰을 가지고 노는 시간은 하루에 몇 시간 정도인가요?
0006,55,244785,247830,3045,3.045,SPEAKER_0,SPEAKER_1,True,2.9,1.62,26,14,10,5,0.9505,0.998,0.9974,True,False,일 에서 오 까지 중 몇 점 정도인 거 같나요?,이 정도 되는 거 같아요.
2315,2,10900,13935,3035,3.035,SPEAKER_0,SPEAKER_0,False,1.62,0.5,15,2,4,1,0.948,0.98,0.911,True,False,최근에 다친 적이 있었나요?,네.
2560,14,77775,80810,3035,3.035,SPEAKER_0,SPEAKER_1,True,3.54,3.14,32,26,9,7,0.9824444444444445,0.877,0.974,True,False,평소에 짜증이나 화가 났을 때 어떻게 하면 마음이 풀려요?,맛있는 것도 먹고 친구랑 연락하면 조금 나아요.
2560,43,211600,214635,3035,3.035,SPEAKER_1,SPEAKER_0,True,2.82,1.94,24,16,6,5,0.9855,0.999,0.9966,False,True,교실에서 떠든다고 잔소리 많이 해서 싫어요.,요즘 가장 큰 걱정이 뭐예요?
3696,58,245600,248635,3035,3.035,SPEAKER_1,SPEAKER_0,True,0.5,4.98,4,46,1,13,0.966,0.966,0.9969230769230769,False,True,아니요.,빨래가 되어 있지 않아 더러운 옷을 입어야 한 적이 있나요? 얼마나 자주 그랬나요?
5113,27,152575,155610,3035,3.035,SPEAKER_0,SPEAKER_0,False,1.62,2.34,14,23,5,6,0.9184,0.973,0.9691666666666666,False,True,아니요 잘 자는 것 같아요,평소에 아버지는 어떤 표정을 자주 지우셔?
5113,102,570130,573165,3035,3.035,SPEAKER_0,SPEAKER_0,False,3.78,0.58,34,4,9,2,0.9747777777777777,0.872,0.9015,True,False,친구나 또래가 나를 자주 놀리거나 괴롭힌다고 느낀 적이 있어?,저 왕따
3891,9,52295,55329,3034,3.034,SPEAKER_0,SPEAKER_0,False,0.9,3.701,8,27,2,8,0.9855,0.992,0.925625,False,False,짜증이 났어요.,무엇 때문에 짜증이 나 화가 났어요. 밖에 나가고
5113,77,422176,425210,3034,3.034,SPEAKER_0,SPEAKER_0,False,2.901,1.22,27,9,8,3,0.908375,0.923,0.8623333333333334,True,False,주변 어른들 때문에 기분이 안 좋아진 적이 있어?,네 엄마 때문에요
2560,74,369180,372205,3025,3.025,SPEAKER_0,SPEAKER_1,True,3.701,4.1,31,40,8,13,0.978625,0.997,0.9555384615384616,True,False,부모님이나 선생님 때문에 슬프거나 화가 난 적이 있어요?,엄마가 공부 못하면 사람 취급을 안 하는 것 같아서 화가 난 적 있어요.
2677,65,334540,337565,3025,3.025,SPEAKER_1,SPEAKER_0,True,4.341,3.38,35,25,9,7,0.9681111111111111,0.875,0.9322857142857143,False,False,아빠가 두 시간 정도까진 괜찮다고 했어요. 그 이상은 안된대요.,어른들이 학부모상담 같은 학교 행사에 잘 오셔
2315,73,358145,361169,3024,3.024,SPEAKER_0,SPEAKER_0,False,0.5,4.901,3,51,1,14,0.672,0.672,0.9677857142857142,False,True,아니요,내가 무엇을 하려고 하면 무조건 안 된다고 하거나 하기 싫은데도 하라고 강요할 때가 있나요?
5069,23,117430,120454,3024,3.024,SPEAKER_0,SPEAKER_1,True,2.501,1.541,23,13,6,4,0.9843333333333333,0.975,0.999,True,False,아버지께서 그런 표정을 짓는 이유가 뭘까?,관심이 없는 것 같아요.
0006,23,104595,107615,3020,3.02,SPEAKER_1,SPEAKER_0,True,0.9,2.1,8,16,2,4,0.9995,0.999,0.99425,False,True,몸이 힘들어요.,잠들기 힘들거나 자주 깨나요?
0006,79,355840,358860,3020,3.02,SPEAKER_0,SPEAKER_1,True,2.9,1.38,26,11,7,4,0.9992857142857143,0.996,0.998,True,False,가지고 노는 시간은 하루에 몇 시간 정도인가요?,한 시간도 안 해요.
1112,26,156755,159775,3020,3.02,SPEAKER_1,SPEAKER_0,True,1.061,2.5,9,22,2,6,0.985,0.993,0.948,False,True,실망한 표정이요.,아빠가 그런 표정을 짓는 이유가 뭔가요?
1112,100,695240,698260,3020,3.02,SPEAKER_1,SPEAKER_0,True,0.5,4.66,4,34,1,7,0.378,0.378,0.9757142857142856,False,True,아니요.,내가 싫다는데도 계속해서 연락하거나 따라다니는 사람이 있나요?
1136,52,294230,297250,3020,3.02,SPEAKER_0,SPEAKER_1,True,3.3,0.5,26,4,8,1,0.9915,0.945,0.68,True,False,학교나 학원 끝나고 집에 가면 보통 누가 있어?,엄마요.
1136,99,552095,555115,3020,3.02,SPEAKER_1,SPEAKER_0,True,2.42,3.54,20,31,6,9,0.9421666666666666,0.943,0.953,False,True,저는 원래 꿈을 안 꿔요. 부모님한테,말 안하고서 오랫동안 집 밖으로 나와 있었던 적이 있어?
1786,6,27010,30030,3020,3.02,SPEAKER_0,SPEAKER_0,False,2.1,1.38,18,19,5,5,0.9766,0.997,0.9322,False,True,어제 창문 닫다가 조심하지 않아서,다쳤어요. 무엇을 할 때 즐겁나요?
1786,16,84950,87970,3020,3.02,SPEAKER_0,SPEAKER_0,False,1.78,1.86,18,21,6,7,0.9958333333333333,0.987,0.938,True,False,몇 시에 자고 몇 시에 일어나요?,열 한 시에 다섯 일곱 시에 일어나요.
1786,44,216120,219140,3020,3.02,SPEAKER_0,SPEAKER_0,False,1.7,1.54,14,15,4,4,0.97775,0.915,0.9955,False,True,엄마 때문에 걱정이 돼요.,어떤 이유로 걱정이 되나요?
1786,46,227635,230655,3020,3.02,SPEAKER_0,SPEAKER_0,False,4.34,2.98,39,29,10,8,0.993,0.942,0.9885,False,True,엄마가 막 저한테 신경질 부리고 계속 참견하고 그러지 않았으면 해서요.,걱정 때문에 힘든 느낌이 일주일에 몇 번이나 될까요?
1786,78,404470,407490,3020,3.02,SPEAKER_0,SPEAKER_0,False,8.66,1.7,65,13,18,3,0.9277777777777778,0.824,0.8743333333333334,True,False,"네, 엄마가 화나면 너 이 집에서 나가라고 소리 지를 때가 있어요. 마음이 힘들 때 내 마음을 가족에게 이야기하나요?",아니요 친구한테만 해요.
2315,29,139730,142750,3020,3.02,SPEAKER_0,SPEAKER_0,False,2.021,1.54,23,13,7,4,0.9895714285714285,0.941,0.9745,True,False,그런 표정을 볼 때 나는 기분이 어떤가요?,저도 아빠 보면 좋아요.
2315,35,169760,172780,3020,3.02,SPEAKER_0,SPEAKER_0,False,2.1,1.62,23,17,7,4,0.9878571428571429,0.934,0.9884999999999999,True,False,그런 표정을 볼 때 나는 기분이 어떤가요?,저도 엄마랑 있으면 재미있어요.
2315,50,245210,248230,3020,3.02,SPEAKER_0,SPEAKER_0,False,1.3,1.62,12,18,3,4,0.9466666666666667,0.841,0.9864999999999999,True,False,어떤 이유로 그런가요?,친구들이랑 노는 게 재미있어서요.
2315,71,348625,351645,3020,3.02,SPEAKER_0,SPEAKER_0,False,0.901,3.22,7,31,2,8,0.911,0.824,0.968875,False,True,매번 와주세요,부모님이나 선생님 때문에 슬프거나 화가 난 적이 있나요?
2560,3,20535,23555,3020,3.02,SPEAKER_1,SPEAKER_0,True,4.34,1.381,37,13,9,4,0.9496666666666667,0.974,0.90525,False,True,일주일에 한 번 정도 주말에 엄마랑 이야기했는데 그때부터 아팠어요.,이런 일이 자주 있어요?
2560,30,157380,160400,3020,3.02,SPEAKER_0,SPEAKER_1,True,1.86,1.86,18,17,6,5,0.9738333333333333,0.954,0.9816,True,False,왜 그런 표정을 짓는 것 같아요?,엄마 마음대로 안 되면 그래요.
2560,55,269945,272965,3020,3.02,SPEAKER_0,SPEAKER_1,True,2.1,3.54,17,31,5,7,0.9946,0.996,0.9521428571428572,True,False,왜 패션 유튜버가 되고 싶어요?,제가 친구들을 스타일링을 해주는데 엄청 잘한다고 했어요.
2560,68,338190,341210,3020,3.02,SPEAKER_0,SPEAKER_1,True,1.78,0.98,13,12,4,3,0.98425,1.0,0.9033333333333333,False,False,어른들이 학교 행사에 잘,오세요. 항상 오세요.
3696,89,399480,402500,3020,3.02,SPEAKER_1,SPEAKER_0,True,0.5,3.54,4,33,1,9,0.957,0.957,0.979,False,True,아니요.,가족들끼리 소리 지르면서 싸우는 걸 듣거나 본 적이 있어요?
3821,3,18085,21105,3020,3.02,SPEAKER_1,SPEAKER_0,True,1.06,1.86,10,15,3,4,0.8736666666666667,0.999,0.99625,False,True,아니요 안 아파요.,최근에 다쳤던 적이 있나요?
3891,81,493145,496165,3020,3.02,SPEAKER_0,SPEAKER_1,True,2.82,0.5,29,4,8,1,0.9105,0.833,0.884,True,False,주위 어린이나 가족 중 나를 때렸던 사람이 있었어요?,아니요.
5036,18,79900,82920,3020,3.02,SPEAKER_1,SPEAKER_0,True,0.9,2.5,6,28,2,8,0.999,0.998,0.963,False,True,푸는 방법을,모르겠어요. 평소에 몇 시에 자고 몇 시에 일어나?
5069,43,203875,206895,3020,3.02,SPEAKER_1,SPEAKER_0,True,1.3,2.5,11,23,2,7,0.7849999999999999,0.742,0.8898571428571429,False,True,상냥학에 대해줘서요.,A) 요즘 가장 큰 걱정거리는 어떤 거야?
5069,44,209395,212415,3020,3.02,SPEAKER_0,SPEAKER_0,False,2.5,0.581,23,8,7,2,0.8898571428571429,0.909,0.8500000000000001,True,False,A) 요즘 가장 큰 걱정거리는 어떤 거야?,A) 가족이요.
5069,47,233865,236885,3020,3.02,SPEAKER_0,SPEAKER_1,True,3.06,6.82,30,50,8,13,0.9535,0.772,0.9649230769230769,True,False,걱정거리 때문에 불편한 느낌이 일주일에 몇 번 정도일까,매일요. 매일 집이 더러우니까요. 엄마가 걱정되면서 절 안 봐줘서 짜증도 나고 막 그래요.
5113,31,175045,178065,3020,3.02,SPEAKER_0,SPEAKER_0,False,2.98,2.5,27,21,7,7,0.9685714285714285,0.977,0.9724285714285714,False,True,새벽에 일하고 그러니까 힘들어서 그런 것 같아요.,그 표정을 지을 때 친구 기분은 어때?
5113,60,321690,324710,3020,3.02,SPEAKER_0,SPEAKER_0,False,0.9,1.54,9,13,2,4,0.8935,0.788,0.99275,False,True,저는 야구선수요.,되고 싶은 이유가 있어?
5113,114,645280,648300,3020,3.02,SPEAKER_0,SPEAKER_0,False,3.22,0.5,34,4,9,1,0.9426666666666667,0.905,0.662,True,False,생각하고 싶지 않은데도 자꾸 안 좋은 기억이 떠오른다고 있어?,아니요.
5113,116,655775,658795,3020,3.02,SPEAKER_0,SPEAKER_0,False,3.78,0.98,37,7,10,2,0.9234,0.745,0.875,True,False,어른들 허락이나 말도 없이 집에 오랫동안 나와 있었던 적이 있었어?,가출은 하네요
0216,17,79256,82275,3019,3.019,SPEAKER_1,SPEAKER_0,True,2.181,4.915,15,27,5,8,0.912,0.957,0.92525,False,True,네 꿈을 꿔서 자주 깼어요.,평상시 아버지는 어떤 표정을 자주 짓는 것 같아?
0379,103,604666,607685,3019,3.019,SPEAKER_0,SPEAKER_0,False,3.861,0.5,30,4,8,1,0.99525,0.993,0.995,True,False,친구들이 나를 자주 놀리거나 괴롭힌다고 느낀 적 있어?,없어요.
0379,109,634505,637524,3019,3.019,SPEAKER_0,SPEAKER_0,False,2.741,3.221,16,21,6,6,0.9433333333333334,0.884,0.9818333333333333,True,False,잠잘 때 주로 어떤 꿈을 꿔?,커다란 괴물이 나를 덮치는 꿈을 꿔요.
1136,72,400460,403479,3019,3.019,SPEAKER_1,SPEAKER_0,True,2.261,2.421,25,21,7,5,0.7808571428571429,0.753,0.9506,False,True,나왔어? 네. 집 앞 부리터에 앉아 있었어요.,아빠가 집에서 자가라고 자주 그러시니?
2560,50,245405,248424,3019,3.019,SPEAKER_1,SPEAKER_0,True,2.5,1.221,24,11,6,3,0.998,0.996,0.9856666666666667,False,True,엄마가 힘들게 하긴 하지만 그래도 행복해요.,어떤 점이 행복해요?
2560,99,500056,503075,3019,3.019,SPEAKER_0,SPEAKER_0,False,2.021,3.62,17,36,5,11,0.9678,0.9,0.9608181818181818,False,True,엄마가 제 마음을 몰라줄 때요.,안 좋은 기억 때문에 괴로워서 죽고 싶다는 생각을 한 적 있나요?
3821,42,238780,241799,3019,3.019,SPEAKER_1,SPEAKER_0,True,0.74,2.261,6,21,2,4,0.99,0.98,0.882,False,True,세 명이요.,"담임 선생님을 좋아하나요, 싫어하나요?"
3891,79,481360,484379,3019,3.019,SPEAKER_0,SPEAKER_1,True,2.101,3.221,27,28,7,8,0.9812857142857143,0.9,0.994875,True,False,마음이 힘들 때 누구에게 내 마음을 이야기하나요?,말할 사람 없어요. 삼촌은 저 알아서 하라고 해요.
5113,44,244060,247079,3019,3.019,SPEAKER_0,SPEAKER_0,False,1.22,1.621,9,14,3,3,0.9813333333333333,0.992,0.917,False,True,다 같이 놀아요.,담임 선생님은 좋아하시러?
5113,95,525046,528065,3019,3.019,SPEAKER_0,SPEAKER_0,False,0.501,4.181,4,37,1,8,0.968,0.968,0.992375,False,True,아니요.,친구가 싫다고 하는데도 계속해서 연락하거나 따라다니는 사람이 있어?
0006,45,202420,205435,3015,3.015,SPEAKER_1,SPEAKER_0,True,0.98,1.7,7,13,2,4,0.7685,0.999,0.99925,False,True,"네, 있어요.",왜 걱정되는 것 같나요?
0006,136,626570,629585,3015,3.015,SPEAKER_1,SPEAKER_0,True,0.5,2.261,4,20,1,5,0.954,0.954,0.9954,False,True,아니요.,어떨 때 마음이 복잡하거나 힘든가요?
0216,54,256740,259755,3015,3.015,SPEAKER_0,SPEAKER_0,False,7.7,4.5,56,41,14,10,0.9467142857142857,0.964,0.938,True,True,빨래가 되지 않아서 더럽고 냄새나는 옷을 입는다거나 사이즈가 안맞는 옷이나 신발을 착용한 적이 있어?,없어요. 인터넷이나 휴대폰을 가지고 노는 시간은 하루에 몇 시간 정도일까?
0379,8,44160,47175,3015,3.015,SPEAKER_0,SPEAKER_0,False,3.54,1.7,25,14,8,5,0.89325,0.849,0.8972,True,False,최근 일주일 동안 짜증이나 화가 난 적 있어?,"네, 짜증 난 적 있어요."
0379,69,407945,410960,3015,3.015,SPEAKER_1,SPEAKER_0,True,1.941,5.38,16,38,5,10,0.9598,0.866,0.9514,False,False,다섯 시간 정도인 것 같아요.,인터넷이나 휴대폰 게임을 너무 많이 한다고 어른들이 뭐라고 하지 않아
0379,52,288735,291740,3005,3.005,SPEAKER_1,SPEAKER_1,False,0.58,2.58,4,17,2,5,0.7925,0.747,0.9224,False,False,그 일이,학교에 소문 날까 봐 걱정돼요.
0379,110,640745,643750,3005,3.005,SPEAKER_0,SPEAKER_0,False,3.221,7.14,21,47,6,12,0.9818333333333333,0.973,0.9453333333333334,False,True,커다란 괴물이 나를 덮치는 꿈을 꿔요.,잠들기 힘들고 잠자는 중간에 자주 깼던 이유가 무섭거나 힘들었던 그런 경험 때문이야?
1786,17,89830,92835,3005,3.005,SPEAKER_0,SPEAKER_0,False,1.86,2.1,21,19,7,5,0.938,0.981,0.973,False,True,열 한 시에 다섯 일곱 시에 일어나요.,자고 일어나면 몸 상태는 어떤가요?
2315,36,174400,177405,3005,3.005,SPEAKER_0,SPEAKER_0,False,1.62,1.46,17,10,4,2,0.9884999999999999,0.969,0.9485,False,True,저도 엄마랑 있으면 재미있어요.,형제자매가 있나요?
3242,47,285570,288575,3005,3.005,SPEAKER_0,SPEAKER_1,True,2.58,3.94,21,31,5,8,0.9968,0.993,0.8765000000000001,False,False,이번 일을 겪으면서 걱정이 많아졌네요.,네 그럼 무서운 사람이 담임 선생님이라서 정말 힘들어요.
5113,53,290485,293490,3005,3.005,SPEAKER_0,SPEAKER_0,False,3.14,1.38,31,11,8,3,0.9725,0.844,0.872,True,False,걱정거리 때문에 불편한 느낌이 일주일에 몇 번 정도일까?,요즘에는 매일 그래요
2674,60,333861,336865,3004,3.004,SPEAKER_1,SPEAKER_0,True,3.061,2.74,23,26,5,7,0.9916,0.989,0.9747142857142858,False,True,멋있어요. 제가 가장 존경하는 사람이에요.,집에서 주로 나를 돌봐주는 어른 은 누구인가요?
0379,55,304160,307155,2995,2.995,SPEAKER_1,SPEAKER_0,True,0.9,0.98,8,8,2,2,0.751,0.998,0.9964999999999999,False,False,네. 힘들어요.,요즘 행복하다고
1112,71,477505,480500,2995,2.995,SPEAKER_1,SPEAKER_0,True,0.5,4.18,4,34,1,10,0.9,0.9,0.917,False,True,아니요.,옷이나 신발 사이즈가 작은 걸 입거나 신고 다닌 적이 있나요?
2315,10,49195,52190,2995,2.995,SPEAKER_0,SPEAKER_0,False,2.5,2.42,24,24,6,9,0.9891666666666666,0.994,0.9,False,False,귀여운 물건들이 많아서 볼 것들이 많거든요.,최근 일 주일 동안 짜증이 나 화가 난 적이
3696,71,325610,328605,2995,2.995,SPEAKER_0,SPEAKER_1,True,2.58,1.94,28,15,8,4,0.950125,0.617,0.99775,True,False,마음이 힘들 때 가족에게 내 마음을 이야기 하나요?,가끔 엄마한테 말하긴 해요.
2560,24,128015,131009,2994,2.994,SPEAKER_0,SPEAKER_1,True,1.86,1.541,18,14,6,3,0.8653333333333333,0.656,0.9973333333333333,True,False,왜 그런 표정을 짓는 거 같아요?,저한테 엄격하게 대하세요.
0379,114,676240,679225,2985,2.985,SPEAKER_1,SPEAKER_0,True,2.66,3.22,22,22,7,7,0.9262857142857143,0.975,0.9321428571428572,False,True,하루에 한 번은 생각이 나는 것 같아요.,이런 싫은 기억이 떠오를 때 어떻게 해?
0379,104,608185,611160,2975,2.975,SPEAKER_0,SPEAKER_0,False,0.5,2.18,4,19,1,5,0.995,0.995,0.9976,False,True,없어요.,어떨 때 마음이 복잡하거나 힘들어?
0379,58,317896,320870,2974,2.974,SPEAKER_0,SPEAKER_1,True,1.141,7.86,8,51,3,13,0.9983333333333333,0.999,0.9383846153846154,False,False,왜 그렇게 느껴,그냥 불안해요. 그때 일이 엄마나 아빠 귀에 들어가면 어떡하지? 이런 생각 때문에 무서워요.
3821,32,181625,184599,2974,2.974,SPEAKER_0,SPEAKER_1,True,1.62,7.781,13,58,3,16,0.9883333333333333,1.0,0.9465625,True,False,혹시 형제자매가 있어요?,네. 저까지 네 명이에요. 바로 아래는 남동생 그리고 여동생이 두 명 있어요. 막내는 이제 세 살이에요.
0184,93,445565,448530,2965,2.965,SPEAKER_1,SPEAKER_0,True,1.46,3.7,10,27,3,7,0.9803333333333333,0.951,0.9967142857142857,False,True,피시방은 안 가요.,부모님이나 선생님 때문에 화나거나 슬픈 적 있어?
3891,11,63670,66635,2965,2.965,SPEAKER_1,SPEAKER_0,True,2.181,3.22,19,32,5,9,0.9448,0.916,0.9328888888888889,False,True,"싶은데, 삼촌이 못 나가게 해서요.",본인을 화나게 하거나 짜증 나게 하는 일이 자주 일어나요?
0004,55,248666,251630,2964,2.964,SPEAKER_0,SPEAKER_1,True,3.701,0.5,24,4,6,1,0.9818333333333333,0.924,0.99,True,False,집에서 주로 나를 돌봐주는 어른은 누구예요?,엄마요.
0005,44,209635,212590,2955,2.955,SPEAKER_1,SPEAKER_0,True,3.22,2.02,28,17,7,5,0.8964285714285715,0.881,0.9508,False,True,저한테 신경을 많이 써주시고 친절하게 말해 주거든요,요즘 제일 걱정되는 게 뭐예요?
1786,42,206825,209780,2955,2.955,SPEAKER_0,SPEAKER_0,False,4.66,2.02,41,18,11,5,0.8904545454545455,0.97,0.9982,False,True,다른 애들한테는 무관심하고 학부모 애 하는 엄마 애들만 챙기는 것 같아서요,요즘 가장 큰 걱정은 무엇인가요?
2560,100,506695,509650,2955,2.955,SPEAKER_0,SPEAKER_1,True,3.62,1.78,36,18,11,5,0.9608181818181818,0.889,0.897,True,False,안 좋은 기억 때문에 괴로워서 죽고 싶다는 생각을 한 적 있나요?,아니요. 그런 생각은 안 했어요.
2674,52,290195,293150,2955,2.955,SPEAKER_1,SPEAKER_0,True,3.06,2.66,24,24,7,7,0.9628571428571429,0.977,0.9794285714285714,False,True,일주일에 세 번 이상 눈치 보이고 불편해요.,"요즘 행복한 것 같아요, 불행한 것 같아요?"
2677,52,264875,267830,2955,2.955,SPEAKER_1,SPEAKER_1,False,3.3,2.58,27,23,8,7,0.9396249999999999,0.979,0.9741428571428572,False,False,딱히 생각해 본 적 없어요. 아직 잘 모르겠어요.,집에서 주로 나를 돌봐주는 어른 은 누구야
3242,31,186355,189310,2955,2.955,SPEAKER_0,SPEAKER_1,True,3.22,3.38,26,28,8,6,0.9655,0.985,0.9708333333333333,True,False,왜 시설 선생님이 그런 표정을 짓는 거 같아요?,제가 학교에서 다쳐서 왔으니까요. 너무 걱정된대요.
3821,51,283105,286060,2955,2.955,SPEAKER_0,SPEAKER_1,True,2.42,10.66,21,84,6,22,0.999,0.996,0.9604090909090909,True,False,어떤 점에서 가장 걱정되는 것 같아요?,집이 점점 더 더러워지고 있고 집 안에 쓰레기도 너무 많아져서 우리가 지내기가 너무 힘들어요. 그리고 제가 학교에 오면 막내를 돌봐줄 사람이 없어서요.
3821,91,585480,588435,2955,2.955,SPEAKER_0,SPEAKER_1,True,7.3,0.9,65,8,18,2,0.9910555555555556,0.999,0.7345,True,False,나의 신체 부위를 사진 영상을 찍어 어디에 올리거나 보낸 적이 있나요? 아니면 누가 그렇게 해달라고 한 적이 있나요?,아니요 없어요.
5113,51,276470,279425,2955,2.955,SPEAKER_0,SPEAKER_0,False,2.1,3.7,19,34,6,10,0.9051666666666667,0.509,0.981,True,False,무엇 때문에 걱정이 되는 것 같아?,청소도 안 하고 밥도 안 하고 그냥 집에서 가만히만 있어서요.
3242,36,213666,216620,2954,2.954,SPEAKER_1,SPEAKER_0,True,1.061,2.34,8,18,2,4,0.8454999999999999,0.743,0.97125,False,True,아니요 없어요.,친구들이랑은 주로 뭐하고 놀아요?
3821,65,383206,386160,2954,2.954,SPEAKER_0,SPEAKER_1,True,2.821,11.22,26,91,8,26,0.967375,0.991,0.9647692307692308,True,False,배가 고픈데 먹을 게 없어서 굶은 적이 있나요?,집에 먹을 것도 없고 집이 너무 더러워서 거의 항상 동생들을 데리고 편의점에 가서 밥을 먹어요. 돈이 떨어지면 밥을 못 사 먹기도 해요. 일주일에 한 번은 그래요.
3821,71,439895,442849,2954,2.954,SPEAKER_0,SPEAKER_1,True,3.86,3.221,33,29,10,7,0.994,0.999,0.9791428571428571,True,False,옷이나 신발 크기가 작은 걸 입거나 신고 다닌 적이 있나요?,항상 그래요. 크기도 계절도 맞지 않는 것들뿐이에요.
0004,2,9940,12880,2940,2.94,SPEAKER_0,SPEAKER_1,True,1.14,0.5,10,6,2,1,0.995,0.99,0.984,True,False,누구에게 맞았어요?,아빠한테요.
0004,43,185195,188135,2940,2.94,SPEAKER_1,SPEAKER_0,True,0.5,1.54,4,12,1,3,0.978,0.978,0.964,False,True,좋아요.,어떤 부분에서 좋아요?
0004,52,231330,234270,2940,2.94,SPEAKER_1,SPEAKER_0,True,3.38,2.18,30,17,7,5,0.938,0.95,0.9994,False,True,새아빠가 사라졌으면 좋겠는데 그러지 않을 것 같아서요.,커서 어떤 사람이 되고 싶어요?
0005,46,217250,220190,2940,2.94,SPEAKER_1,SPEAKER_0,True,0.5,1.7,6,14,1,4,0.878,0.878,0.94025,False,True,여동생이요.,어떤 점에서 걱정이 돼요?
0005,106,535020,537960,2940,2.94,SPEAKER_0,SPEAKER_1,True,3.62,0.5,36,4,10,1,0.9835,0.992,0.534,True,False,생각하고 싶지 않은데도 자꾸 안 좋은 기억이 떠오른 적이 있나요?,아니요.
0006,49,222360,225300,2940,2.94,SPEAKER_1,SPEAKER_0,True,1.06,2.741,8,23,2,7,0.9645,1.0,0.9985714285714286,False,True,네. 힘들어요.,한 달에 몇 번 정도 불편하거나 힘든가요?
0006,138,635925,638865,2940,2.94,SPEAKER_1,SPEAKER_0,True,1.38,3.94,10,34,3,10,0.997,0.991,0.9961,False,True,엄마가 때릴 때요.,안 좋은 기억 때문에 괴로워서 죽고 싶다고 생각한 적 있나요?
0216,7,30580,33520,2940,2.94,SPEAKER_1,SPEAKER_0,True,1.14,3.3,8,26,2,8,0.876,0.947,0.92675,False,True,일주일 전이요.,최근 일주일 동안 짜증 나거나 화난 적이 있을까
0216,68,346675,349615,2940,2.94,SPEAKER_0,SPEAKER_1,True,2.261,6.265,24,40,6,10,0.9938333333333333,0.971,0.9043,True,False,없어요. 어떨 때 마음이 복잡하거나 힘들까?,체육관 선생님이 바지랑 팬티 벗겨서 학교 가는게 너무 창피하고 힘들어요.
0379,57,313815,316755,2940,2.94,SPEAKER_1,SPEAKER_0,True,2.5,1.141,19,8,6,3,0.8496666666666667,0.913,0.9983333333333333,False,False,느껴 아니요 안 행복한 거 같아요.,왜 그렇게 느껴
0379,100,585760,588700,2940,2.94,SPEAKER_1,SPEAKER_0,True,0.5,4.58,4,35,1,10,0.979,0.979,0.9819,False,True,아니요.,집에서 어른들끼리 소리 지르면서 싸우는 걸 듣거나 본 적 있어?
1112,20,120240,123180,2940,2.94,SPEAKER_1,SPEAKER_0,True,2.5,3.3,22,23,7,7,0.9712857142857143,0.987,0.9754285714285714,False,True,새벽 한 시에 자고 일곱 시에 일어나요.,아침에 일어났을 때 몸 상태는 좀 어때요?
1112,22,131405,134345,2940,2.94,SPEAKER_1,SPEAKER_0,True,0.741,4.82,8,32,2,9,0.9964999999999999,0.997,0.9484444444444444,False,False,좋은 편이에요.,평소에 잠들기 힘들거나 잠 자는 도중에 자주 깨기도 해요.
2315,14,69515,72455,2940,2.94,SPEAKER_0,SPEAKER_0,False,2.98,1.54,29,16,9,5,0.9344444444444444,0.985,0.892,False,True,비 올 줄 모르고 오전에 안 가져갔는데 비가 와서요.,짜증 나는 일이 자주 있나요?
2315,16,79210,82150,2940,2.94,SPEAKER_0,SPEAKER_0,False,1.54,2.34,14,22,4,6,0.8474999999999999,0.989,0.993,False,True,일주일에 한두 번 정도요.,그럼 짜증이나 화가 나면 어떻게 풀어요?
2315,17,84490,87430,2940,2.94,SPEAKER_0,SPEAKER_0,False,2.34,2.98,22,24,6,5,0.993,0.99,0.9598,True,False,그럼 짜증이나 화가 나면 어떻게 풀어요?,엄마 아빠랑 이야기하거나 친구들이랑 놀아요.
2315,20,101055,103995,2940,2.94,SPEAKER_0,SPEAKER_0,False,1.78,1.94,19,18,6,5,0.9923333333333333,0.987,0.9974,False,True,열 시에 자고 일곱 시에 일어나요.,자고 일어나면 몸 상태는 어때요?
2315,60,296335,299275,2940,2.94,SPEAKER_0,SPEAKER_0,False,3.701,1.46,34,14,10,4,0.9498,0.992,0.83925,True,False,배가 고픈데 먹을 게 없어서 굶은 적이 있나요? 왜 그랬나요?,아니요 그런 적은 없어요.
2560,15,83950,86890,2940,2.94,SPEAKER_1,SPEAKER_0,True,3.14,1.78,26,18,7,6,0.974,0.901,0.975,False,True,맛있는 것도 먹고 친구랑 연락하면 조금 나아요.,몇 시에 자고 몇 시에 일어나요?
2560,44,216575,219515,2940,2.94,SPEAKER_0,SPEAKER_1,True,1.94,3.78,16,31,5,8,0.9966,0.984,0.988125,True,False,요즘 가장 큰 걱정이 뭐예요?,엄마가 매일 공부하기만 하고 제 생각을 들어주지 않아요.
2560,49,239965,242905,2940,2.94,SPEAKER_0,SPEAKER_1,True,1.14,2.5,10,24,3,6,0.8156666666666667,0.917,0.998,True,False,행복한 거 같아요?,엄마가 힘들게 하긴 하지만 그래도 행복해요.
2560,63,309280,312220,2940,2.94,SPEAKER_0,SPEAKER_1,True,2.82,1.22,29,9,8,3,0.97425,0.988,0.9953333333333333,True,False,아픈 곳이 있는데 병원에 데려가지 않은 적이 있어요?,병원 바로 가요.
2560,66,324015,326955,2940,2.94,SPEAKER_1,SPEAKER_0,True,2.661,4.355,9,34,3,10,0.9596666666666667,0.993,0.9713,False,False,없던 것 같아요.,옷이나 신발이 작은 걸 입거나 신고 다닌 적 있어요? 없어요.
2560,97,489260,492200,2940,2.94,SPEAKER_1,SPEAKER_0,True,0.66,2.661,7,25,2,6,0.999,1.0,0.9906666666666667,False,True,친구들이랑 잘,지내요. 어떨 때 마음이 복잡하거나 힘들어요?
2674,25,136600,139540,2940,2.94,SPEAKER_1,SPEAKER_0,True,4.895,3.221,40,24,12,6,0.9438333333333333,0.986,0.9488333333333333,False,True,자주 깨요. 아마 할아버지 코 구는 소리가 너무 심해서 그런 것 같아요.,평소에 할아버지는 어떤 표정을 자주 짓나요?
2677,16,84750,87690,2940,2.94,SPEAKER_1,SPEAKER_0,True,1.38,4.581,12,32,3,10,0.97,0.939,0.9463,False,False,몸이 갈렸고 상쾌해요.,평소에 잠이 들기 힘들거나 잠 자는 중간에 자주 깨기도 해
3821,79,491835,494775,2940,2.94,SPEAKER_0,SPEAKER_1,True,2.66,2.34,23,20,6,5,0.9996666666666667,0.998,0.9986,True,False,아빠의 어떤 말이나 행동 때문에 그랬어요?,우리를 전혀 돌봐주지 않는 행동이요.
3821,95,608130,611070,2940,2.94,SPEAKER_0,SPEAKER_1,True,4.02,0.5,34,4,9,1,0.9615555555555556,0.999,0.819,True,False,가족들끼리 소리를 지르면서 싸우는 걸 듣거나 본 적이 있나요?,아니요.
3821,102,645325,648265,2940,2.94,SPEAKER_1,SPEAKER_0,True,0.5,3.14,4,27,1,8,0.995,0.995,0.9865,False,True,없어요.,"잠잘 때 주로 어떤 꿈을 꾸나요, 악몽을 꾸나요?"
3891,33,187140,190080,2940,2.94,SPEAKER_0,SPEAKER_1,True,1.38,0.66,13,7,3,2,0.9726666666666667,0.996,0.9784999999999999,True,False,형제자매는 몇 명이에요?,저 혼자예요.
3891,58,345150,348090,2940,2.94,SPEAKER_1,SPEAKER_0,True,0.5,2.66,5,26,1,8,0.991,0.991,0.9655,False,True,삼촌이요.,배가 고픈데 먹을 게 없어서 굶은 적이 있나요?
5036,99,476655,479595,2940,2.94,SPEAKER_0,SPEAKER_0,False,4.9,2.18,32,21,9,7,0.8991111111111111,0.722,0.9392857142857143,False,True,엄마가 그럴 때마다 죽고 싶었어요 근데 너 무서워서 그러진,못했어요 잠잘 때 주로 어떤 꿈을 꿔?
5069,27,136850,139790,2940,2.94,SPEAKER_0,SPEAKER_1,True,2.26,1.62,24,12,6,3,0.9593333333333334,0.797,0.9993333333333333,True,False,평소에 어머니는 어떤 표정을 자주 지으셨어?,엄마도 표정이 없어요.
5069,87,463905,466845,2940,2.94,SPEAKER_1,SPEAKER_0,True,1.86,4.18,18,37,5,8,0.8284,0.943,0.979625,False,True,이런 질문은 짜증 나요. 없어요.,친구가 싫다고 하는데도 계속해서 연락하거나 따라다니는 사람이 있어?
5113,16,85270,88210,2940,2.94,SPEAKER_0,SPEAKER_0,False,0.5,1.62,5,14,1,4,0.822,0.822,0.81875,False,True,짜증나요.,무엇 때문에 짜증이 났어?
5113,24,137110,140050,2940,2.94,SPEAKER_0,SPEAKER_0,False,2.34,0.82,20,6,6,2,0.9713333333333334,0.995,0.8705,True,False,아침에 일어났을 때 몸 상태는 어때?,그냥 그래요
5113,26,148015,150955,2940,2.94,SPEAKER_0,SPEAKER_0,False,3.78,1.62,36,14,10,5,0.9333,0.474,0.9184,True,False,평소에 잠이 들기 힘들거나 잠자는 중간에 자주 깨는 경우가 있어?,아니요 잘 자는 것 같아요
5113,41,231525,234465,2940,2.94,SPEAKER_0,SPEAKER_0,False,3.06,1.22,17,13,4,3,0.9275,0.93,0.8583333333333333,True,False,친구들이랑은 주로 뭐하고 놀아?,학교에서 같이 야구해요.
5113,46,252735,255675,2940,2.94,SPEAKER_0,SPEAKER_0,False,1.14,1.7,7,15,2,4,0.7355,0.475,0.9924999999999999,False,True,선생님 좋아요,어떤 부분에서 그렇게 느껴?
0006,13,58300,61239,2939,2.939,SPEAKER_1,SPEAKER_0,True,1.62,2.981,13,20,3,6,0.9816666666666667,0.992,0.9665,False,True,엄마가 때리고 화내서요.,최근 짜증이나 화가 난 적이 있나요?
1112,52,340010,342949,2939,2.939,SPEAKER_0,SPEAKER_1,True,5.54,3.221,25,23,6,6,0.9343333333333333,0.772,0.8391666666666666,False,False,성적 때문에 생활이 불편하거나 힘들어요? 네.,일주일에 한두 번 정도 문득문득 힘들어요.
1112,120,831260,834199,2939,2.939,SPEAKER_1,SPEAKER_0,True,2.34,2.821,18,24,4,7,0.82925,0.869,0.9915714285714285,False,True,가끔이요. 일 주일에 한두번이요.,이런 싫은 기억이 떠오를 때 어떻게 하나요?
2560,17,93485,96424,2939,2.939,SPEAKER_1,SPEAKER_0,True,2.02,2.181,19,20,6,6,0.8948333333333334,0.76,0.9271666666666667,False,True,열두 시에 자서 일곱 시에 일어나요,아침 일어났을 때 몸 상태가 어때요?
2560,85,427605,430544,2939,2.939,SPEAKER_1,SPEAKER_0,True,1.14,1.621,8,14,2,4,0.8654999999999999,0.756,0.9615,False,True,아니요 없어요.,혼날 때는 어떻게 혼나요?
2560,92,463551,466490,2939,2.939,SPEAKER_0,SPEAKER_1,True,4.021,1.061,34,9,7,3,0.9678571428571429,0.987,0.993,True,False,내가 싫다는데도 계속해서 연락하거나 따라다니는 사람이 있어요?,없는 것 같아요.
2677,97,507206,510145,2939,2.939,SPEAKER_1,SPEAKER_0,True,8.181,2.021,59,15,16,6,0.9065625,0.611,0.9748333333333333,False,False,죽고 싶다는 생각은 해본 적 있는데 아빠처럼 자해하거나 진짜 죽고 싶지는 않아요. 시도해 본 적도 없구요.,잠잘 때 주로 어떤 꿈을 꿔
3821,99,628161,631100,2939,2.939,SPEAKER_0,SPEAKER_1,True,2.181,1.701,20,17,5,5,0.998,0.99,0.9992,True,False,어떨 때 마음이 복잡하거나 힘든가요?,집에 갈 때마다 너무 힘들어요.
3891,0,4900,7839,2939,2.939,SPEAKER_0,SPEAKER_1,True,3.22,1.221,33,11,8,3,0.898875,0.939,0.9913333333333333,True,False,최근에 건강한지 아니면 아픈 곳이 있었는지 이야기해 줄래요?,아픈 곳은 없었어요.
5069,76,402521,405460,2939,2.939,SPEAKER_1,SPEAKER_0,True,1.541,4.98,12,48,3,12,0.792,0.991,0.896,False,True,아니요 관심이 없어요.,어른들이 집에서 쫓아내거나 버리겠다고 말하거나 어디에 가두고 못 나오게 한 적이 있어?
0004,80,398240,401175,2935,2.935,SPEAKER_1,SPEAKER_0,True,1.06,3.46,7,26,3,7,0.9733333333333334,0.936,0.9991428571428571,False,True,꿈을 안 꿔요,아까 자다가 자주 깬다고 했는데 이유가 뭐예요?
2315,67,329085,332020,2935,2.935,SPEAKER_0,SPEAKER_0,False,0.66,3.3,7,37,2,9,0.983,0.974,0.9961111111111111,False,True,안 그랬어요.,인터넷이나 휴대폰을 가지고 노는 시간은 하루에 몇 시간 정도인가요?
2560,56,276505,279440,2935,2.935,SPEAKER_1,SPEAKER_0,True,3.54,2.26,31,21,7,5,0.9521428571428572,0.954,0.9512,False,True,제가 친구들을 스타일링을 해주는데 엄청 잘한다고 했어요.,집에서 주로 돌봐주는 사람이 누구예요?
0379,61,346525,349450,2925,2.925,SPEAKER_1,SPEAKER_0,True,0.5,2.98,2,23,1,7,0.916,0.916,0.8688571428571429,False,False,네.,집에서 주로 나를 돌봐 주는 어른은 누구야
1112,41,276425,279350,2925,2.925,SPEAKER_1,SPEAKER_0,True,11.381,2.34,76,17,20,4,0.95025,0.996,0.8612500000000001,False,False,"네, 언니가 공부를 잘하거든요. 이번에도 전교 일 등 했어요. 그래서 그런지 엄마 아빠가 언니를 훨씬 더 예뻐하고 언니한테 더 관대해요.",친구들이랑은 주로 뭐하고 놀아요
2315,55,270815,273740,2925,2.925,SPEAKER_0,SPEAKER_0,False,1.54,2.42,15,24,4,6,0.9465,0.829,0.9688333333333333,False,True,여러 나라에 가보고 싶어서요,집에서 주로 나를 돌봐준 어른은 누구인가요?
5036,52,225500,228425,2925,2.925,SPEAKER_1,SPEAKER_0,True,2.1,3.54,16,24,5,6,0.9601999999999999,0.954,0.9598333333333333,False,True,저는 아무것도 못할 것 같아요,집에서 주로 친구를 돌봐주는 어른은 누구야?
0004,41,176980,179895,2915,2.915,SPEAKER_1,SPEAKER_0,True,1.78,2.38,14,19,5,4,0.9726,0.993,0.86175,False,True,친한 친구 두 명 있어요.,"담임 선생님을 좋아해요, 싫어해요?"
0379,111,650890,653805,2915,2.915,SPEAKER_0,SPEAKER_1,True,7.14,9.22,47,55,12,16,0.9453333333333334,0.964,0.916,True,False,잠들기 힘들고 잠자는 중간에 자주 깼던 이유가 무섭거나 힘들었던 그런 경험 때문이야?,잠들기 힘들거나 잠자는 중간에 자주 깨진 않는데요 평소에 꿈을 너무 많이 꿔서 잔 것 같지가 않아요
1112,99,691825,694740,2915,2.915,SPEAKER_0,SPEAKER_1,True,9.38,0.5,64,4,15,1,0.9801333333333333,0.999,0.378,True,False,인터넷이나 휴대폰을 통해 성적인 목적으로 나의 신체부위를 사진이나 영상을 찍어 누구에게 보내거나 올린 적이 있나요?,아니요.
1136,91,508205,511120,2915,2.915,SPEAKER_1,SPEAKER_0,True,3.14,4.5,30,38,9,11,0.9497777777777777,0.999,0.9805454545454545,False,True,아니요. 부모님이 싸울 때 저는 방 안에 숨어 있어요.,부모님이 싸운 것 때문에 경찰이 오거나 다른 사람들이 온 적이 있니?
5069,93,502795,505710,2915,2.915,SPEAKER_1,SPEAKER_0,True,4.66,3.86,42,34,13,9,0.9263076923076923,0.538,0.9221111111111111,False,True,엄마는 가끔 술 먹어요. 근데 혼자 조용히 먹기만 하고 또 안 치우고 그래요,친구나 또래가 나를 자주 놀리거나 괴롭힌다고 느낀 적이 있어?
0006,110,507215,510120,2905,2.905,SPEAKER_1,SPEAKER_0,True,1.38,4.5,10,36,3,9,0.9516666666666667,0.998,0.9913333333333333,False,True,"아뇨, 안 갔어요.",원하지 않는데도 누군가 몸을 만지거나 보여달라고 한 적이 있나요?
0184,59,275355,278260,2905,2.905,SPEAKER_1,SPEAKER_0,True,3.46,1.7,30,13,7,4,0.9631428571428572,0.894,0.9844999999999999,False,True,담임 선생님이 체육 선생님이라서 축구 자주 시켜줘서요.,요즘 걱정하는 게 있어?
0184,111,546230,549135,2905,2.905,SPEAKER_0,SPEAKER_1,True,3.54,0.5,28,4,8,1,0.9944999999999999,0.993,0.986,True,False,생각하기 싫은데도 자꾸 그 기억이 떠오른 적 있어?,아니요.
2560,106,535585,538490,2905,2.905,SPEAKER_0,SPEAKER_1,True,3.54,0.5,32,4,9,1,0.9907777777777778,0.995,0.985,True,False,생각하고 싶지 않은데 자꾸 그 기억이 떠오른 적이 있어요?,아니요.
3891,4,25075,27980,2905,2.905,SPEAKER_0,SPEAKER_1,True,1.22,1.14,12,8,4,3,0.97325,0.97,0.9716666666666667,True,False,뭘 할 때가 즐겁나요?,TV 볼 때요.
5036,23,104745,107650,2905,2.905,SPEAKER_0,SPEAKER_1,True,4.02,0.5,32,3,8,1,0.921875,0.865,0.516,True,False,평소에 잠들기 힘들다거나 잠자는 중간에 자주 깨는 편이야?,아니요
0379,83,478510,481405,2895,2.895,SPEAKER_0,SPEAKER_1,True,1.061,13.14,8,74,2,19,0.982,0.968,0.9678947368421053,True,False,어떻게 했는데?,뽀뽀하다가 갑자기 제 가슴 만지고 밑에 만지려고 해서 제가 하지 말라고 밀쳤는데도 계속 하려고 했어요. 그래서 발로 차고 도망쳤어요.
1786,88,464580,467475,2895,2.895,SPEAKER_0,SPEAKER_0,False,2.5,4.26,24,43,7,11,0.9359999999999999,0.993,0.9908181818181818,False,True,없어요. 엄마 아빠는 서로 소리 안 질러요.,어른이 아닌 주변 사람들이 나를 자주 놀리거나 괴롭힌다고 느낀 적이 있었나요?
3891,57,341755,344650,2895,2.895,SPEAKER_0,SPEAKER_1,True,2.66,0.5,25,5,6,1,0.9973333333333333,0.998,0.991,True,False,집에서 주로 나를 돌봐주는 어른은 누구인가요?,삼촌이요.
5113,45,248700,251595,2895,2.895,SPEAKER_0,SPEAKER_0,False,1.621,1.14,14,7,3,2,0.917,0.932,0.7355,True,False,담임 선생님은 좋아하시러?,선생님 좋아요
2560,91,456645,459530,2885,2.885,SPEAKER_1,SPEAKER_0,True,0.981,4.021,8,34,2,7,0.909,0.929,0.9678571428571429,False,True,아니요 없어요.,내가 싫다는데도 계속해서 연락하거나 따라다니는 사람이 있어요?
3242,44,257290,260175,2885,2.885,SPEAKER_1,SPEAKER_1,False,3.221,2.58,30,20,7,5,0.9938571428571429,0.992,0.9918,False,True,저를 이렇게 다치게 했잖아요. 정말 무서운 사람이에요.,요즘 가장 큰 걱정거리는 무엇인가요?
0005,34,159265,162140,2875,2.875,SPEAKER_1,SPEAKER_0,True,2.66,2.82,25,28,7,7,0.9468571428571428,0.988,0.9328571428571428,False,True,사이 좋아요. 제가 잘 챙겨 주는 편이라서요.,할아버지가 동생과 나를 차별한다고 느낀 적 있어요?
0006,21,96100,98975,2875,2.875,SPEAKER_1,SPEAKER_0,True,2.341,3.62,19,20,6,5,0.9975,0.998,0.9996,False,True,열 시에 자고 일곱 시에 일어나요.,아침에 일어나면 몸 상태는 어떤가요?
0184,102,489730,492605,2875,2.875,SPEAKER_0,SPEAKER_1,True,3.221,3.94,27,33,7,9,0.9928571428571429,0.997,0.9339999999999999,True,False,친구들이 자주 놀리거나 괴롭힌다고 느낀 적 있어?,아니요. 우리 애들 다 착하고 재밌어요. 아무도 안 그래요.
1136,66,367005,369880,2875,2.875,SPEAKER_1,SPEAKER_0,True,1.461,4.34,10,36,3,9,0.9696666666666667,0.924,0.9708888888888889,False,True,항상 엄마가 와요.,부모님이나 선생님 같은 어른들 때문에 억울하거나 슬픈 적이 있어?
2560,34,174515,177390,2875,2.875,SPEAKER_0,SPEAKER_1,True,1.3,0.5,9,4,2,1,0.8454999999999999,0.99,0.998,True,False,형제자매 있어요?,없어요.
2674,40,224990,227865,2875,2.875,SPEAKER_1,SPEAKER_0,True,4.9,1.541,34,13,8,4,0.99525,0.996,0.99675,False,True,친구들이랑 주로 운동해요. 축구도 하고 태권도도 같이 다녀요.,주로 몇 명이랑 놀아요?
2674,48,263655,266530,2875,2.875,SPEAKER_1,SPEAKER_0,True,0.74,1.78,7,14,2,4,0.9844999999999999,0.995,0.9572499999999999,False,True,저 스스로요.,어떤 점에서 걱정이 돼요?
2674,68,372735,375610,2875,2.875,SPEAKER_0,SPEAKER_0,False,1.06,6.261,9,52,3,15,0.9933333333333333,0.998,0.9673333333333334,False,True,그런 적 없어요.,더럽고 냄새나는 옷을 입어야 한 적이 있거나 작은 옷이나 신발을 입거나 신고 다닌 적 있나요?
2677,44,224500,227375,2875,2.875,SPEAKER_1,SPEAKER_0,True,2.58,2.66,21,22,6,7,0.7821666666666667,0.691,0.917,False,True,일주일에 한 두번 정도 그렇게 느껴요.,요즘 행복한 것 같아? 불행한 것 같아?
3731,59,269845,272720,2875,2.875,SPEAKER_1,SPEAKER_0,True,2.1,3.3,17,30,4,8,0.985,0.973,0.9855,False,True,다들 바구니에 제출하자고 해요.,부모님이나 선생님 때문에 기분이 안 좋아진 적이 있어?
3891,25,143110,145985,2875,2.875,SPEAKER_0,SPEAKER_1,True,2.34,0.5,22,5,5,1,0.839,0.483,0.913,True,False,평상시에 삼촌은 어떤 표정을 찾으신나요?,무서워요.
2560,4,24936,27810,2874,2.874,SPEAKER_0,SPEAKER_1,True,1.381,2.5,13,22,4,6,0.90525,0.901,0.9428333333333333,True,False,이런 일이 자주 있어요?,엄마랑 대화가 안 통하면 아픈거 같아요.
2674,13,61620,64494,2874,2.874,SPEAKER_1,SPEAKER_0,True,5.061,3.221,37,28,9,8,0.9737777777777777,0.961,0.9305,False,True,태권도를 오래 배우기도 했고 잘하기도 하고요. 제가 엄청 좋아해요.,최근 일주일 동안 짜증이나 화가 난 적이 있을까요?
3891,85,512060,514934,2874,2.874,SPEAKER_0,SPEAKER_1,True,4.34,0.501,41,4,11,1,0.9606363636363636,0.94,0.969,True,False,내가 원하지 않는데도 누군가가 내 몸을 만지거나 보여달라고 한 적 있어요?,아니요.
5069,10,51996,54870,2874,2.874,SPEAKER_1,SPEAKER_0,True,3.861,1.46,36,13,9,4,0.9845555555555555,0.981,0.982,False,True,엄마가 빨래를 안 해주니까 옷이 너무 더러워서 애들이 놀리거든요.,그런 일이 자주 일어나?
0005,52,248160,251025,2865,2.865,SPEAKER_1,SPEAKER_0,True,1.221,1.141,10,10,3,3,0.9466666666666667,0.94,0.9666666666666667,False,True,불행한 것 같아요.,왜 그렇게 느껴요?
0005,7,38840,41704,2864,2.864,SPEAKER_1,SPEAKER_0,True,8.34,3.061,61,28,14,8,0.9816428571428572,0.971,0.91125,False,True,제가 물고기를 엄청 좋아해서 영상을 많이 보거든요. 종류가 다양해서 종류별로 하나씩 살펴보면 엄청 흥미로워요.,최근 일주일 동안 짜증이나 화가 난 적이 있을까요?
0006,93,423985,426845,2860,2.86,SPEAKER_0,SPEAKER_1,True,3.7,1.7,30,13,7,4,0.9628571428571429,0.75,0.955,True,False,없어요. 마음이 힘들 때 누구에게 마음을 이야기하나요?,아무한테도 말 안 해요.
0006,106,488260,491120,2860,2.86,SPEAKER_1,SPEAKER_0,True,1.46,2.341,13,20,5,5,0.897,1.0,0.99,False,True,두 번 넘는 거 같아요.,그 어른에게 맞아서 얼마나 다쳤나요?
0379,28,164575,167435,2860,2.86,SPEAKER_0,SPEAKER_0,False,2.34,0.74,21,7,7,2,0.9371428571428572,0.939,0.992,True,False,엄마가 왜 그런 표정을 짓는 거 같아?,일이 힘들어서
0379,44,238790,241650,2860,2.86,SPEAKER_0,SPEAKER_1,True,1.3,1.78,9,14,3,4,0.9406666666666667,0.993,0.97775,True,False,몇 명이서 놀아?,네 명이나 다섯 명이서요.
1112,55,357675,360535,2860,2.86,SPEAKER_1,SPEAKER_0,True,0.5,2.26,5,18,1,4,0.954,0.954,0.9595,False,True,불행해요.,어떤 점에서 불행하다고 느끼나요?
1112,114,792285,795145,2860,2.86,SPEAKER_1,SPEAKER_0,True,0.74,2.9,6,22,2,6,0.9335,0.962,0.9846666666666667,False,True,네 맞아요.,꿈을 꾸고 일어나면 몸 상태가 어떤가요?
1136,61,336615,339475,2860,2.86,SPEAKER_0,SPEAKER_1,True,3.78,1.14,30,8,10,2,0.8519,0.836,0.7035,True,False,신발이 안 맞도록 작은 걸 입거나 신어 본 적이 있어?,아니요 없어요.
2315,3,14435,17295,2860,2.86,SPEAKER_0,SPEAKER_0,False,0.5,1.301,2,13,1,3,0.911,0.911,0.994,False,True,네.,어디를 얼마나 다쳤나요?
2315,8,39995,42855,2860,2.86,SPEAKER_0,SPEAKER_0,False,4.765,1.14,23,12,7,3,0.9814285714285714,0.95,0.9856666666666667,False,True,뭘 할 때 즐겁나요? 문구점 구경할 때요.,어떤 점이 즐거운가요?
2315,37,178865,181725,2860,2.86,SPEAKER_0,SPEAKER_0,False,1.46,0.5,10,3,2,1,0.9485,0.972,0.942,True,False,형제자매가 있나요?,아니요
2315,63,309700,312560,2860,2.86,SPEAKER_0,SPEAKER_0,False,0.501,2.9,3,33,1,10,0.593,0.593,0.9843999999999999,False,True,아니요,빨래가 되어 있지 않아 더러운 옷을 입어야 한 적이 있나요?
2315,75,368630,371490,2860,2.86,SPEAKER_0,SPEAKER_0,False,0.5,2.42,4,27,1,7,0.994,0.994,0.965,False,True,없어요.,마음이 힘들 때 가족에게 내 마음을 이야기하나요?
2560,18,98605,101465,2860,2.86,SPEAKER_0,SPEAKER_1,True,2.181,2.535,20,17,6,5,0.9271666666666667,0.978,0.8514,True,False,아침 일어났을 때 몸 상태가 어때요?,괜찮은 거 같아요 평소에 잠들기
2560,20,108640,111500,2860,2.86,SPEAKER_0,SPEAKER_1,True,2.341,2.98,20,26,5,7,0.9964,0.987,0.9934285714285714,True,False,힘들거나 중간에 깨는 경우가 있어요?,그렇지는 않은데 핸드폰 하다가 가끔 늦게 자요.
2560,60,293285,296145,2860,2.86,SPEAKER_1,SPEAKER_0,True,0.5,2.82,4,26,1,7,0.999,0.999,0.9624285714285714,False,True,없어요.,집에 혼자 두고 어른들이 말없이 나간적 있어요?
2560,79,399095,401955,2860,2.86,SPEAKER_1,SPEAKER_0,True,0.98,4.02,8,39,3,10,0.8253333333333334,0.506,0.9626,False,True,그런 적 없어요,집에서 쫓아내거나 버리겠다고 하거나 가두고 못 나오게 한 적이 있어요?
2560,94,474765,477625,2860,2.86,SPEAKER_0,SPEAKER_1,True,4.101,0.9,37,9,10,3,0.9262,0.964,0.9706666666666667,True,False,집에서 어른들끼리 소리 지르면서 싸우는 걸 듣거나 본 적이 있어요?,없는 것 같아요.
2560,107,538990,541850,2860,2.86,SPEAKER_1,SPEAKER_0,True,0.5,2.66,4,23,1,7,0.985,0.985,0.9855714285714285,False,True,아니요.,부모님 허락 없이 집을 나간 적이 있어요?
2637,7,29010,31870,2860,2.86,SPEAKER_1,SPEAKER_0,True,2.18,3.54,17,26,4,9,0.9802500000000001,0.926,0.9353333333333333,False,True,제가 이기면 뿌듯하고 즐거워요.,최근 일주일 동안 짜증이 나 화가 난 적 있어?
2674,42,233725,236585,2860,2.86,SPEAKER_1,SPEAKER_0,True,1.62,3.14,14,27,5,8,0.9088,0.995,0.920625,False,True,친한 친구 네 명 있어요.,"담임 선생님은 좋은 것 같아요, 싫은 것 같아요?"
2677,18,101725,104585,2860,2.86,SPEAKER_1,SPEAKER_0,True,7.46,2.82,55,21,15,6,0.8544666666666667,0.438,0.8845,False,False,잠이 들면 깊게 자는데 잠에 들기 까지가 좀 힘들어요. 이유는 잘 모르겠는데 잠들기가 좀 어려워요.,아빠는 평상시에 어떤 표정을 자주 지어
2677,40,203375,206235,2860,2.86,SPEAKER_1,SPEAKER_0,True,1.06,2.02,9,15,2,5,0.9305,0.864,0.9942,False,True,착하고 친절해요.,요즘 가장 큰 고민은 뭐야?
3242,40,237315,240175,2860,2.86,SPEAKER_1,SPEAKER_0,True,2.26,1.94,18,14,6,3,0.9944999999999999,0.996,0.6503333333333333,False,True,가장 친한 친구가 네 명 있어요.,담임선생님 좋아요 싫어요?
3242,45,262755,265615,2860,2.86,SPEAKER_1,SPEAKER_1,False,2.58,14.756,20,98,5,25,0.9918,0.99,0.95784,True,False,요즘 가장 큰 걱정거리는 무엇인가요?,걱정되는 것들이 많이 생겼어요. 무서운 선생님이 나를 또 다치게 할까봐 걱정되고 제 얼굴에 흉터가 크게 남을까봐 걱정되고 또 제 소중한 친구도 선생님이 다치게 할까봐 걱정해요.
3821,74,463415,466275,2860,2.86,SPEAKER_1,SPEAKER_0,True,6.82,3.22,52,29,15,8,0.9744666666666667,0.973,0.978375,False,True,저는 애들 돌보느라 할 시간이 없어요. 둘째가 뭐라 하는 사람 없으니까 하루 종일 하긴 해요.,아버지가 학부모 상담 같은 학교 행사에 잘 오시나요?
3821,78,486315,489175,2860,2.86,SPEAKER_1,SPEAKER_0,True,0.9,2.66,8,23,2,6,0.994,0.988,0.9996666666666667,False,True,아빠 때문에요.,아빠의 어떤 말이나 행동 때문에 그랬어요?
3821,83,533520,536380,2860,2.86,SPEAKER_0,SPEAKER_1,True,5.621,1.06,50,10,13,3,0.9656923076923077,0.994,0.997,True,False,어른들이 나를 집에서 쫓아내거나 그러겠다고 하거나 어디 가두고 못 나오게 한 적이 있나요?,그런 적은 없어요.
3891,67,401480,404340,2860,2.86,SPEAKER_0,SPEAKER_1,True,3.7,3.94,38,35,9,10,0.9898888888888889,0.962,0.982,True,False,인터넷이나 휴대전화를 가지고 노는 시간은 하루에 몇 시간 정도인가요?,삼촌 있을 때만 허락받고 할 수 있어요. 시간은 잘 모르겠어요.
3891,77,466625,469485,2860,2.86,SPEAKER_0,SPEAKER_1,True,5.3,7.075,52,67,13,20,0.9443076923076923,0.989,0.9363,True,False,어른들이 나를 집에서 쫓아내거나 버리겠다고 말하거나 어디에 가두고 못 나오게 한 적이 있나요?,"네. 저번에 삼촌 친구들 왔을 때 술 마실 거라고 안방에서 나오지 말라고 하고, 과자 몇 개 주고는 못 나오게 잠갔어요."
5058,95,371545,374405,2860,2.86,SPEAKER_1,SPEAKER_0,True,0.501,3.62,4,33,1,8,0.916,0.916,0.988,False,True,아니요.,친구들이 나를 지나치게 놀리거나 따돌린다고 느낀 적이 있어?
5069,96,525065,527925,2860,2.86,SPEAKER_0,SPEAKER_0,False,1.22,1.22,14,12,4,4,0.9924999999999999,0.999,0.97125,False,False,어떨 때 마음이 복잡하거나,힘들어? 집에 갈 때요
5113,15,81910,84770,2860,2.86,SPEAKER_0,SPEAKER_0,False,2.901,0.5,27,5,9,1,0.9572222222222222,0.9,0.822,True,False,최근 일주일 동안 짜증이 나 화가 난 적이 있어?,짜증나요.
5113,23,131910,134770,2860,2.86,SPEAKER_0,SPEAKER_0,False,2.181,2.34,18,20,6,6,0.9848333333333333,0.975,0.9713333333333334,False,True,열 시에 자서 여덟 시에 일어나요,아침에 일어났을 때 몸 상태는 어때?
5113,83,461700,464560,2860,2.86,SPEAKER_0,SPEAKER_0,False,4.42,1.62,47,14,12,4,0.9061666666666667,0.935,0.93575,True,False,어른들이 집에서 쫓아내거나 버리겠다고 말하거나 어딜 가두고 못 나오게 한 적이 있어?,아니요 그런 적은 없어요.
5113,108,602215,605075,2860,2.86,SPEAKER_0,SPEAKER_0,False,1.78,4.26,15,40,6,9,0.9075,0.714,0.8911111111111111,False,False,잠잘 때 주로 어떤 꿈을 꿔,집이 쓰레기장으로 변하는 꿈이에요 그래서 포크레인이 집을 부수는 꿈꿔요.
5113,112,631005,633865,2860,2.86,SPEAKER_0,SPEAKER_0,False,2.26,4.5,20,39,6,9,0.9561666666666666,0.851,0.9681111111111111,True,False,꿈을 꾸고 일어나면 몸 상태가 어때?,집이 부서지니까 도망치다가 깨거든요. 그래서 심장이 너무 빨리 뛰어요.
0006,7,32290,35149,2859,2.859,SPEAKER_1,SPEAKER_1,False,1.06,1.461,10,13,2,4,0.9924999999999999,0.985,0.99675,False,True,엄마한테 맞아서요.,뭘 할 때가 즐거운가요?
0006,108,497616,500475,2859,2.859,SPEAKER_1,SPEAKER_1,False,1.381,3.06,11,25,4,8,0.90175,0.847,0.99775,False,True,멍 들고 피 났어요.,이렇게 다친 것 때문에 병원에 간 적 있나요?
1786,4,18596,21455,2859,2.859,SPEAKER_0,SPEAKER_0,False,1.781,1.62,15,16,4,4,0.89375,0.587,0.91425,False,True,손을 다쳤는데 멍이 들었어요,언제 어떻게 하다가 다쳤나요?
2315,6,26051,28910,2859,2.859,SPEAKER_0,SPEAKER_0,False,1.541,3.461,16,36,4,8,0.9795,0.995,0.9675,True,False,언제 어떻게 하다가 다쳤어요?,어제 아이스크림이랑 같이 있는 드라이 아이스를 모르고 만졌거든요.
2315,7,32371,35230,2859,2.859,SPEAKER_0,SPEAKER_0,False,3.461,4.765,36,23,8,7,0.9675,0.997,0.9814285714285714,False,False,어제 아이스크림이랑 같이 있는 드라이 아이스를 모르고 만졌거든요.,뭘 할 때 즐겁나요? 문구점 구경할 때요.
2315,53,261056,263915,2859,2.859,SPEAKER_0,SPEAKER_0,False,1.541,1.94,14,17,4,5,0.8734999999999999,0.551,0.9762,False,True,여행 가이드가 되고 싶어요,왜 여행 가이드가 되고 싶나요?
2674,12,53700,56559,2859,2.859,SPEAKER_0,SPEAKER_1,True,1.141,5.061,11,37,3,9,0.9986666666666667,0.998,0.9737777777777777,True,False,어떤 점이 즐거워요?,태권도를 오래 배우기도 했고 잘하기도 하고요. 제가 엄청 좋아해요.
2674,62,342805,345664,2859,2.859,SPEAKER_1,SPEAKER_0,True,0.5,3.301,6,26,1,8,0.942,0.942,0.915875,False,True,할아버지요.,배가 고픈데 먹을 게 없어서 굶은 적이 있나요?
3242,27,153485,156344,2859,2.859,SPEAKER_0,SPEAKER_1,True,1.141,12.946,12,87,3,24,0.9486666666666667,0.997,0.9696666666666667,True,False,잠자는 중간에 깨나요?,학교에 가면 또 나를 다치게 할 수도 있으니까 걱정하느라고 잠이 잘 안와요. 그리고 제 얼굴에 상처가 남을까봐 걱정도 하고요. 그래도 한번 잠들면 잘 자요.
3696,44,183990,186849,2859,2.859,SPEAKER_1,SPEAKER_0,True,1.221,1.221,12,10,3,3,0.8923333333333333,0.996,0.9836666666666667,False,True,"네, 그래도 행복해요.",왜 그렇게 느껴요?
3821,47,264371,267230,2859,2.859,SPEAKER_0,SPEAKER_0,False,2.421,1.14,18,12,5,2,0.9828,0.997,0.862,True,False,요즘 가장 큰 걱정거리는 뭐예요?,이야기하기가 어려워요.
3891,31,174966,177825,2859,2.859,SPEAKER_0,SPEAKER_1,True,1.701,4.341,13,39,3,9,0.9686666666666667,0.997,0.9727777777777777,True,False,삼촌이랑 사이는 어때요?,사이는 친하고 좋은데요. 가끔 나가고 싶다고 말하면 삼촌이 무서워져요.
5069,22,112070,114929,2859,2.859,SPEAKER_0,SPEAKER_0,False,0.5,2.501,6,23,1,6,0.99,0.99,0.9843333333333333,False,True,무표정이요.,아버지께서 그런 표정을 짓는 이유가 뭘까?
5069,30,154345,157204,2859,2.859,SPEAKER_1,SPEAKER_0,True,3.621,2.581,32,21,9,7,0.9853333333333333,0.963,0.9751428571428571,False,True,모르겠어요. 밤에 울기만 하고 집 청소도 안 하고 그래요.,그 표정을 지을 때 친구 기분은 어때?
5069,36,178306,181165,2859,2.859,SPEAKER_1,SPEAKER_0,True,1.701,1.78,14,12,3,4,0.9076666666666667,0.926,0.96775,False,True,그냥 학교에서 이야기해요.,주로 몇 명에서 놀아?
5069,107,577522,580381,2859,2.859,SPEAKER_1,SPEAKER_0,True,0.981,2.581,9,20,3,6,0.9643333333333334,0.921,0.9316666666666666,False,True,그런 적 없어요.,지난 친구 중에 가출한 친구가 있어?
0006,139,642805,645660,2855,2.855,SPEAKER_0,SPEAKER_1,True,3.94,0.5,34,2,10,1,0.9961,0.999,0.925,True,False,안 좋은 기억 때문에 괴로워서 죽고 싶다고 생각한 적 있나요?,네.
1112,98,679590,682445,2855,2.855,SPEAKER_1,SPEAKER_0,True,0.5,9.38,4,64,1,15,0.945,0.945,0.9801333333333333,False,True,아니요.,인터넷이나 휴대폰을 통해 성적인 목적으로 나의 신체부위를 사진이나 영상을 찍어 누구에게 보내거나 올린 적이 있나요?
2560,103,521430,524284,2854,2.854,SPEAKER_1,SPEAKER_0,True,1.381,1.301,11,11,4,3,0.94075,0.765,0.9883333333333333,False,True,기억이 잘 안 나요.,꿈꾸고 나면 어때요?
0184,55,258250,261095,2845,2.845,SPEAKER_1,SPEAKER_0,True,0.5,2.22,5,14,1,4,0.948,0.948,0.92825,False,True,재밌어요.,담임 선생님은 좋아 싫어?
5069,59,302400,305245,2845,2.845,SPEAKER_1,SPEAKER_1,False,2.66,3.3,25,33,7,9,0.8708571428571429,0.949,0.903,False,True,먹을 거는 집에 있어요. 아니면 시켜 죽어요.,아픈 곳이 있는데 어른들이 병원을 데려가지 않은 적이 있어?
0216,44,199100,201944,2844,2.844,SPEAKER_1,SPEAKER_0,True,2.5,1.861,20,12,6,3,0.8301666666666666,0.426,0.9903333333333333,False,True,친구들 눈치 보게 되고 조금 힘들어요,요즘 행복하다고 느껴?
1136,59,326790,329634,2844,2.844,SPEAKER_0,SPEAKER_1,True,5.62,0.981,48,7,15,2,0.9236666666666666,0.951,0.705,True,False,며칠 동안 벌레가 된 새 옷이 없어서 같은 옷을 입거나 냄새나는 옷을 입은 적이 있어?,아니요 옷이나
0216,65,326875,329710,2835,2.835,SPEAKER_0,SPEAKER_1,True,15.54,2.1,83,16,21,5,0.9249999999999999,0.968,0.9521999999999999,True,False,그런 적은 없는데. 저번에 체육관 선생님이 친구들 앞에서 바지랑 팬티를 벗겼어요. 집에서 어른들끼리 소리 지르면서 싸우는 걸 듣거나 본 적이 있을까?,저희 부모님은 잘 안 싸워요.
0379,99,582425,585260,2835,2.835,SPEAKER_0,SPEAKER_1,True,4.34,0.5,35,4,10,1,0.9757,0.994,0.979,True,False,온라인이나 휴대폰에서 알게 된 사람을 실제로 만나 본 적 있어?,아니요.
2674,32,174140,176975,2835,2.835,SPEAKER_1,SPEAKER_0,True,3.78,1.461,28,10,8,2,0.904125,0.994,0.974,False,True,기분 안 좋아요. 무섭기도 하고 짜증 나기도 해요.,형제자매가 있나요?
0379,84,494545,497379,2834,2.834,SPEAKER_1,SPEAKER_0,True,13.14,1.541,74,13,19,4,0.9678947368421053,0.995,0.9835,False,True,뽀뽀하다가 갑자기 제 가슴 만지고 밑에 만지려고 해서 제가 하지 말라고 밀쳤는데도 계속 하려고 했어요. 그래서 발로 차고 도망쳤어요.,이런 일이 자주 있었어?
3731,34,162015,164849,2834,2.834,SPEAKER_1,SPEAKER_0,True,2.901,1.941,24,17,6,5,0.9415,0.754,0.9873999999999999,False,True,항상 제가 잘 지내는지 물어봐주고 예뻐해줘요,요즘 제일 큰 고민거리가 뭐야?
1786,31,155356,158189,2833,2.833,SPEAKER_0,SPEAKER_0,False,1.781,1.941,18,18,5,6,0.996,0.996,0.988,True,False,그 표정을 보면 기분은 어떤가요?,저에게 또 뭐라고 할까 봐 싫어요
0216,9,40980,43805,2825,2.825,SPEAKER_1,SPEAKER_0,True,2.421,3.3,18,23,5,7,0.9258000000000001,0.803,0.9314285714285714,False,False,짜증 나거나 화난 적은 없었어요.,평소에 짜증날 때 어떻게 하면 마음이 풀려
2560,51,249645,252470,2825,2.825,SPEAKER_0,SPEAKER_1,True,1.221,3.3,11,31,3,9,0.9856666666666667,0.959,0.9724444444444444,True,False,어떤 점이 행복해요?,친구들이랑 놀 수도 있고 원하는 웹툰도 볼 수 있어서요.
2674,96,549240,552065,2825,2.825,SPEAKER_1,SPEAKER_0,True,3.7,5.541,29,42,8,11,0.886,0.762,0.9700909090909091,False,True,"아니요, 할아버지가 간이 안 좋아서 술은 안 드셔요.",어른이 아닌 주변 사람들이 나를 자주 놀리거나 괴롭힌다고 느낀 적이 있나요?
1136,49,271581,274405,2824,2.824,SPEAKER_1,SPEAKER_0,True,2.421,1.7,22,12,6,4,0.9565,0.895,0.93375,False,True,미스터리 처서를 쓰는 작가가 되고 싶어요,왜 작가가 되고 싶어?
1136,73,405900,408715,2815,2.815,SPEAKER_0,SPEAKER_1,True,2.421,1.621,21,12,5,4,0.9506,0.92,0.94225,True,False,아빠가 집에서 자가라고 자주 그러시니?,가끔 화가 나면 그래요
3242,114,656555,659370,2815,2.815,SPEAKER_1,SPEAKER_0,True,2.82,5.06,22,39,4,11,0.95675,0.87,0.9851818181818182,False,True,친구들이랑 얘기하고 놀면서 잊어버릴래요.,어른들의 허락 없이 또는 말도 없이 오랫동안 나와 있었던 적이 있나요?
5036,98,468940,471755,2815,2.815,SPEAKER_0,SPEAKER_0,False,5.38,4.9,40,32,10,9,0.9128000000000001,0.799,0.8991111111111111,True,False,그런 상황 때문에 괴로워서 스스로 해치거나 죽고 싶다는 생각을 한적있어?,엄마가 그럴 때마다 죽고 싶었어요 근데 너 무서워서 그러진
5113,100,558415,561230,2815,2.815,SPEAKER_0,SPEAKER_0,False,3.54,1.46,35,12,9,4,0.9837777777777778,0.993,0.94,True,False,평상시에 어른들이 술을 마시고 집에서 무섭게 행동할 때가 많아?,아니요 술은 안 드세요
0006,62,272345,275150,2805,2.805,SPEAKER_0,SPEAKER_0,False,0.5,2.74,5,23,1,6,0.999,0.999,0.9991666666666666,False,True,경찰이요.,그렇게 되고 싶다고 생각한 이유가 있나요?
2315,70,344920,347724,2804,2.804,SPEAKER_0,SPEAKER_0,False,2.58,0.901,29,7,8,2,0.959375,0.991,0.911,True,False,어른들이 학부모 상담 같은 학교 행사에 잘 오시나요?,매번 와주세요
0005,49,232705,235500,2795,2.795,SPEAKER_0,SPEAKER_1,True,3.22,3.46,27,30,7,9,0.9787142857142858,0.989,0.9324444444444444,True,False,걱정 때문에 생활이 좀 불편하거나 힘들진 않나요?,일주일에 한두 번 정도 동생을 보면 마음이 안 좋아요.
0006,9,39970,42765,2795,2.795,SPEAKER_1,SPEAKER_0,True,0.661,2.18,7,18,2,4,0.9995,1.0,1.0,False,True,안 즐거워요.,언제부터 즐겁지 않다고 느꼈나요?
0006,142,654720,657515,2795,2.795,SPEAKER_1,SPEAKER_0,True,0.74,1.86,6,14,2,4,0.99,0.996,0.98525,False,True,세 번이요.,자살 시도는 언제 했나요?
0379,112,663025,665820,2795,2.795,SPEAKER_1,SPEAKER_0,True,9.22,4.341,55,33,16,9,0.916,0.671,0.9551111111111111,False,False,잠들기 힘들거나 잠자는 중간에 자주 깨진 않는데요 평소에 꿈을 너무 많이 꿔서 잔 것 같지가 않아요,"""생각하고 싶지 않은데도 자꾸 그 기억이 떠오른 적 있어?"""
1786,28,140220,143015,2795,2.795,SPEAKER_0,SPEAKER_0,False,1.3,1.86,12,18,3,6,0.9166666666666666,0.996,0.9876666666666667,False,True,화가 난듯한 표정이요.,왜 그런 표정을 짓는 것 같나요?
2560,16,88670,91465,2795,2.795,SPEAKER_0,SPEAKER_1,True,1.78,2.02,18,19,6,6,0.975,0.879,0.8948333333333334,True,False,몇 시에 자고 몇 시에 일어나요?,열두 시에 자서 일곱 시에 일어나요
2560,53,260890,263685,2795,2.795,SPEAKER_0,SPEAKER_0,False,2.02,0.82,17,8,5,2,0.999,0.998,0.977,True,False,커서 어떤 사람이 되고 싶어요?,패션 유튜버요.
3242,60,351035,353830,2795,2.795,SPEAKER_0,SPEAKER_1,True,5.3,2.9,41,24,10,6,0.976,0.986,0.9883333333333333,True,False,나를 주로 돌봐주는 어른은 누구인가요? 시설에 돌아가실 때 항상 계시나요?,네 여기 선생님들이 항상 계셔서 돌봐주세요.
3821,49,272850,275645,2795,2.795,SPEAKER_0,SPEAKER_1,True,1.7,1.94,15,18,4,4,0.99575,0.991,0.99575,True,False,걱정하는 일이 없는 걸까요?,있어요. 우리 집이랑 동생들이요.
3821,96,611570,614365,2795,2.795,SPEAKER_1,SPEAKER_0,True,0.5,4.74,4,42,1,11,0.819,0.819,0.9905454545454545,False,True,아니요.,어른이 아닌 주변 사람들이 나를 자주 놀리거나 괴롭힌다고 느낀 적이 있나요?
5069,66,354390,357185,2795,2.795,SPEAKER_0,SPEAKER_1,True,2.26,0.82,25,7,7,2,0.9908571428571429,0.975,0.683,True,False,휴대폰을 하는 시간은 하루에 몇 시간 정도야?,한두 시간요.
5113,75,411040,413835,2795,2.795,SPEAKER_0,SPEAKER_0,False,4.02,2.341,38,21,9,5,0.8624444444444445,0.819,0.8726,True,False,"어른들이 운동회나, 창간수업, 학부모상담 같은 학교 행사에 잘 오죠?",아니요 엄마는 안와요. 집에만 있어요.
2560,9,49816,52610,2794,2.794,SPEAKER_1,SPEAKER_0,True,3.461,1.14,24,11,6,3,0.949,0.94,0.9953333333333333,False,True,친구들하고 연락하거나 웹툰 드라마 볼 때요.,어떤 점이 즐거워요?
3821,57,323611,326405,2794,2.794,SPEAKER_0,SPEAKER_1,True,1.221,2.66,11,23,3,5,0.9986666666666667,0.997,0.9754,True,False,왜 그렇게 느끼나요?,저랑 동생들을 돌봐주는 어른이 없으니까요.
5036,4,22436,25230,2794,2.794,SPEAKER_0,SPEAKER_0,False,2.101,6.581,17,34,4,8,0.97725,0.984,0.932125,True,True,즐겁다고 느끼는 일들이 없을까?,모르겠어요. 다음 질문은 뭐예요 즐겁다고 느끼는 일들이 없어?
0002,60,286085,288870,2785,2.785,SPEAKER_0,SPEAKER_1,True,3.3,11.06,30,66,9,18,0.9964444444444445,0.999,0.9907222222222222,True,False,이런 일 때문에 경찰이나 다른 사람이 온 적이 있어요?,"네, 신고도 했었어요. 그러면 아빠가 좀 당분간 화를 덜 내고. 근데 그러다가 또 예전처럼 다시 똑같이 돌아가긴 해요."
0006,94,428545,431330,2785,2.785,SPEAKER_1,SPEAKER_0,True,1.7,3.3,13,29,4,9,0.955,0.825,0.9967777777777778,False,True,아무한테도 말 안 해요.,주위 어른들 중 나를 때린 적이 있는 사람이 있나요?
0379,2,14020,16805,2785,2.785,SPEAKER_0,SPEAKER_1,True,1.86,0.5,13,4,4,1,0.9545,0.875,0.994,True,False,최근에 다친 적이 있어?,없어요.
1112,13,85445,88230,2785,2.785,SPEAKER_1,SPEAKER_0,True,7.94,3.86,55,30,16,8,0.9696875,0.972,0.98875,False,True,네. 제가 공부는 열심히 하는데 머리가 안 좋은 것 같아요. 목표한 성적이 나온 적이 별로 없어요.,친구가 목표로 하는 성적이 어느 정도인지 말해 줄래요?
2315,61,300735,303520,2785,2.785,SPEAKER_0,SPEAKER_0,False,1.46,3.06,14,34,4,9,0.83925,0.606,0.9882222222222222,False,True,아니요 그런 적은 없어요.,아픈 곳이 있는데 어른들이 병원에 데려가지 않은 적이 있나요?
2677,42,213295,216080,2785,2.785,SPEAKER_1,SPEAKER_0,True,2.66,3.621,22,28,6,8,0.971,0.902,0.909,False,False,학교 수업 내용이 좀 어려워서 힘들어요.,얼마나 힘든거야 일주일에 몇 번 정도 그렇게 힘들어
3731,98,465535,468319,2784,2.784,SPEAKER_0,SPEAKER_1,True,1.54,7.221,13,62,4,17,0.9975,0.992,0.9920588235294118,True,False,그럼 어떤 생각을 했어?,생각을 한 건 아니고 그냥 아빠가 제 말을 안 들어주니까 마음이 힘들면 손톱을 많이 뜯었더니 손이 못생겨졌어요.
0004,78,390320,393100,2780,2.78,SPEAKER_1,SPEAKER_0,True,4.26,2.18,40,14,13,5,0.9221538461538461,0.874,0.9946,False,True,그런 적은 없고 너무 스트레스 받을 때 벽에 머리를 박는 거 같아요 잠잘,때 주로 어떤 꿈을 꿔요?
0005,36,168000,170780,2780,2.78,SPEAKER_1,SPEAKER_0,True,0.98,1.701,7,17,2,4,0.6034999999999999,0.731,0.94825,False,True,아뇨 없어요.,친구들이랑 주로 뭐하고 놀아요?
0005,48,226705,229485,2780,2.78,SPEAKER_1,SPEAKER_0,True,2.5,3.22,22,27,6,7,0.9821666666666666,0.926,0.9787142857142858,False,True,몸이 좀 약한 편이라서 자주 아프거든요.,걱정 때문에 생활이 좀 불편하거나 힘들진 않나요?
0006,60,264345,267125,2780,2.78,SPEAKER_1,SPEAKER_0,True,0.5,2.34,5,18,1,5,0.991,0.991,0.9988,False,True,다쳤어요.,나중에 어떤 사람이 되고 싶나요?
0006,71,316255,319035,2780,2.78,SPEAKER_0,SPEAKER_1,True,3.3,2.98,28,27,8,7,0.999625,0.999,0.9498571428571428,True,False,아플 때 어른들이 병원에 데려가지 않은 적 있나요?,엄마한테 맞아서 피 났는데 병원에 안 데려왔어요.
0006,151,698470,701250,2780,2.78,SPEAKER_0,SPEAKER_0,False,0.74,2.1,7,20,2,6,0.8965000000000001,0.812,0.9995,False,True,네. 일주일에,몇 번 정도 그런 기억이 떠오르나요?
0184,41,186015,188795,2780,2.78,SPEAKER_1,SPEAKER_0,True,6.66,2.58,50,21,14,6,0.9637142857142857,1.0,0.9935,False,True,"잔소리할 때는 제가 잘못한 거니까 죄송한 기분이고, 웃는 표정일 땐 저도 좋은 것 같아요.",엄마는 친구한테 관심이 있는 것 같아?
0184,106,512100,514880,2780,2.78,SPEAKER_0,SPEAKER_1,True,2.26,12.145,18,72,6,24,0.9883333333333333,0.956,0.9784166666666667,True,True,잠잘 때 어떤 꿈을 꾸는 편이야?,갑자기 어디서 떨어지는 꿈 꿀 때도 있고 하늘 나는 꿈 꿀 때도 있고 공룡 나오는 꿈 꿀 때도 있어요. 기분 나쁜 꿈인 것 같아?
0379,9,48875,51655,2780,2.78,SPEAKER_0,SPEAKER_0,False,1.7,1.141,14,9,5,3,0.8972,0.977,0.9693333333333334,False,True,"네, 짜증 난 적 있어요.",왜 짜증이 났어?
0379,22,126300,129080,2780,2.78,SPEAKER_0,SPEAKER_1,True,2.74,3.461,23,26,7,8,0.9088571428571428,0.818,0.941125,False,False,"""아빠가 왜 그런 표정을 짓는 거 같아?""","""일이 힘들고 잘 안 풀려서 그런 거 같아요."""
1136,27,149620,152400,2780,2.78,SPEAKER_1,SPEAKER_0,True,1.78,0.5,13,5,3,1,0.9349999999999999,0.82,0.84,False,False,간지럽고 기분이 좋아요.,형제자매가
1136,55,307845,310625,2780,2.78,SPEAKER_1,SPEAKER_0,True,0.5,3.781,4,32,1,9,0.948,0.948,0.9947777777777778,False,True,아니요.,몸이 아플 때 어른들이 병원에 데려가지 않았던 적이 있어?
1136,67,374220,377000,2780,2.78,SPEAKER_0,SPEAKER_1,True,4.34,2.66,36,21,9,6,0.9708888888888889,0.886,0.9813333333333334,True,False,부모님이나 선생님 같은 어른들 때문에 억울하거나 슬픈 적이 있어?,아빠를 생각하면 종종 화가 나고 슬퍼요
1786,26,131500,134280,2780,2.78,SPEAKER_0,SPEAKER_0,False,0.9,2.5,7,24,2,6,0.999,0.999,0.9863333333333333,False,True,저도 좋아요.,평상시에 어머니는 어떤 표정을 자주 짓나요?
1786,51,250745,253525,2780,2.78,SPEAKER_0,SPEAKER_0,False,1.62,5.06,13,44,3,13,0.9793333333333333,0.956,0.9619230769230769,True,False,왜 불행하다고 느끼나요?,엄마가 자꾸 이거 해라 저거 해라 하고 소리 지르니까 집에 있어도 편하지 않아요
1786,70,359225,362005,2780,2.78,SPEAKER_0,SPEAKER_0,False,4.876,0.74,34,8,9,2,0.9206666666666666,0.515,0.9815,False,True,부모님이나 선생님 때문에 기분이 안 좋아진 적이 있었어요? 네,누가 그랬나요?
2076,63,277160,279940,2780,2.78,SPEAKER_1,SPEAKER_0,True,5.06,2.26,48,23,14,6,0.9176428571428571,0.994,0.9771666666666666,False,True,학원에서 수학 문제 못 풀었을 때도. 한 문 못 외웠을 때도 친구들이 있는데 혼났어요.,얼마나 자주 다른 사람들 앞에서 혼나나요?
2315,72,354865,357645,2780,2.78,SPEAKER_0,SPEAKER_0,False,3.22,0.5,31,3,8,1,0.968875,0.91,0.672,True,False,부모님이나 선생님 때문에 슬프거나 화가 난 적이 있나요?,아니요
2315,96,489065,491845,2780,2.78,SPEAKER_0,SPEAKER_0,False,0.5,4.66,3,47,1,14,0.603,0.603,0.9606428571428571,False,True,아니요,부모님의 허락 없이 또는 말도 하지 않고 오랫동안 집 밖에 나와 있었던 적이 있나요?
2560,35,177890,180670,2780,2.78,SPEAKER_1,SPEAKER_0,True,0.5,2.1,4,17,1,4,0.998,0.998,0.978,False,True,없어요.,친구들이랑 주로 뭐하고 놀아요?
2560,57,281700,284480,2780,2.78,SPEAKER_0,SPEAKER_1,True,2.26,0.5,21,4,5,1,0.9512,0.81,0.963,True,False,집에서 주로 돌봐주는 사람이 누구예요?,엄마요.
2674,46,255815,258595,2780,2.78,SPEAKER_1,SPEAKER_0,True,6.835,2.02,47,17,10,5,0.9251,0.998,0.983,False,True,거에요? 나이가 많고 할아버지랑 닮았거든요. 보수적이고 자기 말을 따르라고 강요해요.,요즘 제일 걱정되는 게 뭐예요?
2674,67,368895,371675,2780,2.78,SPEAKER_0,SPEAKER_0,False,4.5,1.06,37,9,10,3,0.948,0.984,0.9933333333333333,True,False,어디 아픈 곳이 있는데 어른들이 병원에 데려가지 않은 적이 있나요?,그런 적 없어요.
2674,71,392445,395225,2780,2.78,SPEAKER_0,SPEAKER_1,True,4.42,3.3,37,27,9,8,0.9981111111111111,0.994,0.948625,True,False,인터넷이나 휴대폰을 가지고 노는 시간은 하루에 몇 시간 정도인가요?,삼 십 분이요. 그 이상 하면 할아버지가 혼내요.
2674,78,449195,451975,2780,2.78,SPEAKER_1,SPEAKER_0,True,7.7,6.185,57,52,16,13,0.9403125,0.987,0.9646153846153847,False,True,"네, 할아버지는 자기 말 들으라고 항상 강요해요. 이거 해라 저거 해라 일찍 들어와라 이런 게 많아요.",어른들이 나를 집에서 쫓아내거나 버리겠다고 말하거나 어디에 가두고 못 나오게 한 적이 있나요?
2677,8,41955,44735,2780,2.78,SPEAKER_1,SPEAKER_0,True,0.9,3.22,9,26,2,9,0.8935,0.787,0.9254444444444444,False,True,그냥 재밌잖아요.,최근 일주일 동안 짜증이 나 화가 난 적 있어?
3242,21,127345,130125,2780,2.78,SPEAKER_1,SPEAKER_0,True,3.781,2.42,29,21,7,7,0.9945714285714286,0.983,0.9887142857142858,False,True,맛있는 과자를 먹거나 친구들이랑 수다를 떨면 풀려요.,보통 몇 시에 자고 몇 시에 일어나요?
3242,104,606850,609630,2780,2.78,SPEAKER_1,SPEAKER_0,True,6.185,5.38,46,43,9,12,0.9767777777777777,0.992,0.9935,False,True,담임선생님을 생각하거나 학교에서 만나면 마음이 힘들어요. 무서워서 조금 두근거려요.,안 좋은 기억 때문에 괴로워서 스스로를 해치고 싶은 생각을 해본 적이 있나요?
3696,99,447440,450220,2780,2.78,SPEAKER_1,SPEAKER_0,True,1.06,3.46,8,34,3,9,0.9816666666666667,0.946,0.9877777777777778,False,True,거의 안 꿔요.,생각하고 싶지 않은데도 자꾸 나쁜 기억이 떠오른 적이 있나요?
3821,48,268370,271150,2780,2.78,SPEAKER_0,SPEAKER_0,False,1.14,1.7,12,15,2,4,0.862,0.951,0.99575,False,True,이야기하기가 어려워요.,걱정하는 일이 없는 걸까요?
3891,65,389945,392725,2780,2.78,SPEAKER_0,SPEAKER_1,True,3.38,2.82,33,25,10,7,0.9889,0.99,0.8624285714285714,True,False,옷이나 신발 크기가 작은 걸 입거나 신고 다닌 적이 있나요?,"네, 집에서 입는 옷이니까 그냥 입을 했어요."
5036,40,175125,177905,2780,2.78,SPEAKER_0,SPEAKER_0,False,2.1,0.82,18,7,4,2,0.9685,0.92,0.9590000000000001,False,True,집에 들어가기 싫어서 걱정이에요.,왜 걱정이야?
5036,80,365165,367945,2780,2.78,SPEAKER_0,SPEAKER_0,False,0.5,3.22,4,25,1,6,0.756,0.756,0.9358333333333333,False,True,없어요.,마음이 힘들때 가족에게 친구 마음을 이야기해?
5036,107,511290,514070,2780,2.78,SPEAKER_1,SPEAKER_0,True,1.62,4.58,6,34,2,8,0.869,0.738,0.923625,False,True,그냥 참아요,어머니의 허락이나 말도 없이 집에 오랫동안 나와있었던적 있어?
5069,41,195670,198450,2780,2.78,SPEAKER_0,SPEAKER_0,False,0.5,1.78,4,15,1,4,0.947,0.947,0.9944999999999999,False,True,좋아요.,어떤 부분에서 그렇게 느껴?
5069,60,308545,311325,2780,2.78,SPEAKER_1,SPEAKER_1,False,3.3,2.66,33,24,9,7,0.903,0.933,0.9528571428571428,True,False,아픈 곳이 있는데 어른들이 병원을 데려가지 않은 적이 있어?,병원은 갔었어요. 근데 제가 잘 안 아파요.
5113,11,65725,68505,2780,2.78,SPEAKER_0,SPEAKER_0,False,1.3,0.82,10,6,4,2,0.93475,0.781,0.9924999999999999,False,False,저는 학교 갈 때요,어떤 부분이
5113,55,299590,302370,2780,2.78,SPEAKER_0,SPEAKER_0,False,1.62,0.5,13,3,3,1,0.9716666666666667,0.978,0.736,True,False,요즘에 행복하다고 느껴?,아니요
0004,74,366860,369639,2779,2.779,SPEAKER_1,SPEAKER_0,True,0.5,2.981,4,20,1,5,0.963,0.963,0.9972,False,True,아니요.,어떨 때 마음이 복잡하거나 힘들어요?
0005,3,16186,18965,2779,2.779,SPEAKER_1,SPEAKER_0,True,0.501,2.02,4,18,1,6,0.54,0.54,0.9823333333333333,False,True,아니요.,우리 친구는 뭘 할 때 즐거워요?
0005,50,238960,241739,2779,2.779,SPEAKER_1,SPEAKER_0,True,3.46,2.821,30,24,9,7,0.9324444444444444,0.985,0.8837142857142857,False,True,일주일에 한두 번 정도 동생을 보면 마음이 안 좋아요.,요즘 행복한 것 같아요? 불행한 것 같아요?
0005,53,252166,254945,2779,2.779,SPEAKER_0,SPEAKER_1,True,1.141,6.981,10,61,3,16,0.9666666666666667,0.935,0.975375,True,False,왜 그렇게 느껴요?,친구들이랑 잘 지내지도 못하고 부모님도 없는데 할아버지도 몸이 안 좋으시니까 상황이 되게 안 좋은 것 같아요.
0006,20,90980,93759,2779,2.779,SPEAKER_0,SPEAKER_1,True,3.012,2.341,16,19,5,6,0.9608,0.861,0.9975,True,False,시에 자고 몇 시에 일어나요?,열 시에 자고 일곱 시에 일어나요.
0006,50,228041,230820,2779,2.779,SPEAKER_0,SPEAKER_1,True,2.741,1.06,23,8,7,3,0.9985714285714286,0.999,0.9963333333333333,True,False,한 달에 몇 번 정도 불편하거나 힘든가요?,세 번 넘게요.
0006,105,484021,486800,2779,2.779,SPEAKER_0,SPEAKER_1,True,3.301,1.46,27,13,9,5,0.998,0.992,0.897,True,False,평소에 그 어른이 한 달에 몇 번 정도 때리나요?,두 번 넘는 거 같아요.
0184,18,76116,78895,2779,2.779,SPEAKER_0,SPEAKER_1,True,2.341,2.581,17,21,5,4,0.9944,0.996,0.9359999999999999,True,False,평소에 짜증이 나면 어떻게 해?,엄마한테 말하거나 친구들이랑 축구해요.
0379,45,243430,246209,2779,2.779,SPEAKER_1,SPEAKER_0,True,1.78,3.301,14,29,4,7,0.97775,0.925,0.9428571428571428,False,True,네 명이나 다섯 명이서요.,"담임 선생님은 좋아하는 편이야, 안 좋아하는 편이야?"
0379,47,256765,259544,2779,2.779,SPEAKER_0,SPEAKER_1,True,2.1,9.976,18,68,5,16,0.9818,0.945,0.898625,True,False,좋아해요. 어떤 점이 좋은 거야?,"무슨 일이 있으면 꼭 말하라고 하고, 선생님은 항상 너네 편이니까 언제든지 이야기해도 좋다고 그렇게 말해주시기도 하셔서요."
1786,30,150796,153575,2779,2.779,SPEAKER_0,SPEAKER_0,False,3.781,1.781,32,18,9,5,0.9943333333333333,0.99,0.996,False,True,엄마가 성질이 급하셔서 답답한 걸 보면 못 참아서 그래요.,그 표정을 보면 기분은 어떤가요?
2076,56,236675,239454,2779,2.779,SPEAKER_2,SPEAKER_0,True,0.501,3.301,2,31,1,8,0.99,0.99,0.9895,False,True,네.,부모님이랑 선생님 때문에 기분이 안 좋아진 적이 있나요?
2315,93,475110,477889,2779,2.779,SPEAKER_0,SPEAKER_0,False,2.101,2.181,18,21,6,5,0.977,1.0,0.9746,True,False,잠잘 때 주로 어떤 꿈을 꾸나요?,제가 좋아하는 연예인이 나오는 꿈이요.
2677,103,540930,543709,2779,2.779,SPEAKER_1,SPEAKER_1,False,4.865,5.701,38,39,11,11,0.9314545454545454,0.865,0.9056363636363637,False,False,그냥 그 자리에 주저앉아서 다른 생각을 하려고 계속 하는 것 같아요.,부모님의 허락 없이 또는 말도 없이 오랫동안 집에서 나와있었던 적 있어
3242,88,507396,510175,2779,2.779,SPEAKER_1,SPEAKER_0,True,7.056,3.541,53,31,11,7,0.9806363636363636,0.929,0.9905714285714285,False,True,때렸어요? 제가 친구랑 떠들고 소란스럽게 한다고요. 수업에 방해된다면서 조용히 있으라고 했어요.,어느 부위를 무엇으로 맞았나요? 자주 그렇게 때리시나요?
3821,100,632801,635580,2779,2.779,SPEAKER_1,SPEAKER_0,True,1.701,6.466,17,55,5,15,0.9992,0.997,0.9954,False,True,집에 갈 때마다 너무 힘들어요.,안 좋은 기억 때문에 괴로워서 스스로를 해치고 싶은 생각이나 죽고 싶다는 생각을 해본 적이 있나요?
3821,101,642046,644825,2779,2.779,SPEAKER_0,SPEAKER_1,True,6.466,0.5,55,4,15,1,0.9954,0.997,0.995,True,False,안 좋은 기억 때문에 괴로워서 스스로를 해치고 싶은 생각이나 죽고 싶다는 생각을 해본 적이 있나요?,없어요.
3821,105,661180,663959,2779,2.779,SPEAKER_0,SPEAKER_1,True,4.101,0.501,36,4,10,1,0.9855,0.94,0.665,True,False,생각하고 싶지 않은데도 자꾸 안 좋은 기억이 떠오른 적이 있나요?,없어요.
5069,83,439235,442014,2779,2.779,SPEAKER_1,SPEAKER_0,True,1.06,5.781,10,56,3,15,0.9336666666666666,0.802,0.9626,False,True,아무도 안 혼내요.,조금 예민한 질문인데 친구가 원하지 않는데도 누군가 친구 몸을 만지거나 보여 달라고 한 적이 있었어?
5113,47,257375,260154,2779,2.779,SPEAKER_0,SPEAKER_0,False,1.7,2.661,15,22,4,5,0.9924999999999999,0.997,0.9420000000000001,True,False,어떤 부분에서 그렇게 느껴?,야구도 알려주고 재미있는 놀이도 알려줘요
5036,39,170250,173025,2775,2.775,SPEAKER_0,SPEAKER_0,False,2.5,2.1,19,18,5,4,0.964,0.985,0.9685,True,False,요즘 우리 친구 걱정거리가 있을까?,집에 들어가기 싫어서 걱정이에요.
0006,107,493461,496235,2774,2.774,SPEAKER_0,SPEAKER_1,True,2.341,1.381,20,11,5,4,0.99,0.95,0.90175,True,False,그 어른에게 맞아서 얼마나 다쳤나요?,멍 들고 피 났어요.
3696,78,353051,355815,2764,2.764,SPEAKER_1,SPEAKER_0,True,1.781,1.62,15,17,4,4,0.999,0.997,0.99875,False,True,제가 아빠를 귀찮게 해서요.,어느 부위를 무엇으로 맞았나요?
1136,88,492150,494905,2755,2.755,SPEAKER_0,SPEAKER_1,True,3.141,1.94,26,17,8,5,0.988875,0.968,0.962,True,False,부모님이 싸울 때 술을 마신 상태였던 것 같아?,엄마랑 아빠는 술을 안 마셔요.
0006,128,586005,588750,2745,2.745,SPEAKER_1,SPEAKER_0,True,0.5,3.221,4,27,1,8,0.999,0.999,0.998125,False,True,없어요.,이런 일로 경찰이나 다른 사람이 온 적이 있나요?
2315,94,480070,482805,2735,2.735,SPEAKER_0,SPEAKER_0,False,2.181,3.54,21,31,5,8,0.9746,0.903,0.966625,False,True,제가 좋아하는 연예인이 나오는 꿈이요.,생각하기 싫은데도 자꾸 나쁜 기억이 떠오른 적이 있나요?
2674,72,398525,401260,2735,2.735,SPEAKER_1,SPEAKER_0,True,3.3,5.78,27,45,8,12,0.948625,0.958,0.9253333333333333,False,True,삼 십 분이요. 그 이상 하면 할아버지가 혼내요.,어른들이 학부모 상담이나 참관 수업 같은 참여해야 하는 학교 행사에 잘 오시나요?
2677,67,347105,349840,2735,2.735,SPEAKER_1,SPEAKER_0,True,1.54,3.3,11,27,4,8,0.90325,0.934,0.9,False,True,네 거의 항상 와요.,아빠나 선생님 때문에 기분이 안 좋아진 적 있어?
5036,49,213545,216280,2735,2.735,SPEAKER_0,SPEAKER_0,False,2.821,0.501,23,5,7,1,0.9827142857142857,0.964,0.757,True,False,우리 친구는 커서 어떤 사람이 되고 싶어?,모르겠어요
0006,39,177270,180004,2734,2.734,SPEAKER_1,SPEAKER_0,True,0.5,2.661,5,19,1,4,0.99,0.99,0.96625,False,True,즐거워요.,"담임 선생님은 좋은가요, 싫은가요?"
0006,145,668416,671150,2734,2.734,SPEAKER_0,SPEAKER_1,True,4.341,0.98,24,8,7,2,0.9954285714285714,0.994,0.995,True,False,없어요. 잠잘 때 어떤 꿈을 꾸는 편인가요?,무서운 꿈이요.
0379,92,534920,537654,2734,2.734,SPEAKER_0,SPEAKER_0,False,0.5,3.941,4,28,1,9,0.989,0.989,0.9887777777777778,False,True,없어요.,누가 내 몸을 사진 찍거나 동영상을 찍은 적 있어?
0184,90,430980,433705,2725,2.725,SPEAKER_0,SPEAKER_0,False,4.341,2.82,36,23,9,6,0.9814444444444445,0.963,0.9711666666666667,True,False,인터넷이나 휴대폰을 너무 많이 한다고 어른들이 뭐라고 하진 않아?,엄마가 조금만 하고 그만하라고 하긴 해요.
0379,27,159510,162235,2725,2.725,SPEAKER_1,SPEAKER_0,True,2.66,2.34,19,21,5,7,0.9738,0.879,0.9371428571428572,False,True,엄마는 지친 표정을 자주 지으세요.,엄마가 왜 그런 표정을 짓는 거 같아?
3242,93,548475,551200,2725,2.725,SPEAKER_1,SPEAKER_1,False,4.98,0.5,42,4,11,1,0.9959090909090909,0.99,0.955,True,False,내가 원하지 않는데도 누군가가 내 몸을 만지거나 보여달라고 한 적이 있나요?,아니요.
3891,80,487600,490325,2725,2.725,SPEAKER_1,SPEAKER_0,True,3.221,2.82,28,29,8,8,0.994875,0.984,0.9105,False,True,말할 사람 없어요. 삼촌은 저 알아서 하라고 해요.,주위 어린이나 가족 중 나를 때렸던 사람이 있었어요?
5113,59,318065,320790,2725,2.725,SPEAKER_0,SPEAKER_0,False,2.42,0.9,23,9,7,2,0.9702857142857143,0.957,0.8935,True,False,가서 어떤 사람이 되고 싶어? 꿈이 있어?,저는 야구선수요.
3891,23,131806,134530,2724,2.724,SPEAKER_0,SPEAKER_1,True,2.181,2.82,21,24,6,8,0.9481666666666666,0.992,0.92325,True,False,그런 일이 일주일에 몇 번이나 있어요?,"일주일에 세 번, 네 번은 그런 것 같아요."
0006,64,283730,286445,2715,2.715,SPEAKER_1,SPEAKER_0,True,3.46,1.62,29,16,7,4,0.9697142857142858,0.992,0.98725,False,True,나쁜 사람들 혼내주고 도움 필요한 사람 도와주려고요.,주로 집에서 누가 돌봐주나요?
0006,80,360240,362955,2715,2.715,SPEAKER_1,SPEAKER_0,True,1.38,3.701,11,30,4,8,0.998,0.995,0.949,False,True,한 시간도 안 해요.,어른들이 운동회나 창간 수업 같은 행사에 잘 오시나요?
0184,87,413525,416240,2715,2.715,SPEAKER_1,SPEAKER_0,True,1.7,3.62,13,31,4,9,0.92275,0.997,0.9917777777777778,False,True,네. 엄마가 항상 와요.,인터넷이나 휴대폰을 하루에 몇 시간 정도 하는 것 같아?
1786,37,180565,183280,2715,2.715,SPEAKER_0,SPEAKER_0,False,2.98,3.06,27,19,8,6,0.983375,0.995,0.9826666666666667,False,False,다섯 컷도 찍고 그냥 밖에 있는 가게들 구경해요.,주로 몇 명이 놀아요? 다섯 명이요
1786,93,491070,493785,2715,2.715,SPEAKER_0,SPEAKER_0,False,4.26,4.34,45,34,12,10,0.9618333333333333,0.993,0.9836,True,False,나쁜 기억 때문에 괴로워서 스스로를 해치거나 죽고 싶다는 생각을 한 적이 있나요?,"네, 죽고 싶다는 생각은 아니고 내 몸을 아프게 하고 싶어요."
2315,91,466135,468850,2715,2.715,SPEAKER_0,SPEAKER_0,False,4.18,0.5,44,4,12,1,0.9796666666666667,0.992,0.888,True,False,나쁜 기억 때문에 괴로워서 스스로 해치거나 죽고 싶다는 생각을 한 적이 있나요?,아니요.
2560,31,162260,164975,2715,2.715,SPEAKER_1,SPEAKER_0,True,1.86,1.94,17,18,5,6,0.9816,0.985,0.9955,False,True,엄마 마음대로 안 되면 그래요.,그 표정을 볼 때 기분이 어때요?
2560,45,223295,226010,2715,2.715,SPEAKER_1,SPEAKER_0,True,3.78,4.74,31,25,8,6,0.988125,0.998,0.8985,False,False,엄마가 매일 공부하기만 하고 제 생각을 들어주지 않아요.,걱정 때문에 일상생활이 불편하거나 힘들어요 네
2674,5,23545,26260,2715,2.715,SPEAKER_1,SPEAKER_0,True,2.82,3.14,16,26,4,7,0.98975,1.0,0.9887142857142857,False,True,아팠어요? 한 달은 넘었어요.,한 번 아프기 시작하면 얼마나 오랫동안 아파요?
2674,36,198610,201325,2715,2.715,SPEAKER_1,SPEAKER_0,True,10.74,3.46,80,26,21,6,0.954047619047619,0.974,0.952,False,True,"사이 안 좋아요. 예전부터 할아버지가 저랑 형을 너무 많이 비교하고, 저한테 형만큼만 하라는 식으로 그래서 제가 형을 별로 안 좋아하게 됐어요.",할아버지가 형과 나를 차별한다고 느끼는 건가요?
2674,66,361680,364395,2715,2.715,SPEAKER_1,SPEAKER_0,True,0.981,4.5,9,37,2,10,0.7195,0.981,0.948,False,True,아니요. 없어요.,어디 아픈 곳이 있는데 어른들이 병원에 데려가지 않은 적이 있나요?
2677,12,66410,69125,2715,2.715,SPEAKER_1,SPEAKER_0,True,2.9,1.54,25,16,6,6,0.9283333333333333,0.776,0.9913333333333333,False,False,친구들이랑 맛있는 거 먹으면 기분이 나아져요.,몇 시에 자고 몇 시에 일어나
2677,36,187745,190460,2715,2.715,SPEAKER_1,SPEAKER_0,True,2.1,2.5,18,21,5,5,0.9644,0.848,0.9102,False,True,친한 친구는 저까지 네 명이에요.,담임 선생님은 좋아해? 아니면 싫어해?
3891,76,458610,461325,2715,2.715,SPEAKER_1,SPEAKER_0,True,5.381,5.3,48,52,13,13,0.9506923076923077,0.963,0.9443076923076923,False,True,네. 밖에 나가서 친구도 사귀고 학교도 가고 싶은데 혼자 나가지 말라고 했어요 삼촌이.,어른들이 나를 집에서 쫓아내거나 버리겠다고 말하거나 어디에 가두고 못 나오게 한 적이 있나요?
5069,80,423015,425730,2715,2.715,SPEAKER_1,SPEAKER_0,True,1.46,2.58,11,24,3,7,0.9746666666666667,0.982,0.965,False,True,아무한테도 안 해요.,주위 어른들 중 친구를 때린 사람이 있었어?
2560,71,353806,356520,2714,2.714,SPEAKER_1,SPEAKER_0,True,1.701,1.7,17,15,6,4,0.9725,0.987,0.96875,False,True,두 시간 정도 하는 것 같아요.,많이 한다고 뭐라고 하네요?
3731,30,149040,151754,2714,2.714,SPEAKER_0,SPEAKER_0,False,7.46,1.701,57,14,16,4,0.9556875,0.996,0.9822500000000001,False,True,친해요 친구들이랑 뭐하면서 놀아? 친구 집 가서 놀거나 시설에 있는 엄청 큰 놀이터에서 다 같이 놀아요,담임 선생님이랑 잘 지내?
5113,96,532246,534959,2713,2.713,SPEAKER_0,SPEAKER_0,False,4.181,1.221,37,10,8,3,0.992375,0.991,0.994,True,False,친구가 싫다고 하는데도 계속해서 연락하거나 따라다니는 사람이 있어?,그런 사람 없어요.
0004,60,274705,277410,2705,2.705,SPEAKER_1,SPEAKER_0,True,1.22,6.66,7,45,2,12,0.8714999999999999,0.749,0.9509166666666666,False,True,대부분 그래요,어른들이 운동회나 청관 수업이나 아니면 학부모 상담 같은 학교 행사에 잘 오세요?
0004,8,32970,35670,2700,2.7,SPEAKER_0,SPEAKER_1,True,1.14,1.14,11,10,4,3,0.9975,0.997,0.9996666666666667,True,False,뭘 할 때 즐거워요?,즐거운 게 없어요.
0006,5,24665,27365,2700,2.7,SPEAKER_1,SPEAKER_0,True,4.02,1.46,30,11,9,4,0.9553333333333334,1.0,0.999,False,True,병원은 안 갔는데 멍 들고 피가 나서 연고를 발랐어요.,왜 다친 것 같나요?
0006,29,132185,134885,2700,2.7,SPEAKER_1,SPEAKER_1,False,3.301,2.1,20,23,6,6,0.987,1.0,0.9763333333333333,False,True,엄마는 화난 표정이고 아빠는 같이 안,살아요. 어떨 때 그런 표정을 지으시나요?
0006,53,236145,238845,2700,2.7,SPEAKER_0,SPEAKER_1,True,1.14,0.5,10,4,3,1,0.997,0.999,0.986,True,False,행복한 것 같나요?,아니요.
0006,59,261145,263845,2700,2.7,SPEAKER_0,SPEAKER_1,True,1.3,0.5,10,5,2,1,0.9530000000000001,1.0,0.991,True,False,다치거나 아팠나요?,다쳤어요.
0006,84,381740,384440,2700,2.7,SPEAKER_1,SPEAKER_1,False,1.94,2.98,16,23,4,6,0.95775,0.833,0.9873333333333333,False,True,엄마 때문에 슬프고 화났어요.,엄마의 어떤 말이나 행동이 슬프게 하나요?
0006,118,544370,547070,2700,2.7,SPEAKER_1,SPEAKER_0,True,2.58,2.42,21,20,5,5,0.999,1.0,0.996,False,True,엄마랑 아빠가 소리 지르면서 싸웠어요.,그때 어른들이 술을 마신 상태였나요?
0184,4,18065,20765,2700,2.7,SPEAKER_0,SPEAKER_1,True,0.98,0.5,8,5,2,1,0.9984999999999999,0.999,0.993,True,False,어디를 다쳤어?,무릎이요.
0184,23,97525,100225,2700,2.7,SPEAKER_1,SPEAKER_0,True,1.94,3.06,14,23,3,6,0.9993333333333333,1.0,0.9753333333333334,False,True,평소랑 똑같은데 괜찮아요.,잠들기 힘들거나 자다가 중간에 깨진 않아?
0184,37,159825,162525,2700,2.7,SPEAKER_1,SPEAKER_0,True,3.94,2.1,32,18,10,6,0.9415,0.984,0.973,False,True,가끔 잔소리 할 때는 마녀 같은데 보통은 웃는 것 같아요.,어떨 때 잔소리 하시는 것 같아?
0184,78,364610,367310,2700,2.7,SPEAKER_0,SPEAKER_1,True,2.58,0.5,20,4,5,1,0.9922,0.979,0.997,True,False,주로 집에서 돌봐주는 사람은 누구야?,엄마요.
0379,12,67370,70070,2700,2.7,SPEAKER_0,SPEAKER_1,True,3.86,1.3,31,12,9,2,0.99,0.958,0.937,True,False,평소에 짜증이나 화가 났을 때 어떻게 하면 마음이 풀려?,친구들이랑 이야기해요.
0379,39,213290,215990,2700,2.7,SPEAKER_1,SPEAKER_0,True,4.18,1.86,26,10,6,3,0.9745,0.983,0.7906666666666666,False,True,좋아요. 관심 없는 부모님보다 아줌마가 훨씬요.,형제 자매가 있어?
0379,72,425025,427725,2700,2.7,SPEAKER_0,SPEAKER_1,True,2.26,3.38,17,27,5,8,0.9966,0.994,0.922625,True,False,어른들이 학교 행사에 잘 오셔?,아니요. 엄마랑 아빠랑 둘 다 바쁘셔서 못 와요.
0379,115,682445,685145,2700,2.7,SPEAKER_0,SPEAKER_1,True,3.22,2.18,22,15,7,4,0.9321428571428572,0.95,0.97625,True,False,이런 싫은 기억이 떠오를 때 어떻게 해?,다른 거에 집중하려고 해요.
1786,9,43345,46045,2700,2.7,SPEAKER_0,SPEAKER_0,False,3.061,2.82,31,27,9,8,0.9958888888888889,0.988,0.989875,False,True,친구 집 구경하고 맛있는 것도 먹다 보면 더 친해져서요.,최근 일주일 동안 짜증이나 화가 난 적이 있나요?
1786,23,120605,123305,2700,2.7,SPEAKER_0,SPEAKER_0,False,1.86,1.3,18,14,6,3,0.9923333333333333,0.984,0.9973333333333333,True,False,왜 그런 표정을 짓는 것 같나요?,요즘 마음이 편안하셔서요.
2315,9,43995,46695,2700,2.7,SPEAKER_0,SPEAKER_0,False,1.14,2.5,12,24,3,6,0.9856666666666667,0.969,0.9891666666666666,True,False,어떤 점이 즐거운가요?,귀여운 물건들이 많아서 볼 것들이 많거든요.
2315,26,125425,128125,2700,2.7,SPEAKER_0,SPEAKER_0,False,0.9,2.1,9,19,2,5,0.986,0.976,0.9984,False,True,웃는 표정이에요.,왜 그런 표정을 짓는다고 생각해요?
2560,13,71535,74235,2700,2.7,SPEAKER_1,SPEAKER_0,True,2.34,3.54,19,32,5,9,0.9116,0.81,0.9824444444444445,False,True,엄마의 잔소리가 심해서 짜증 나요.,평소에 짜증이나 화가 났을 때 어떻게 하면 마음이 풀려요?
2560,58,284980,287680,2700,2.7,SPEAKER_1,SPEAKER_0,True,0.5,2.58,4,22,1,6,0.963,0.963,0.9518333333333333,False,True,엄마요.,배고픈데 먹을게 없어서 굶은 적 있어요?
2560,61,298965,301665,2700,2.7,SPEAKER_0,SPEAKER_1,True,2.82,1.62,26,12,7,3,0.9624285714285714,0.996,0.978,True,False,집에 혼자 두고 어른들이 말없이 나간적 있어요?,말없이 나간적 없어요.
2674,14,67715,70415,2700,2.7,SPEAKER_0,SPEAKER_1,True,3.221,7.46,28,54,8,13,0.9305,0.922,0.9823846153846154,True,False,최근 일주일 동안 짜증이나 화가 난 적이 있을까요?,친구들이랑 피시방 갔다가 저녁 여덟 시에 집에 들어갔는데 할아버지가 늦었다고 화내서 짜증 났어요.
2674,23,122765,125465,2700,2.7,SPEAKER_1,SPEAKER_0,True,2.9,4.1,14,32,4,8,0.995,0.997,0.853375,False,True,아침에는 몸 상태 좋아요.,평소에 잠들기 힘들다거나 잠자는 중간에 자주 깨진 않나요?
2674,49,268310,271010,2700,2.7,SPEAKER_0,SPEAKER_1,True,1.78,6.821,14,50,4,12,0.9572499999999999,0.851,0.9884999999999999,True,False,어떤 점에서 걱정이 돼요?,할아버지가 저를 통제하는 게 더 심해지는 것 같아서요. 답답하고 언제까지 이럴지 걱정돼요.
2674,61,339605,342305,2700,2.7,SPEAKER_0,SPEAKER_1,True,2.74,0.5,26,6,7,1,0.9747142857142858,0.976,0.942,True,False,집에서 주로 나를 돌봐주는 어른 은 누구인가요?,할아버지요.
2674,95,542840,545540,2700,2.7,SPEAKER_0,SPEAKER_1,True,4.42,3.7,36,29,9,8,0.9782222222222222,0.82,0.886,True,False,평상시에 어른들이 술을 마시고 집에서 무섭게 행동할 때가 많나요?,"아니요, 할아버지가 간이 안 좋아서 술은 안 드셔요."
2674,102,583475,586175,2700,2.7,SPEAKER_1,SPEAKER_0,True,2.1,2.1,20,18,6,6,0.9391666666666667,0.988,0.9881666666666666,False,True,"아니요, 그런 적은 한 번도 없어요.",잠잘 때 주로 어떤 꿈을 꾸나요?
3242,28,169290,171990,2700,2.7,SPEAKER_1,SPEAKER_0,True,12.946,3.7,87,27,24,7,0.9696666666666667,0.998,0.992,False,True,학교에 가면 또 나를 다치게 할 수도 있으니까 걱정하느라고 잠이 잘 안와요. 그리고 제 얼굴에 상처가 남을까봐 걱정도 하고요. 그래도 한번 잠들면 잘 자요.,평소 날 돌봐주시는 시설 선생님의 표정은 어때요?
3242,69,399665,402365,2700,2.7,SPEAKER_0,SPEAKER_1,True,4.82,4.18,43,30,10,9,0.9951,0.991,0.9915555555555555,True,False,없어요. 인터넷이나 휴대전화를 가지고 노는 시간은 하루에 몇 시간 정도인가요?,학년별로 달라져요. 우리는 삼 십 분만 할 수 있어요.
3242,91,527690,530390,2700,2.7,SPEAKER_0,SPEAKER_1,True,4.1,10.405,33,73,9,21,0.985,0.978,0.9648571428571429,True,False,맞은 것 때문에 다치거나 병원에 가서 치료받은 적이 있나요?,네. 피가 많이 나고 너무 아파서 엉엉 울었어요. 바로 병원에 갔고 아직 치료 중이에요. 삼 주 동안은 계속 병원에 다녀야 한대요.
3242,92,540795,543495,2700,2.7,SPEAKER_1,SPEAKER_1,False,10.405,4.98,73,42,21,11,0.9648571428571429,0.971,0.9959090909090909,False,True,네. 피가 많이 나고 너무 아파서 엉엉 울었어요. 바로 병원에 갔고 아직 치료 중이에요. 삼 주 동안은 계속 병원에 다녀야 한대요.,내가 원하지 않는데도 누군가가 내 몸을 만지거나 보여달라고 한 적이 있나요?
3696,66,298415,301115,2700,2.7,SPEAKER_0,SPEAKER_0,False,4.755,4.82,36,46,9,12,0.9907777777777778,0.976,0.96825,False,True,부모님이나 선생님 때문에 기분이 안 좋아진 적이 있나요? 아니요.,어른들이 나에게 무조건 안 된다고 하거나 하기 싫은데도 하라고 강요할 때가 있나요?
3821,44,247035,249735,2700,2.7,SPEAKER_1,SPEAKER_0,True,0.5,1.701,5,15,1,4,0.987,0.987,0.9175,False,True,좋아해요.,선생님은 어떤 점이 좋아요?
3821,69,422640,425340,2700,2.7,SPEAKER_0,SPEAKER_1,True,4.34,6.955,39,55,11,17,0.9741818181818181,0.999,0.945,True,False,빨래가 되어 있지 않아서 더럽고 냄새나는 옷을 입어야 한 적이 있나요?,항상 그래요. 옷뿐만 아니라 저희 내면 다 씻지도 못 찬 채로 매일 같은 옷만 입고 지내고 있어요.
3891,8,48695,51395,2700,2.7,SPEAKER_0,SPEAKER_0,False,3.06,0.9,29,8,9,2,0.9416666666666667,0.887,0.9855,True,False,최근 일주일 동안 짜증이 나 화가 난 적이 있었어요?,짜증이 났어요.
3891,60,358435,361135,2700,2.7,SPEAKER_1,SPEAKER_0,True,5.225,3.62,48,38,15,10,0.9448,0.968,0.96,False,True,"네. 일주일에 네 번은 못 먹는 것 같아요. 먹을 것도 없고, 삼촌이 잘 안 챙겨줘요.","어디 아픈 곳이 있는데, 어른들이 병원을 데려가지 않은 적이 있나요?"
3891,74,442725,445425,2700,2.7,SPEAKER_1,SPEAKER_0,True,0.5,5.425,4,53,1,15,0.606,0.606,0.9806,False,True,아니요.,내가 무엇을 하려고 할 때 무조건 안된다고 하거나 하기 싫은데도 무조건 하라고 할 때가 있나요?
3891,82,496665,499365,2700,2.7,SPEAKER_1,SPEAKER_0,True,0.5,1.86,4,16,1,5,0.884,0.884,0.9444,False,True,아니요.,주로 혼날 땐 어떻게 혼나요?
5036,81,371165,373865,2700,2.7,SPEAKER_0,SPEAKER_1,True,3.22,1.54,25,10,6,2,0.9358333333333333,0.908,0.8465,True,False,마음이 힘들때 가족에게 친구 마음을 이야기해?,아무한테도 안해요.
5036,102,491980,494680,2700,2.7,SPEAKER_0,SPEAKER_1,True,3.86,1.86,34,15,10,4,0.9457,0.802,0.98325,True,False,생각하고 싶지 않은데도 자꾸 안 좋은 기억이 떠오른 적 있어?,엄마가 죽자고 했던 말들이요
5069,6,32740,35440,2700,2.7,SPEAKER_0,SPEAKER_0,False,0.9,2.98,9,26,3,8,0.977,0.999,0.9163749999999999,False,False,일 년 넘었어요.,최근 일주일 동안 짜증이나 화가 난 적이 있어.
5069,12,60570,63270,2700,2.7,SPEAKER_1,SPEAKER_0,True,2.02,3.38,20,31,5,9,0.8732,0.864,0.9865555555555555,False,True,네. 집도 더럽고 빨래도 산더미예요.,평소에 짜증이나 화가 났을 때 어떻게 하면 마음이 풀려?
5069,28,141410,144110,2700,2.7,SPEAKER_1,SPEAKER_0,True,1.62,2.5,12,23,3,6,0.9993333333333333,0.998,0.9775,False,True,엄마도 표정이 없어요.,어머니께서 그런 표정을 짓는 이유가 뭘까?
5069,33,166850,169550,2700,2.7,SPEAKER_0,SPEAKER_0,False,1.54,0.5,13,4,4,1,0.84825,0.923,0.845,True,False,형제 자매는 몇 명이야?,없어요.
5069,78,413895,416595,2700,2.7,SPEAKER_1,SPEAKER_0,True,1.06,2.58,9,24,3,6,0.9893333333333333,0.976,0.8913333333333333,False,True,그런 적 없어요.,마음이 힘들 때 누구에게 이야기하는 편이요?
5113,49,267750,270450,2700,2.7,SPEAKER_0,SPEAKER_0,False,2.26,1.541,20,11,6,3,0.9161666666666667,0.554,0.9766666666666667,True,False,요즘 가장 큰 걱정거리는 어떤 거야?,엄마가 이상한 거요.
0002,38,159026,161725,2699,2.699,SPEAKER_0,SPEAKER_1,True,0.901,4.661,8,29,2,8,0.9975,0.995,0.953375,True,False,이유가 뭐예요?,그냥 돈도 좀 벌고 가족이랑 사이좋게 지내고 싶어요.
0006,8,36610,39309,2699,2.699,SPEAKER_1,SPEAKER_1,False,1.461,0.661,13,7,4,2,0.99675,0.999,0.9995,True,False,뭘 할 때가 즐거운가요?,안 즐거워요.
0006,65,288065,290764,2699,2.699,SPEAKER_0,SPEAKER_1,True,1.62,0.501,16,4,4,1,0.98725,0.949,0.997,True,False,주로 집에서 누가 돌봐주나요?,엄마요.
0006,137,631846,634545,2699,2.699,SPEAKER_0,SPEAKER_1,True,2.261,1.38,20,10,5,3,0.9954,0.98,0.997,True,False,어떨 때 마음이 복잡하거나 힘든가요?,엄마가 때릴 때요.
0184,73,340521,343220,2699,2.699,SPEAKER_1,SPEAKER_0,True,1.141,2.1,10,17,3,5,0.999,0.997,0.9994,False,True,그냥 다 좋아서요.,나중에 어떤 사람이 되고 싶어?
0184,79,367810,370509,2699,2.699,SPEAKER_1,SPEAKER_0,True,0.5,3.701,4,29,1,9,0.997,0.997,0.9521111111111111,False,True,엄마요.,배가 고픈데 밥을 챙겨 주지 않아서 굶은 적이 있어?
0216,27,128345,131044,2699,2.699,SPEAKER_1,SPEAKER_0,True,2.66,2.501,21,19,5,6,0.952,0.795,0.9653333333333334,False,True,저희 엄마는 활발하고 밝은 분이라서요.,그런 표정일 때 친구 기분은 어때?
0379,116,687325,690024,2699,2.699,SPEAKER_1,SPEAKER_0,True,2.18,2.981,15,20,4,6,0.97625,0.99,0.9765,False,True,다른 거에 집중하려고 해요.,꿈을 꾸고 일어나면 몸 상태는 어때?
1136,63,347861,350560,2699,2.699,SPEAKER_0,SPEAKER_1,True,3.461,2.98,29,26,9,8,0.9743333333333333,0.938,0.971,True,False,하루에 컴퓨터나 핸드폰을 몇 시간 동안 쓸 수 있어?,숙제 끝나면 엄마가 핸드폰 할 수 있게 해줘요.
2315,77,378306,381005,2699,2.699,SPEAKER_0,SPEAKER_0,False,1.701,3.46,14,38,3,11,0.8079999999999999,0.828,0.982,False,False,"네, 부모님한테 얘기해요.",주위 어른이나 가족 중 나를 때린 적이 있는 사람이 있나요? 없어요.
2560,75,376305,379004,2699,2.699,SPEAKER_1,SPEAKER_0,True,4.1,3.221,40,31,13,9,0.9555384615384616,0.997,0.9713333333333334,False,True,엄마가 공부 못하면 사람 취급을 안 하는 것 같아서 화가 난 적 있어요.,엄마가 어떻게 하시길래 사람 취급을 안 하는 것 같아요?
2560,90,452965,455664,2699,2.699,SPEAKER_0,SPEAKER_1,True,4.021,0.981,40,8,10,2,0.9766,0.995,0.909,True,False,없어요. 성적인 목적으로 나의 신체부위를 찍어 누구에게 보낸 적 있나요?,아니요 없어요.
2560,109,547732,550431,2699,2.699,SPEAKER_1,SPEAKER_0,True,0.901,2.661,8,23,2,7,0.886,0.81,0.9912857142857143,False,True,아니요 없어요.,친한 친구 중에 집을 나간 사람이 있어요?
2637,100,470991,473690,2699,2.699,SPEAKER_1,SPEAKER_0,True,4.581,3.38,38,28,13,7,0.889,0.889,0.9885714285714285,False,True,저 요즘 하늘 나는 꿈 자주 꾸는데 엄마가 키 끝나고 꾸는 걸 했어요,생각하고 싶지 않은데도 자꾸 떠오르는 기억이 있어?
2674,41,229406,232105,2699,2.699,SPEAKER_0,SPEAKER_1,True,1.541,1.62,13,14,4,5,0.99675,0.998,0.9088,True,False,주로 몇 명이랑 놀아요?,친한 친구 네 명 있어요.
2674,69,381871,384570,2699,2.699,SPEAKER_0,SPEAKER_1,True,6.261,1.06,52,9,15,2,0.9673333333333334,0.99,0.7375,True,False,더럽고 냄새나는 옷을 입어야 한 적이 있거나 작은 옷이나 신발을 입거나 신고 다닌 적 있나요?,"아니요, 없어요."
3242,43,251370,254069,2699,2.699,SPEAKER_0,SPEAKER_1,True,1.7,3.221,14,30,4,7,0.95375,0.849,0.9938571428571429,True,False,담임 선생님이 왜 싫어요?,저를 이렇게 다치게 했잖아요. 정말 무서운 사람이에요.
3821,55,316091,318790,2699,2.699,SPEAKER_0,SPEAKER_1,True,1.781,1.541,16,12,3,3,0.8623333333333333,0.872,0.9763333333333334,True,False,"요즘 행복한가요, 불행한가요?",전혀 행복하지 않아요.
3891,78,476560,479259,2699,2.699,SPEAKER_1,SPEAKER_0,True,7.075,2.101,67,27,20,7,0.9363,0.971,0.9812857142857143,False,True,"네. 저번에 삼촌 친구들 왔을 때 술 마실 거라고 안방에서 나오지 말라고 하고, 과자 몇 개 주고는 못 나오게 잠갔어요.",마음이 힘들 때 누구에게 내 마음을 이야기하나요?
3891,111,654181,656880,2699,2.699,SPEAKER_1,SPEAKER_0,True,0.501,2.661,4,26,1,7,0.909,0.909,0.9487142857142857,False,True,아니요.,주변에 친한 친구들 중에 가출한 친구가 있나요?
5036,25,113991,116690,2699,2.699,SPEAKER_0,SPEAKER_1,True,3.381,0.901,27,7,8,2,0.983,0.997,0.9550000000000001,True,False,평소에 어머니는 어떤 표정을 자주 짓는 것 같아?,화난 표정이요
5036,70,305745,308444,2699,2.699,SPEAKER_1,SPEAKER_0,True,0.981,2.181,7,18,3,5,0.9486666666666667,0.852,0.9808,False,True,말 안 할래요,누구 때문에 기분이 안 좋았을까?
5036,83,382000,384699,2699,2.699,SPEAKER_0,SPEAKER_1,True,3.94,0.501,29,3,8,1,0.952875,0.954,0.765,True,False,주위 어른이나 가족들 중 친구를 때렸던 사람이 있어?,아니요
0006,12,53985,56680,2695,2.695,SPEAKER_0,SPEAKER_1,True,1.94,1.62,15,13,4,3,0.99975,1.0,0.9816666666666667,True,False,왜 즐겁지 않다고 느끼나요?,엄마가 때리고 화내서요.
1136,5,29575,32270,2695,2.695,SPEAKER_1,SPEAKER_0,True,2.261,1.78,17,13,4,4,0.736,0.984,0.8612500000000001,False,True,퍼즐이나 스토커 보는거 좋아해요,퍼즐의 어떤 점이 좋아?
2315,76,373910,376605,2695,2.695,SPEAKER_0,SPEAKER_0,False,2.42,1.701,27,14,7,3,0.965,0.777,0.8079999999999999,True,False,마음이 힘들 때 가족에게 내 마음을 이야기하나요?,"네, 부모님한테 얘기해요."
3891,68,408280,410975,2695,2.695,SPEAKER_1,SPEAKER_0,True,3.94,2.26,35,26,10,7,0.982,0.997,0.997,False,True,삼촌 있을 때만 허락받고 할 수 있어요. 시간은 잘 모르겠어요.,너무 많이 한다고 어른들이 뭐라고 안 하시나요?
0006,155,718205,720894,2689,2.689,SPEAKER_1,SPEAKER_0,True,3.98,5.221,19,42,6,12,0.848,0.755,0.9984166666666666,False,True,땀이 나 있고 심장이 빨리 끼어요.,부모님 허락 없이 또는 말도 없이 집에서 오랫동안 나와 있었던 적이 있나요?
3821,19,106925,109610,2685,2.685,SPEAKER_0,SPEAKER_1,True,1.94,7.54,21,56,7,16,0.9852857142857143,0.899,0.995875,True,False,보통 몇 시에 자고 몇 시에 일어나요?,잠을 많이 못 자요. 집이 너무 더럽고 막내 기저귀도 갈아줘야 해서요. 하루에 다섯 시간도 못 자요.
0004,53,236450,239125,2675,2.675,SPEAKER_0,SPEAKER_1,True,2.18,3.46,17,32,5,8,0.9994,0.998,0.99625,True,False,커서 어떤 사람이 되고 싶어요?,모르겠어요. 어른이 되면 그냥 집에서 빨리 나가고 싶어요.
1136,8,45810,48485,2675,2.675,SPEAKER_0,SPEAKER_1,True,3.54,2.74,30,23,9,6,0.8626666666666667,0.883,0.9,True,False,최근 일주일 동안 크게 화를 내거나 짜증낸 적이 있어?,최근에는 부모님이 안 싸워서 기분이 좋아요
5113,48,262815,265490,2675,2.675,SPEAKER_0,SPEAKER_0,False,2.661,2.26,22,20,5,6,0.9420000000000001,0.884,0.9161666666666667,False,True,야구도 알려주고 재미있는 놀이도 알려줘요,요즘 가장 큰 걱정거리는 어떤 거야?
2677,100,522351,525024,2673,2.673,SPEAKER_0,SPEAKER_1,True,3.951,4.261,34,37,10,10,0.975,0.932,0.9164,False,False,생각하고 싶지 않은데도 자꾸 그 기억이 떠오른 적 있어? 네.,일주일에 한 번 정도 갑자기 아빠가 자해하는 게 떠올라서 힘들어요.
5113,73,399715,402380,2665,2.665,SPEAKER_0,SPEAKER_0,False,2.26,1.38,25,11,7,4,0.9804285714285714,0.934,0.97775,True,False,휴대폰을 하는 시간은 하루에 몇 시간 정도야?,두 시간 정도 해요.
1786,56,286435,289099,2664,2.664,SPEAKER_0,SPEAKER_0,False,2.5,0.501,25,5,6,1,0.9981666666666666,0.998,0.969,True,False,집에서 주로 나를 돌봐주는 어른은 누구인가요?,엄마예요.
2674,77,438831,441495,2664,2.664,SPEAKER_0,SPEAKER_1,True,6.181,7.7,52,57,14,16,0.9463571428571429,0.979,0.9403125,True,False,내가 무엇을 하려고 하면 무조건 안된다고 하거나 하기 싫은데도 무조건 하라고 할 때가 있나요?,"네, 할아버지는 자기 말 들으라고 항상 강요해요. 이거 해라 저거 해라 일찍 들어와라 이런 게 많아요."
5058,77,293600,296264,2664,2.664,SPEAKER_0,SPEAKER_0,False,4.58,3.301,44,32,12,9,0.99525,0.992,0.9435555555555556,True,True,내가 싫다고 했는데도 누군가가 내 몸을 만지려고 하거나 보여달라고 한 적 있어?,아. 누가 나를 만지려고 하거나 가까이 다가온 적이 있어?
3891,83,501225,503880,2655,2.655,SPEAKER_0,SPEAKER_1,True,1.86,1.38,16,11,5,3,0.9444,0.8,0.928,True,False,주로 혼날 땐 어떻게 혼나요?,그냥 말로만 혼나요.
5036,82,375405,378060,2655,2.655,SPEAKER_1,SPEAKER_0,True,1.54,3.94,10,29,2,8,0.8465,0.723,0.952875,False,True,아무한테도 안해요.,주위 어른이나 가족들 중 친구를 때렸던 사람이 있어?
1136,2,14420,17074,2654,2.654,SPEAKER_0,SPEAKER_1,True,2.58,0.501,20,3,6,1,0.9848333333333333,0.993,0.639,True,False,최근에 다치거나 멍이 든 적이 있니?,아니요
5036,96,455785,458439,2654,2.654,SPEAKER_0,SPEAKER_0,False,3.3,2.901,26,19,7,6,0.9502857142857143,0.974,0.9126666666666666,True,False,우리 친구는 어떨 때 마음이 복잡하거나 힘들어?,엄마가 화나서 같이 죽자고 할 때요
0006,48,218655,221300,2645,2.645,SPEAKER_0,SPEAKER_1,True,3.3,1.06,24,8,6,2,0.9943333333333333,0.987,0.9645,True,False,그 걱정 때문에 평소에 불편하거나 힘든가요?,네. 힘들어요.
1786,10,48865,51510,2645,2.645,SPEAKER_0,SPEAKER_0,False,2.82,1.3,27,13,8,5,0.989875,0.999,0.712,True,False,최근 일주일 동안 짜증이나 화가 난 적이 있나요?,"네, 화 난 적 있어요."
3821,10,51295,53940,2645,2.645,SPEAKER_1,SPEAKER_0,True,3.38,2.82,30,28,8,9,0.9904999999999999,0.987,0.9923333333333333,False,True,느꼈어요? 제가 어렸을 때부터요. 오 년도 더 됐어요.,최근 일주일 동안 짜증이 나 화가 난 적이 있나요?
5069,15,78805,81450,2645,2.645,SPEAKER_0,SPEAKER_1,True,1.94,2.1,20,21,7,7,0.969,0.821,0.9387142857142857,True,False,보통 몇 시에 자고 몇 시에 일어나?,열 두 시에 자서 일곱 시에 일어나요.
5069,102,555335,557980,2645,2.645,SPEAKER_0,SPEAKER_1,True,1.941,1.621,16,14,6,5,0.9691666666666667,0.9,0.9322,True,False,잠잘 때 주로 어떤 꿈을 꿔?,꿈은 안 꾸는 것 같아요.
0006,30,136985,139629,2644,2.644,SPEAKER_1,SPEAKER_1,False,2.1,4.341,23,34,6,10,0.9763333333333333,0.865,0.9649,True,False,살아요. 어떨 때 그런 표정을 지으시나요?,집에 바로 안 가고 놀다가 가거나 물건 맘대로 가져갔을 때요.
3891,72,433665,436305,2640,2.64,SPEAKER_1,SPEAKER_0,True,2.015,3.38,16,32,5,8,0.8226,0.95,0.93475,False,True,아니요 학교 안 다녀요 저는.,부모님이나 선생님 때문에 기분이 안 좋아진 것이 있었어요?
0004,58,260370,263005,2635,2.635,SPEAKER_1,SPEAKER_0,True,0.5,8.74,4,62,1,18,0.86,0.86,0.9556666666666667,False,True,아니요.,빨래가 안 돼서 더럽고 냄새나는 옷을 입어야 한 적이 있거나 사이즈가 작은 옷이나 신발을 입고 다닌 적 있어요?
0006,72,322015,324650,2635,2.635,SPEAKER_1,SPEAKER_1,False,2.98,2.34,27,22,7,8,0.9498571428571428,0.772,0.996125,False,True,엄마한테 맞아서 피 났는데 병원에 안 데려왔어요.,한 달에 몇 번 정도 그런 일이 있나요?
1112,75,502795,505430,2635,2.635,SPEAKER_1,SPEAKER_0,True,0.98,5.621,9,43,3,12,0.99,0.992,0.9558333333333333,False,True,한 시간 정도요.,어른들이 운동회나 참관 수업 또는 학부모 상담 같은 학교 행사에 잘 오시나요?
2560,40,199345,201980,2635,2.635,SPEAKER_0,SPEAKER_1,True,2.02,0.5,16,4,4,1,0.8985,0.856,0.969,True,False,담임 선생님은 좋아요 싫어요?,싫어요.
2637,45,202960,205595,2635,2.635,SPEAKER_1,SPEAKER_0,True,5.94,3.38,46,26,11,8,0.939,0.744,0.9405,False,True,애들이랑 빙수 먹기로 했는데 돈이 없어서 걱정했는데 엄마가 용돈 주셔서 해결했어요.,요즘 행복한 것 같아? 아니면 불행한 것 같아?
2674,55,303250,305885,2635,2.635,SPEAKER_0,SPEAKER_1,True,1.7,5.38,14,42,4,9,0.9984999999999999,0.996,0.9531111111111111,True,False,왜 그렇게 느끼는 걸까요?,할아버지가 친구들이랑 저녁에 놀지도 못하게 하고 통제가 심하다고 느껴져서요.
3242,52,313730,316365,2635,2.635,SPEAKER_0,SPEAKER_1,True,1.94,0.5,16,5,3,1,0.9426666666666667,1.0,0.994,True,False,요즘 행복한가요? 불행한가요?,불행해요.
3242,70,406545,409180,2635,2.635,SPEAKER_1,SPEAKER_0,True,4.18,5.54,30,40,9,10,0.9915555555555555,1.0,0.9528,False,True,학년별로 달라져요. 우리는 삼 십 분만 할 수 있어요.,시설 선생님이 운동회나 삼관수업 학부모상담 등 학교 행사에 잘 오시나요?
3696,46,192550,195185,2635,2.635,SPEAKER_1,SPEAKER_0,True,2.82,0.82,27,6,7,2,0.9964285714285714,0.999,0.9355,False,False,집에서 저한테 무섭게 구는 사람이 이제 없어서요.,장래 희망이
3696,82,365035,367670,2635,2.635,SPEAKER_1,SPEAKER_1,False,1.38,3.861,13,36,3,10,0.995,0.986,0.9976,True,False,얼마나 자주 때리시나요?,이제는 안 맞아요. 아빠 없어서 저 때리는 사람 없으니까 좋아요.
5036,66,289715,292350,2635,2.635,SPEAKER_1,SPEAKER_0,True,1.06,3.46,7,28,2,8,0.8425,0.69,0.986125,False,True,바빠서 못와요,어머니나 선생님 때문에 기분이 안 좋아진 적 있어?
5069,86,459410,462045,2635,2.635,SPEAKER_0,SPEAKER_1,True,3.86,1.86,35,18,10,5,0.9685,0.991,0.8284,True,False,혹시 이 친구의 신체 부위를 사진이나 영상으로 찍은 적이 있어?,이런 질문은 짜증 나요. 없어요.
2315,58,285280,287914,2634,2.634,SPEAKER_0,SPEAKER_0,False,2.82,0.501,27,3,8,1,0.99275,0.949,0.753,True,False,학교나 학원 끝나고 집에 가면 항상 누가 있나요?,엄마요
2674,11,49925,52559,2634,2.634,SPEAKER_1,SPEAKER_0,True,2.26,1.141,20,11,6,3,0.9773333333333334,0.994,0.9986666666666667,False,True,저는 태권도 할 때가 가장 즐거워요.,어떤 점이 즐거워요?
3242,50,298836,301470,2634,2.634,SPEAKER_0,SPEAKER_1,True,2.581,7.141,22,50,5,12,0.9954,0.996,0.972,True,False,때문에 평소 생활이 불편하거나 힘든가요?,매일 선생님을 다시 만나야 하니까 힘들죠. 학교가는 날은 당연하고 주말에도 계속 불안해요.
3821,27,154715,157349,2634,2.634,SPEAKER_1,SPEAKER_0,True,3.461,2.501,28,22,8,7,0.998375,0.999,0.9675714285714285,False,True,아무런 표정이 없고 항상 다른 생각을 하고 있어요.,아빠가 왜 그런 표정을 짓는 것 같아요?
0006,18,81695,84320,2625,2.625,SPEAKER_0,SPEAKER_1,True,2.421,3.172,18,17,5,5,0.9976,0.996,0.9904,True,False,평소에 화가 나면 어떻게 하나요?,그냥 방에 들어가요. 평소에 몇
0006,75,336110,338735,2625,2.625,SPEAKER_1,SPEAKER_1,False,2.58,0.5,23,4,7,1,0.996,1.0,0.977,True,False,빨래가 되지 않은 옷을 입은 적이 있나요?,아니요.
0379,87,509080,511705,2625,2.625,SPEAKER_0,SPEAKER_1,True,3.941,4.9,27,31,8,10,0.99275,0.979,0.8965,True,False,누가 나에게 부끄럽고 창피한 것을 시킨 적 있어?,"네, 그때 제 손 잡아 끌리면서 자기 것 만지게 했어요."
3706,56,245410,248035,2625,2.625,SPEAKER_0,SPEAKER_1,True,4.74,1.94,41,18,10,5,0.9862,0.953,0.917,True,False,나를 주로 돌봐주는 어른은 누구인가요? 시설에 돌아갔을 때 항상 계시나요?,"네, 시설 선생님이 항상 있어요."
2560,76,382225,384849,2624,2.624,SPEAKER_0,SPEAKER_1,True,3.221,3.541,31,34,9,11,0.9713333333333334,0.769,0.9018181818181819,True,False,엄마가 어떻게 하시길래 사람 취급을 안 하는 것 같아요?,넌 왜 이래. 공부 못 하면 살 자격도 없어.라고 말할 때요.
0002,35,145770,148390,2620,2.62,SPEAKER_1,SPEAKER_1,False,0.98,1.62,8,13,2,3,0.997,0.994,0.998,False,True,아빠 때문에요.,꿈꾸는 미래가 있을까요?
0004,9,36810,39430,2620,2.62,SPEAKER_1,SPEAKER_0,True,1.14,1.22,10,10,3,2,0.9996666666666667,0.999,0.9630000000000001,False,True,즐거운 게 없어요.,언제부터 그랬어요?
0004,19,76255,78875,2620,2.62,SPEAKER_0,SPEAKER_1,True,3.06,2.02,23,20,7,6,0.9888571428571429,0.981,0.846,True,False,있어요. 몇 시에 자고 몇 시에 일어나요?,열두 시에 여섯 일곱 시에 일어나요.
0004,33,144710,147330,2620,2.62,SPEAKER_1,SPEAKER_0,True,1.78,1.86,16,15,4,5,0.92425,0.97,0.9886,False,True,제가 공부를 못해서 싫어해요.,그럴 때 기분이 좀 어때요?
0005,43,203795,206415,2620,2.62,SPEAKER_0,SPEAKER_1,True,1.22,3.22,10,28,3,7,0.9846666666666667,0.969,0.8964285714285715,True,False,어떤 점이 좋아요?,저한테 신경을 많이 써주시고 친절하게 말해 주거든요
0005,95,485780,488400,2620,2.62,SPEAKER_0,SPEAKER_1,True,3.62,3.06,31,27,8,7,0.993375,0.999,0.9697142857142858,True,False,어른들이 술을 마시고 집에서 무섭게 행동할 때가 있나요?,아니요. 술을 많이 마시는 어른이 주변에 없어요.
0006,37,169190,171810,2620,2.62,SPEAKER_1,SPEAKER_1,False,2.9,2.66,23,22,5,6,0.9938,1.0,0.998,False,True,놀이터에서 미끄럼틀이나 그네 타고 놀아요.,친구들이랑 같이 놀 때 기분이 어떤가요?
0006,141,651360,653980,2620,2.62,SPEAKER_0,SPEAKER_1,True,2.9,0.74,23,6,7,2,0.99,0.995,0.99,True,False,일주일에 몇 번 정도 그런 생각이 드나요?,세 번이요.
0006,143,659375,661995,2620,2.62,SPEAKER_0,SPEAKER_1,True,1.86,0.66,14,3,4,2,0.98525,0.998,0.997,True,False,자살 시도는 언제 했나요?,한 적
0184,47,213545,216165,2620,2.62,SPEAKER_1,SPEAKER_0,True,2.5,1.86,24,13,6,4,0.9831666666666666,1.0,0.9924999999999999,False,True,좋아요. 제가 제 여동생 진짜 좋아하거든요.,여동생 어떤 점이 좋아?
0184,51,241485,244105,2620,2.62,SPEAKER_1,SPEAKER_0,True,4.901,2.02,38,16,9,4,0.924,0.994,0.94625,False,True,아니요. 여동생이 애기라서 동생도 봐줘도 되는데 같이 잘 챙겨주세요.,친구들이랑 주로 뭐하고 놀아?
0216,0,4020,6640,2620,2.62,SPEAKER_0,SPEAKER_1,True,2.1,1.3,17,12,5,3,0.8542,0.675,0.7823333333333333,True,False,최근에 아픈 곳 없이 건강하니?,아픈데 없이 건강해요.
0379,21,120940,123560,2620,2.62,SPEAKER_1,SPEAKER_0,True,2.5,2.74,21,23,5,7,0.9186,0.887,0.9088571428571428,False,False,"""찢히고 화난 표정을 자주 지으세요.""","""아빠가 왜 그런 표정을 짓는 거 같아?"""
0379,54,300640,303260,2620,2.62,SPEAKER_0,SPEAKER_1,True,3.14,0.9,24,8,6,2,0.9431666666666667,0.745,0.751,True,False,이런 고민 때문에 생활이 불편하거나 힘들어?,네. 힘들어요.
0379,90,525480,528100,2620,2.62,SPEAKER_1,SPEAKER_0,True,0.98,4.42,10,31,2,9,0.9904999999999999,0.994,0.995,False,True,그렇지는 않았어요.,소중한 부위에 상처가 나거나 다쳐서 병원에 간 적 있어?
1112,84,575275,577895,2620,2.62,SPEAKER_1,SPEAKER_0,True,2.58,3.86,19,30,4,9,0.8242499999999999,0.726,0.9688888888888889,False,False,아니요 주로 친구들이랑 이야기해요.,주위 어른들 중에서 나를 때린 적이 있는 사람이 있나요
1136,84,471085,473705,2620,2.62,SPEAKER_0,SPEAKER_1,True,6.34,2.26,35,20,11,7,0.9112727272727272,0.789,0.9884285714285714,True,False,네. 부모님이 싸우는 걸 종종 봐요. 한 달에 몇 번 싸우시니?,한 달에 두 번은 싸우는 것 같아요.
1786,39,191940,194560,2620,2.62,SPEAKER_0,SPEAKER_0,False,2.02,1.061,19,8,4,3,0.8767499999999999,0.955,0.969,False,False,담임 선생님을 좋아하나요 싫어하나요,별로 안 좋아요
1786,43,211800,214420,2620,2.62,SPEAKER_0,SPEAKER_0,False,2.02,1.7,18,14,5,4,0.9982,0.993,0.97775,True,False,요즘 가장 큰 걱정은 무엇인가요?,엄마 때문에 걱정이 돼요.
2076,0,5540,8160,2620,2.62,SPEAKER_0,SPEAKER_0,False,3.78,1.06,36,8,9,3,0.9308888888888889,0.984,0.855,True,False,최근에 건강한지 아니면 어디 아픈 곳이 있었는지 이야기해 줄래요?,아픈 곳 없어요
2315,57,279840,282460,2620,2.62,SPEAKER_0,SPEAKER_0,False,0.5,2.82,4,27,1,8,0.958,0.958,0.99275,False,True,엄마요.,학교나 학원 끝나고 집에 가면 항상 누가 있나요?
2315,87,446300,448920,2620,2.62,SPEAKER_0,SPEAKER_0,False,4.1,1.38,42,15,11,4,0.9873636363636363,0.992,0.81375,True,False,어른이 아닌 주변 사람들이 나를 자주 놀리거나 괴롭힌다고 느낀 적이 있나요?,아니요 아무도 안 괴롭혀요.
2560,32,166915,169535,2620,2.62,SPEAKER_0,SPEAKER_1,True,1.94,1.14,18,9,6,3,0.9955,0.988,0.985,True,False,그 표정을 볼 때 기분이 어때요?,별로 안 좋아요.
2560,39,194705,197325,2620,2.62,SPEAKER_1,SPEAKER_0,True,1.14,2.02,9,16,3,4,0.9863333333333333,0.996,0.8985,False,True,스무 명 정도요.,담임 선생님은 좋아요 싫어요?
2560,82,414550,417170,2620,2.62,SPEAKER_0,SPEAKER_1,True,2.58,1.06,26,7,7,3,0.9614285714285714,0.741,0.906,True,False,마음이 힘들 때 가족에게 내 마음을 이야기해요?,잘 안 해요.
2637,49,220860,223480,2620,2.62,SPEAKER_1,SPEAKER_0,True,4.42,2.18,38,20,12,6,0.9535833333333333,0.864,0.9966666666666667,False,True,요즘 수영 다니는데 이번에 판 안 잡고 할 수 있게 돼서 행복했어요.,친구는 커서 어떤 사람이 되고 싶어?
2674,10,45045,47665,2620,2.62,SPEAKER_0,SPEAKER_1,True,2.1,2.26,18,20,6,6,0.9901666666666666,0.987,0.9773333333333334,True,False,우리 친구는 뭘 할 때 즐거워요?,저는 태권도 할 때가 가장 즐거워요.
2674,18,93895,96515,2620,2.62,SPEAKER_0,SPEAKER_1,True,3.06,6.5,27,53,8,14,0.995625,0.997,0.9882142857142857,True,False,그렇게 짜증이 나면 어떻게 할 때 마음이 풀려요?,방에 들어가서 제가 좋아하는 일본 노래를 혼자 이어폰 꽂고 들어요. 그럼 마음이 좀 편안해져요.
2674,21,113590,116210,2620,2.62,SPEAKER_1,SPEAKER_0,True,3.82,2.5,23,21,7,6,0.9732857142857143,0.99,0.99,False,True,저는 열두 시에 자고 여덟 시에 일어나요.,아침에 일어났을 때 몸 상태는 어때요?
2674,99,565140,567760,2620,2.62,SPEAKER_1,SPEAKER_1,False,2.26,4.101,20,32,5,8,0.9982,0.995,0.977,True,False,어떨 때 마음이 복잡하거나 힘든가요?,친구들이랑 놀고 있는데 할아버지한테 전화 오면 좀 그래요.
2677,26,142410,145030,2620,2.62,SPEAKER_1,SPEAKER_0,True,4.58,1.86,35,12,9,3,0.9511111111111111,0.905,0.928,False,True,제가 아빠를 그렇게 좋아하지는 않아서 사이는 그닥 좋진 않아요.,혹시 형제자매는 있어?
2677,75,396745,399365,2620,2.62,SPEAKER_1,SPEAKER_0,True,1.06,3.14,10,25,3,7,0.9923333333333333,0.986,0.992,False,True,그런 적은 없어요.,마음이 힘들 때 누구에게 내 마음을 이야기해?
2677,94,485180,487800,2620,2.62,SPEAKER_0,SPEAKER_1,True,2.18,3.14,19,28,5,8,0.9944,0.982,0.94025,True,False,어떨 때 마음이 복잡하거나 힘들어?,아빠가 갑자기 칼 들고 자야 하거나 우울해할 때요.
2677,99,515780,518400,2620,2.62,SPEAKER_1,SPEAKER_0,True,1.62,3.951,16,34,5,10,0.9954,0.99,0.975,False,False,꿈을 아예 안 꾸는 편이에요.,생각하고 싶지 않은데도 자꾸 그 기억이 떠오른 적 있어? 네.
3242,94,551700,554320,2620,2.62,SPEAKER_1,SPEAKER_0,True,0.5,8.02,4,65,1,18,0.955,0.955,0.9837222222222222,False,True,아니요.,나의 신체 부위를 사진 영상을 찍어 어디에 올리거나 보낸 적이 있나요? 아니면 누가 그렇게 해달라고 한 적이 있나요?
3242,108,625135,627755,2620,2.62,SPEAKER_1,SPEAKER_0,True,0.5,3.3,4,27,1,8,0.922,0.922,0.9795,False,True,아니요.,"잠잘 때 주로 어떤 꿈을 꾸나요, 악몽을 꾸나요?"
3316,16,46735,49355,2620,2.62,SPEAKER_0,SPEAKER_1,True,1.54,1.14,18,12,4,3,0.9765,0.911,0.8373333333333334,True,False,그렇게 하면 기분이 괜찮으시나요?,"네, 완전 재미있어요."
3316,52,158005,160625,2620,2.62,SPEAKER_0,SPEAKER_1,True,2.34,3.14,26,27,8,7,0.997375,1.0,0.8767142857142857,True,False,배가 고픈데 먹을 게 없어서 굶은 적이 있나요?,학교에서는 급식 먹는데 시설에선 굶을 때 있어요.
3696,91,408275,410895,2620,2.62,SPEAKER_0,SPEAKER_0,False,0.5,4.26,4,43,1,11,0.999,0.999,0.9927272727272727,False,True,없어요.,어른이 아닌 주변 사람들이 나를 자주 놀리거나 괴롭힌다고 느낀 적이 있었나요?
3731,29,138960,141580,2620,2.62,SPEAKER_0,SPEAKER_0,False,6.845,7.46,47,57,13,16,0.9656153846153847,0.994,0.9556875,False,False,제일 친한 친구들은 몇 명이야? 지금 같은 방에 있는 형이랑도 친하고 친구들이랑도 다,친해요 친구들이랑 뭐하면서 놀아? 친구 집 가서 놀거나 시설에 있는 엄청 큰 놀이터에서 다 같이 놀아요
5036,19,85420,88040,2620,2.62,SPEAKER_0,SPEAKER_1,True,2.5,2.5,28,21,8,7,0.963,0.995,0.9644285714285714,True,False,모르겠어요. 평소에 몇 시에 자고 몇 시에 일어나?,열 한 시에 자서 일곱 시에 일어나요.
5058,76,286400,289020,2620,2.62,SPEAKER_1,SPEAKER_0,True,0.5,4.58,4,44,1,12,0.731,0.731,0.99525,False,True,없어요.,내가 싫다고 했는데도 누군가가 내 몸을 만지려고 하거나 보여달라고 한 적 있어?
5069,16,83550,86170,2620,2.62,SPEAKER_1,SPEAKER_0,True,2.1,2.34,21,20,7,6,0.9387142857142857,0.763,0.9511666666666666,False,True,열 두 시에 자서 일곱 시에 일어나요.,아침에 일어났을 때 몸 상태는 어때?
5069,85,452930,455550,2620,2.62,SPEAKER_1,SPEAKER_0,True,1.94,3.86,18,35,5,10,0.8682,0.539,0.9685,False,True,왜 그런 걸 물어봐요? 없는데요.,혹시 이 친구의 신체 부위를 사진이나 영상으로 찍은 적이 있어?
5113,61,326250,328870,2620,2.62,SPEAKER_0,SPEAKER_0,False,1.54,0.98,13,10,4,2,0.99275,0.99,0.972,True,False,되고 싶은 이유가 있어?,야구가 재미있어요.
0002,3,9940,12559,2619,2.619,SPEAKER_1,SPEAKER_0,True,0.98,0.821,9,8,2,2,0.999,0.998,0.9955,False,True,무릎이 까졌어요.,언제 다쳤어요?
0005,60,292390,295009,2619,2.619,SPEAKER_0,SPEAKER_1,True,2.821,0.501,25,6,6,1,0.9663333333333334,0.997,0.893,True,False,집에서 주로 나를 돌봐주는 어른은 누구인가요?,할아버지요.
0005,86,436485,439104,2619,2.619,SPEAKER_1,SPEAKER_0,True,1.62,4.661,15,42,3,12,0.9233333333333333,0.884,0.96625,False,True,할아버지가 말로 잔소리예요.,내가 원하지 않는데도 누군가가 내 몸을 만지거나 보여 달라고 한 적 있어요?
0006,46,207135,209754,2619,2.619,SPEAKER_0,SPEAKER_1,True,1.7,3.061,13,25,4,7,0.99925,0.998,0.9671428571428571,True,False,왜 걱정되는 것 같나요?,집에 가면 엄마가 갑자기 때릴까 봐 무서워요.
0006,124,570911,573530,2619,2.619,SPEAKER_1,SPEAKER_0,True,2.661,2.261,24,18,6,5,0.9536666666666667,1.0,0.999,False,True,엄마가 왜 쳐다보냐고 저한테 소리 질렀어요.,그런 상황에서 다친 적이 있나요?
0184,86,409206,411825,2619,2.619,SPEAKER_0,SPEAKER_1,True,3.941,1.7,31,13,9,4,0.9515555555555556,0.884,0.92275,True,False,운동회나 수업 청강 같은 학교 행사에 잘 오시는 편이야?,네. 엄마가 항상 와요.
0184,89,424020,426639,2619,2.619,SPEAKER_1,SPEAKER_0,True,2.02,4.341,17,36,6,9,0.993,0.999,0.9814444444444445,False,True,두 시간 정도 하는 것 같아요.,인터넷이나 휴대폰을 너무 많이 한다고 어른들이 뭐라고 하진 않아?
0216,31,143871,146490,2619,2.619,SPEAKER_1,SPEAKER_0,True,1.621,1.78,12,14,4,3,0.7055,0.552,0.9436666666666667,False,True,네 여동생 한 명이요.,여동생이랑 사이는 어때요?
1136,74,410336,412955,2619,2.619,SPEAKER_1,SPEAKER_0,True,1.621,1.781,12,15,4,5,0.94225,0.804,0.8553999999999999,False,True,가끔 화가 나면 그래요,한달에 몇 번 정도 그랬어?
1136,81,450290,452909,2619,2.619,SPEAKER_0,SPEAKER_1,True,5.425,0.501,45,4,12,1,0.9592499999999999,0.972,0.899,True,False,내가 싫다고 했는데도 누군가가 내 몸을 만지려고 했거나 보여달라고 한 적이 있어?,아니요.
1354,80,340610,343229,2619,2.619,SPEAKER_1,SPEAKER_0,True,0.5,3.941,4,36,1,10,0.465,0.465,0.9556,True,True,아니야?,집에서 어른들끼리 소리 지르면서 싸우는 걸 듣거나 본 적이 있어?
1786,8,37665,40284,2619,2.619,SPEAKER_0,SPEAKER_0,False,3.955,3.061,26,31,7,9,0.9307142857142857,0.996,0.9958888888888889,True,False,친구 집에 가서 놀대요. 어떤 점이 즐거운가요?,친구 집 구경하고 맛있는 것도 먹다 보면 더 친해져서요.
2315,62,306580,309199,2619,2.619,SPEAKER_0,SPEAKER_0,False,3.06,0.501,34,3,9,1,0.9882222222222222,0.972,0.593,True,False,아픈 곳이 있는데 어른들이 병원에 데려가지 않은 적이 있나요?,아니요
2560,77,388390,391009,2619,2.619,SPEAKER_1,SPEAKER_0,True,3.541,4.581,34,46,11,14,0.9018181818181819,0.995,0.956,False,True,넌 왜 이래. 공부 못 하면 살 자격도 없어.라고 말할 때요.,무엇을 하려고 할 때 무조건 안 된다고 하거나 하기 싫은데 하라고 한 적이 있어요?
2560,110,553092,555711,2619,2.619,SPEAKER_0,SPEAKER_1,True,2.661,0.981,23,9,7,3,0.9912857142857143,0.979,0.9923333333333333,True,False,친한 친구 중에 집을 나간 사람이 있어요?,없는 것 같아요.
2674,64,351920,354539,2619,2.619,SPEAKER_1,SPEAKER_0,True,0.501,3.621,4,31,1,9,0.872,0.872,0.9176666666666666,False,True,아니요.,저녁에 나를 집에 혼자 두고 어른들이 나갔던 적 있나요?
3242,46,280371,282990,2619,2.619,SPEAKER_1,SPEAKER_0,True,14.756,2.58,98,21,25,5,0.95784,0.996,0.9968,False,False,걱정되는 것들이 많이 생겼어요. 무서운 선생님이 나를 또 다치게 할까봐 걱정되고 제 얼굴에 흉터가 크게 남을까봐 걱정되고 또 제 소중한 친구도 선생님이 다치게 할까봐 걱정해요.,이번 일을 겪으면서 걱정이 많아졌네요.
3242,89,513716,516335,2619,2.619,SPEAKER_0,SPEAKER_1,True,3.541,4.795,31,41,7,10,0.9905714285714285,0.975,0.9659,True,False,어느 부위를 무엇으로 맞았나요? 자주 그렇게 때리시나요?,스테이플러를 제 얼굴 쪽으로 던져서 제가 맞았어요. 이런 일은 처음이에요.
3696,54,223605,226224,2619,2.619,SPEAKER_1,SPEAKER_0,True,1.7,4.181,15,34,4,10,0.98875,1.0,0.9833,False,True,아무도 없는데 밥은 있어요.,배가 고픈데 먹을 게 없어서 굶은 적이 있나요? 왜 그랬나요?
3706,46,196966,199585,2619,2.619,SPEAKER_0,SPEAKER_1,True,3.301,2.9,29,29,7,7,0.9942857142857143,0.994,0.8025714285714286,True,False,그 걱정거리 때문에 평소 생활이 불편하거나 힘든가요?,네. 매일 취사 선생님한테 혼낼까봐 무섭고 힘들어요.
3821,11,56760,59379,2619,2.619,SPEAKER_0,SPEAKER_1,True,2.82,1.461,28,11,9,3,0.9923333333333333,0.997,0.9573333333333334,True,False,최근 일주일 동안 짜증이 나 화가 난 적이 있나요?,짜증도 화도 났어요.
5036,44,192541,195160,2619,2.619,SPEAKER_1,SPEAKER_0,True,1.621,2.741,13,20,3,7,0.9593333333333334,0.988,0.9224285714285714,False,False,매일 걱정해서 힘들어요.,요즘 행복한 것 같아 불행한 것 같아
5036,92,434800,437419,2619,2.619,SPEAKER_0,SPEAKER_1,True,3.86,1.541,29,10,6,3,0.927,0.747,0.772,True,False,가족들끼리 소리를 지르면서 싸우는걸 듣거나 본적있어?,아니요 본적 없어요
0004,66,316290,318905,2615,2.615,SPEAKER_1,SPEAKER_0,True,3.54,2.66,24,16,6,4,0.9913333333333333,0.999,0.999,False,True,새아빠가 성적표가 나오면 저를 자주 때려요.,어느 부위를 무엇으로 때려요?
0216,23,109135,111750,2615,2.615,SPEAKER_1,SPEAKER_0,True,1.3,3.381,12,28,3,8,0.9873333333333333,0.996,0.988375,False,True,저도 마음이 좋아져요.,평상시에 어머니는 어떤 표정을 자주 짓는 것 같아?
1786,45,220680,223295,2615,2.615,SPEAKER_0,SPEAKER_0,False,1.54,4.34,15,39,4,10,0.9955,0.984,0.993,True,False,어떤 이유로 걱정이 되나요?,엄마가 막 저한테 신경질 부리고 계속 참견하고 그러지 않았으면 해서요.
3891,15,92750,95365,2615,2.615,SPEAKER_1,SPEAKER_0,True,3.14,1.62,26,18,7,6,0.9458571428571428,0.997,0.9485,False,True,그냥 TV 보거나 장난감 가지고 놀거나 그래요.,몇 시에 자고 몇 시에 일어나요?
3891,110,651065,653680,2615,2.615,SPEAKER_0,SPEAKER_1,True,4.1,0.501,44,4,12,1,0.9309166666666666,0.91,0.909,True,False,부모님이 허락 없이 또는 말도 없이 오랫동안 집에서 나와 있었던 적이 있었어요?,아니요.
1354,34,143606,146220,2614,2.614,SPEAKER_1,SPEAKER_0,True,1.541,1.86,12,15,3,5,0.6736666666666666,0.745,0.997,False,True,좋아요. 싫어 커서야.,요즘 제일 큰 걱정은 뭐야?
2315,27,130225,132830,2605,2.605,SPEAKER_0,SPEAKER_0,False,2.1,1.54,19,15,5,4,0.9984,0.999,0.971,True,False,왜 그런 표정을 짓는다고 생각해요?,저를 보면 기분이 좋아서요.
0005,59,286965,289569,2604,2.604,SPEAKER_1,SPEAKER_0,True,1.46,2.821,12,25,4,6,0.99575,0.996,0.9663333333333334,False,True,딱히 없는 것 같아요.,집에서 주로 나를 돌봐주는 어른은 누구인가요?
5036,17,76396,79000,2604,2.604,SPEAKER_0,SPEAKER_1,True,4.021,0.9,31,6,9,2,0.9796666666666667,0.992,0.999,True,False,평소에 짜증이나 화가 났을 때 어떻게 하면 마음이 풀려?,푸는 방법을
0006,70,310360,312955,2595,2.595,SPEAKER_1,SPEAKER_0,True,0.5,3.3,4,28,1,8,0.901,0.901,0.999625,False,True,아니요.,아플 때 어른들이 병원에 데려가지 않은 적 있나요?
0006,153,707990,710585,2595,2.595,SPEAKER_1,SPEAKER_0,True,1.541,2.34,12,20,4,6,0.976,1.0,0.9885,False,True,항상 그런 거 같아요.,꿈을 꾸고 나면 몸 상태는 어떤가요?
1786,100,533985,536580,2595,2.595,SPEAKER_0,SPEAKER_0,False,4.26,1.06,43,9,12,3,0.9910833333333333,0.998,0.9283333333333333,True,False,부모님의 허락 없이 또는 말도 없이 오랫동안 집에서 나와 있었던 적이 있나요?,한 번도 없어요.
2674,106,600710,603305,2595,2.595,SPEAKER_1,SPEAKER_0,True,0.5,4.5,4,38,1,10,0.901,0.901,0.9722,False,True,아니요.,어른들의 허락이나 말도 없이 집에서 오랫동안 나와 있었던 적 있나요?
0005,74,369885,372479,2594,2.594,SPEAKER_0,SPEAKER_1,True,4.66,4.261,37,39,10,10,0.8948,0.991,0.9248,False,False,어른들이 학부모 상담이나 참관 수업 같은 참여해야 하는 학교 행사에,"오시나요? 네, 컨디션이 엄청 안 좋은 것만 아니면 할아버지가 오셔요."
0006,113,524300,526894,2594,2.594,SPEAKER_0,SPEAKER_1,True,4.501,1.061,36,7,10,2,0.9949,0.999,0.974,True,False,집에서 어른들이 소리 지르면서 싸우는 걸 듣거나 본 적이 있나요?,"네, 있어요."
0379,23,132541,135135,2594,2.594,SPEAKER_1,SPEAKER_0,True,3.461,3.94,26,26,8,8,0.941125,0.945,0.98175,False,True,"""일이 힘들고 잘 안 풀려서 그런 거 같아요.""",아빠가 그런 표정을 지으실 때 내 기분은 어때?
5069,106,573955,576541,2586,2.586,SPEAKER_0,SPEAKER_1,True,3.86,0.981,37,9,10,3,0.9711,0.954,0.9643333333333334,True,False,어른들 허락이나 말도 없이 집에 오랫동안 나와 있었던 적이 있었어?,그런 적 없어요.
1786,14,74665,77250,2585,2.585,SPEAKER_0,SPEAKER_0,False,10.821,2.5,74,25,22,6,0.9863636363636363,0.979,0.9138333333333334,True,False,친구의 기분을 상하게 하는 일이 자주 있나요? 가끔이요 한 달에 한 번 정도 있어요 그렇게 짜증이나 화가 날 때 어떻게 하면 풀려요?,친구들이랑 같이 마라탕 사 먹으면서 떠들어요.
3696,95,429440,432025,2585,2.585,SPEAKER_1,SPEAKER_0,True,3.86,4.18,34,44,9,12,0.957,0.954,0.9775,False,True,엄마가 저한테 내가 빨래에서 알아서 옷 챙겨 입으라고 했대요.,나쁜 기억 때문에 괴로워서 스스로 해치거나 죽고 싶다는 생각을 한 적이 있나요?
5113,66,356120,358695,2575,2.575,SPEAKER_0,SPEAKER_0,False,3.54,3.3,30,33,9,9,0.8706666666666667,0.9,0.984,False,True,네 엄마가 밥을 안 해놓고 설거지도 쌓여 있고 그래요.,아픈 곳이 있는데 어른들이 병원에 데려가지 않은 적이 있어?
2674,94,535846,538420,2574,2.574,SPEAKER_1,SPEAKER_0,True,0.501,4.42,4,36,1,9,0.701,0.701,0.9782222222222222,False,True,아니요.,평상시에 어른들이 술을 마시고 집에서 무섭게 행동할 때가 많나요?
5113,94,521980,524545,2565,2.565,SPEAKER_0,SPEAKER_0,False,3.62,0.501,32,4,8,1,0.94625,0.989,0.968,True,False,혹시 친구의 신체부위를 사진이나 영상으로 찍은 적이 있어?,아니요.
5069,31,159785,162349,2564,2.564,SPEAKER_0,SPEAKER_0,False,2.581,0.501,21,5,7,1,0.9751428571428571,0.999,0.71,True,False,그 표정을 지을 때 친구 기분은 어때?,짜증나요.
0004,10,40650,43205,2555,2.555,SPEAKER_0,SPEAKER_1,True,1.22,1.94,10,14,2,5,0.9630000000000001,0.927,0.9268,True,False,언제부터 그랬어요?,모르겠어요. 몇 년 된 거
0005,82,418775,421330,2555,2.555,SPEAKER_1,SPEAKER_0,True,4.42,3.78,36,34,8,10,0.9785,0.98,0.981,False,True,아니요. 할아버지한테 말하면 걱정하실 것 같아서 혼자만 생각해요.,주위 어른이나 가족들 중 나를 때린 적이 있는 사람이 있나요?
0006,27,121450,124005,2555,2.555,SPEAKER_1,SPEAKER_1,False,1.38,2.66,10,19,4,5,0.9984999999999999,0.996,0.9714,False,True,네 번 정도 깨요.,평소에 엄마 아빠의 표정은 어때요?
2315,5,21955,24510,2555,2.555,SPEAKER_0,SPEAKER_0,False,1.38,1.541,13,16,3,4,0.9503333333333334,0.867,0.9795,False,True,손가락을 살짝 데었어요.,언제 어떻게 하다가 다쳤어요?
2560,37,187250,189805,2555,2.555,SPEAKER_1,SPEAKER_0,True,2.1,1.3,17,10,3,3,0.9963333333333333,0.989,0.981,False,True,친구들이랑 연락하거나 게임해요.,몇 명이서 놀아요?
2637,3,13140,15695,2555,2.555,SPEAKER_1,SPEAKER_0,True,1.06,2.1,8,15,2,5,0.989,0.98,0.9718,False,True,그것도 없어요.,친구는 뭘 할 때가 즐거워?
3242,33,199410,201965,2555,2.555,SPEAKER_0,SPEAKER_1,True,3.62,3.62,29,27,8,5,0.97775,0.839,0.9524,True,False,시설 선생님의 그런 표정을 보면 어떤 기분이 들어요?,저를 걱정해주시니까 좋아요. 안심되는 기분이에요.
3242,76,448810,451365,2555,2.555,SPEAKER_1,SPEAKER_0,True,4.02,7.22,32,60,7,17,0.9568571428571429,0.998,0.9705294117647059,False,True,그냥 조용히 하라고 그러면서 저한테 스테이플러를 던졌어요.,내가 무엇을 하려고 하면 무조건 안 된다고 하지 말라고 하거나 하기 싫은데도 무조건 하라고 할 때가 있나요?
0004,3,13380,15934,2554,2.554,SPEAKER_1,SPEAKER_0,True,0.5,2.621,6,10,1,3,0.984,0.984,0.9753333333333334,False,True,아빠한테요.,다친 적이 있어요?
2560,83,418230,420784,2554,2.554,SPEAKER_1,SPEAKER_0,True,1.06,3.141,7,28,3,8,0.906,0.764,0.99775,False,True,잘 안 해요.,주위 어른이나 가족들 중 나를 때린 사람이 있어요?
2674,26,142761,145315,2554,2.554,SPEAKER_0,SPEAKER_1,True,3.221,1.78,24,15,6,4,0.9488333333333333,0.978,0.98075,True,False,평소에 할아버지는 어떤 표정을 자주 짓나요?,무서운 표정을 자주 지어요.
5058,66,255095,257649,2554,2.554,SPEAKER_1,SPEAKER_0,True,1.861,2.981,16,30,4,8,0.9895,0.982,0.99575,False,True,나머지는 다음에 보자고 해요.,부모님이나 선생님 때문에 기분이 안 좋아진 적이 있어?
5069,57,291026,293580,2554,2.554,SPEAKER_1,SPEAKER_0,True,7.781,2.58,48,25,13,8,0.9623846153846154,0.981,0.96025,False,True,주로 나를 돌봐주는 어른 누구셔? 엄마가 항상 집에 있는데 돌봐주지는 않는 것 같아요.,배가 고픈데 먹을 게 없어서 굶은 적이 있어?
0216,15,68610,71155,2545,2.545,SPEAKER_0,SPEAKER_0,False,0.5,4.421,5,34,1,10,0.954,0.954,0.9203,False,True,피곤해요.,평소에 잠들기 힘들다거나 잠 자는 중간에 자주 깬 적이 있을까
0379,18,101550,104095,2545,2.545,SPEAKER_0,SPEAKER_1,True,3.941,5.38,25,36,7,11,0.9218571428571428,0.987,0.9396363636363636,True,False,평소 잠들기 힘들거나 잠자는 중간에 자주 깨?,"그렇지는 않고, 꿈을 너무 많이 꿔서 잔 것 같지 않고 피곤해요."
0004,51,225410,227950,2540,2.54,SPEAKER_0,SPEAKER_1,True,2.18,3.38,18,30,4,7,0.999,0.998,0.938,True,False,불행하다고 느끼는 이유가 뭘까요?,새아빠가 사라졌으면 좋겠는데 그러지 않을 것 같아서요.
0004,81,404635,407175,2540,2.54,SPEAKER_0,SPEAKER_1,True,3.46,5.3,26,47,7,15,0.9991428571428571,0.997,0.9438666666666666,True,False,아까 자다가 자주 깬다고 했는데 이유가 뭐예요?,잘 모르겠어요. 새벽에 여러 번 계속 다시 잘 때도 있고 그대로 밤 샐 때도 있어요.
0005,24,112300,114840,2540,2.54,SPEAKER_1,SPEAKER_2,True,0.98,3.22,8,24,2,6,0.984,0.979,0.9801666666666666,False,True,그렇진 않아요.,평소에 할아버지는 어떤 표정을 자주 짓나요?
0006,47,212815,215355,2540,2.54,SPEAKER_1,SPEAKER_0,True,3.061,3.3,25,24,7,6,0.9671428571428571,1.0,0.9943333333333333,False,True,집에 가면 엄마가 갑자기 때릴까 봐 무서워요.,그 걱정 때문에 평소에 불편하거나 힘든가요?
0006,54,239345,241885,2540,2.54,SPEAKER_1,SPEAKER_0,True,0.5,2.9,4,26,1,10,0.986,0.986,0.9505,False,True,아니요.,일 에서 오 까지 중 몇 점 정도인 거 같나요?
0006,66,291265,293805,2540,2.54,SPEAKER_1,SPEAKER_0,True,0.501,3.38,4,28,1,8,0.997,0.997,0.994625,False,True,엄마요.,저녁에 집에 혼자 두고 어른들이 나간 적이 있나요?
0006,69,307320,309860,2540,2.54,SPEAKER_0,SPEAKER_1,True,5.38,0.5,44,4,13,1,0.9986153846153846,0.999,0.901,True,False,가족 중 돌봐주는 사람이 갑자기 말도 없이 집을 나가서 안 들어온 적이 있나요?,아니요.
0006,130,596130,598670,2540,2.54,SPEAKER_1,SPEAKER_0,True,1.7,1.86,13,17,4,6,0.87525,0.53,0.9988333333333334,False,True,할머니가 온 적 있어요.,한 달에 몇 번 정도 그랬나요?
0184,33,138020,140560,2540,2.54,SPEAKER_1,SPEAKER_0,True,0.82,2.82,7,21,2,6,0.998,0.998,0.9956666666666667,False,True,기분 좋아요.,아빠는 친구한테 관심이 있는 것 같아?
0184,91,436525,439065,2540,2.54,SPEAKER_0,SPEAKER_0,False,2.82,2.5,23,20,6,6,0.9711666666666667,0.936,0.9783333333333333,False,True,엄마가 조금만 하고 그만하라고 하긴 해요.,피시방 같은 곳을 자주 가는 편이야?
0184,92,441565,444105,2540,2.54,SPEAKER_0,SPEAKER_1,True,2.5,1.46,20,10,6,3,0.9783333333333333,0.976,0.9803333333333333,True,False,피시방 같은 곳을 자주 가는 편이야?,피시방은 안 가요.
0184,95,456230,458770,2540,2.54,SPEAKER_1,SPEAKER_0,True,2.86,2.66,13,19,4,6,0.999,0.999,0.9875,False,True,딱히 없었던 것 같아요.,주위 어른들 중 때린 사람이 있어?
0184,100,480370,482910,2540,2.54,SPEAKER_0,SPEAKER_1,True,4.26,0.5,34,4,10,1,0.9773,0.998,0.989,True,False,집에서 어른들이 소리 지르면서 싸우는 걸 듣거나 본 적 있어?,아니요.
0184,110,540150,542690,2540,2.54,SPEAKER_1,SPEAKER_0,True,1.78,3.54,14,28,4,8,0.92725,0.997,0.9944999999999999,False,True,평소랑 똑같은 거 같아요.,생각하기 싫은데도 자꾸 그 기억이 떠오른 적 있어?
0216,1,7940,10480,2540,2.54,SPEAKER_1,SPEAKER_0,True,1.3,1.86,12,14,3,4,0.7823333333333333,0.932,0.94275,False,True,아픈데 없이 건강해요.,최근에 다친 데는 없을까?
0216,3,15475,18015,2540,2.54,SPEAKER_1,SPEAKER_0,True,1.86,2.26,9,19,3,6,0.9453333333333334,0.992,0.9366666666666666,False,True,다친 데 없어요.,우리 친구는 뭘 할 때가 즐거울까?
0216,13,61330,63870,2540,2.54,SPEAKER_1,SPEAKER_0,True,2.021,2.18,19,18,6,5,0.9545,0.814,0.8718,False,False,열 시에 자고 일곱 시에 일어나요.,아침에 일어났을 때 몸상태는 어때
0216,69,355880,358420,2540,2.54,SPEAKER_1,SPEAKER_0,True,6.265,3.3,40,29,10,9,0.9043,0.793,0.9223333333333333,False,False,체육관 선생님이 바지랑 팬티 벗겨서 학교 가는게 너무 창피하고 힘들어요.,그렇게 힘들 때 죽고 싶다는 생각을 한 적이 있나요.
0216,77,395470,398010,2540,2.54,SPEAKER_0,SPEAKER_1,True,4.66,1.06,39,8,11,2,0.9724545454545455,0.988,0.9095,True,False,부모님의 허락 없이 또는 말도 없이 오랫동안 나와 있었던 적이 있을까?,아니요 없어요.
0379,24,139075,141615,2540,2.54,SPEAKER_0,SPEAKER_1,True,3.94,5.62,26,35,8,9,0.98175,0.991,0.9482222222222222,True,False,아빠가 그런 표정을 지으실 때 내 기분은 어때?,'힘든가 보다. 나는 커서 안 힘들고 싶다.' 이렇게 생각해요.
0379,64,369535,372075,2540,2.54,SPEAKER_0,SPEAKER_0,False,3.06,0.5,24,4,8,1,0.944875,0.882,0.799,True,False,배가 고픈데 먹을 게 없어서 굶은 적 있어?,아니요.
0379,88,516605,519145,2540,2.54,SPEAKER_1,SPEAKER_0,True,4.9,3.14,31,25,10,8,0.8965,0.969,0.9855,False,True,"네, 그때 제 손 잡아 끌리면서 자기 것 만지게 했어요.",누가 너의 소중한 부위를 아프게 한 적 있어?
0379,98,575545,578085,2540,2.54,SPEAKER_1,SPEAKER_0,True,4.98,4.34,34,35,9,10,0.9782222222222222,0.93,0.9757,False,True,그때 이후로 카톡으로 연락하지 말라고 했는데 계속 연락 와요.,온라인이나 휴대폰에서 알게 된 사람을 실제로 만나 본 적 있어?
0379,105,613340,615880,2540,2.54,SPEAKER_0,SPEAKER_0,False,2.18,2.18,19,15,5,5,0.9976,0.999,0.9334,True,False,어떨 때 마음이 복잡하거나 힘들어?,그때 일 기억날 때 그래요.
0379,106,618060,620600,2540,2.54,SPEAKER_0,SPEAKER_0,False,2.18,4.34,15,34,5,11,0.9334,0.993,0.978909090909091,False,True,그때 일 기억날 때 그래요.,안 좋은 기억 때문에 괴로워서 죽고 싶다는 생각 한 적 있어?
1112,45,295525,298065,2540,2.54,SPEAKER_1,SPEAKER_0,True,0.74,2.82,7,23,2,5,0.9119999999999999,0.824,0.8562,False,True,다섯 명이요.,담임 선생님을 좋아해요? 아니면 싫어해요?
1112,116,804030,806570,2540,2.54,SPEAKER_1,SPEAKER_0,True,1.62,3.94,12,31,3,9,0.9903333333333333,0.996,0.9653333333333334,False,True,몸이 떨려요. 생각하고,싶지 않은데도 자꾸 안 좋은 기억이 떠오른 적이 있나요?
1136,36,195705,198245,2540,2.54,SPEAKER_0,SPEAKER_1,True,2.34,1.46,17,10,5,3,0.9686,0.988,0.957,True,False,담임 선생님의 어떤 점이 좋아?,그냥 착해서 좋아요
1786,63,316910,319450,2540,2.54,SPEAKER_0,SPEAKER_0,False,0.5,2.981,4,34,1,10,0.65,0.65,0.9676,False,True,없어요.,빨래가 되어 있지 않아서 더러운 옷을 입어야 한 적이 있나요?
2315,25,121985,124525,2540,2.54,SPEAKER_0,SPEAKER_0,False,2.34,0.9,21,9,6,2,0.9728333333333333,0.838,0.986,True,False,평소 아빠는 어떤 표정을 자주 짓나요?,웃는 표정이에요.
2315,31,150815,153355,2540,2.54,SPEAKER_0,SPEAKER_0,False,2.341,1.3,23,11,7,3,0.9268571428571428,0.966,0.9916666666666667,True,False,평소 엄마는 어떤 표정을 찾을 수 있나요?,엄마도 웃고 계세요.
2560,6,35190,37730,2540,2.54,SPEAKER_0,SPEAKER_1,True,1.78,1.22,14,10,4,3,0.97175,0.981,0.986,True,False,최근에 다친 곳은 있어요?,다친 적은 없어요.
2560,33,170675,173215,2540,2.54,SPEAKER_1,SPEAKER_0,True,1.14,1.3,9,9,3,2,0.985,0.992,0.8454999999999999,False,True,별로 안 좋아요.,형제자매 있어요?
2560,84,423925,426465,2540,2.54,SPEAKER_0,SPEAKER_1,True,3.141,1.14,28,8,8,2,0.99775,0.998,0.8654999999999999,True,False,주위 어른이나 가족들 중 나를 때린 사람이 있어요?,아니요 없어요.
2674,1,7860,10400,2540,2.54,SPEAKER_1,SPEAKER_0,True,1.38,1.46,10,11,3,3,0.8603333333333333,0.942,0.9836666666666667,False,True,머리가 좀 아파요.,얼마나 자주 아파요?
2674,9,40405,42945,2540,2.54,SPEAKER_1,SPEAKER_0,True,0.5,2.1,4,18,1,6,0.922,0.922,0.9901666666666666,False,True,아니요.,우리 친구는 뭘 할 때 즐거워요?
2674,16,81880,84420,2540,2.54,SPEAKER_0,SPEAKER_1,True,1.54,4.02,14,29,4,7,0.98825,0.956,0.9722857142857143,True,False,그런 일이 자주 일어나요?,"네, 할아버지가 엄청 보수적이고 통제하는 게 심해요."
2674,28,152935,155475,2540,2.54,SPEAKER_0,SPEAKER_1,True,3.54,5.545,28,44,8,11,0.979375,0.932,0.9939090909090909,True,False,왜 할아버지가 무서운 표정을 자주 짓는 것 같아요?,원래 엄청 엄하시고 보수적인 사람이라서 그래요. 그래서 제가 별로 안 좋아하기도
2674,31,167820,170360,2540,2.54,SPEAKER_0,SPEAKER_1,True,3.7,3.78,29,28,7,8,0.9837142857142858,0.992,0.904125,True,False,할아버지가 무서운 표정을 지으면 친구 기분은 어때요?,기분 안 좋아요. 무섭기도 하고 짜증 나기도 해요.
2674,75,417315,419855,2540,2.54,SPEAKER_0,SPEAKER_1,True,3.78,9.455,31,83,8,24,0.95125,0.997,0.9211666666666667,True,False,부모님이나 선생님 때문에 기분이 안 좋아진 적이 있나요?,"네, 할아버지가 늦게 들어왔다고 뭐라 해서 기분이 안 좋았어요. 다른 친구들은 통금이 열한 시인데, 저만 일곱 시인 게 만 일곱 시인 게 짜증 나요."
2677,38,195600,198140,2540,2.54,SPEAKER_1,SPEAKER_0,True,0.5,2.02,5,13,1,4,0.538,0.538,0.9535,False,True,좋아해요.,담임 선생님이 왜 좋아?
2677,78,412340,414880,2540,2.54,SPEAKER_0,SPEAKER_1,True,3.7,0.5,28,4,8,1,0.98,0.948,0.733,True,False,주위 어른이나 가족들 중 나를 때렸던 사람이 있어?,아니요.
3242,42,247130,249670,2540,2.54,SPEAKER_1,SPEAKER_0,True,2.581,1.7,22,14,6,4,0.9908333333333333,0.998,0.95375,False,True,너무 싫어요. 이 세상에서 가장 싫어요.,담임 선생님이 왜 싫어요?
3242,48,292515,295055,2540,2.54,SPEAKER_1,SPEAKER_1,False,3.94,0.82,31,6,8,2,0.8765000000000001,0.998,0.987,False,False,네 그럼 무서운 사람이 담임 선생님이라서 정말 힘들어요.,그 걱정거리
3242,64,372105,374645,2540,2.54,SPEAKER_0,SPEAKER_1,True,4.1,0.501,37,4,10,1,0.9882,1.0,0.974,True,False,어디 아픈 곳이 있는데 어른들이 병원에 데려가지 않은 적이 있나요?,아니요.
3696,47,196005,198545,2540,2.54,SPEAKER_0,SPEAKER_1,True,0.82,1.62,6,19,2,4,0.9355,0.876,0.99525,False,False,장래 희망이,무엇인가요? 안무가가 되고 싶어요.
3696,67,305935,308475,2540,2.54,SPEAKER_0,SPEAKER_1,True,4.82,1.141,46,10,12,3,0.96825,0.998,0.9993333333333333,True,False,어른들이 나에게 무조건 안 된다고 하거나 하기 싫은데도 하라고 강요할 때가 있나요?,그런 적은 없어요.
3706,10,43135,45675,2540,2.54,SPEAKER_0,SPEAKER_0,False,0.98,3.86,14,36,3,10,0.9683333333333334,0.935,0.9376,True,False,즐겁지 못하다고 느꼈어요?,취사 선생님이 저녁 식사 때마다 혼낸 후부터요. 한 달 넘었어요.
3731,15,74745,77285,2540,2.54,SPEAKER_1,SPEAKER_0,True,8.42,2.26,69,19,18,5,0.9926111111111111,0.99,0.9996,False,True,센터 선생님이 제가 자기 전까지 엄청 몸을 뻣뻣하게 하면서 긴장한다고 했어요. 그리고 꿈을 꾸는 날이면 꼭 새벽에 일어나요.,평상시에 아빠는 어떤 표정을 지어?
3731,100,488885,491425,2540,2.54,SPEAKER_0,SPEAKER_0,False,10.966,1.86,78,15,22,6,0.9450454545454545,1.0,0.9836666666666667,False,True,손을 얼마나 뜯어? 그냥 한번 뜯기 시작하면 피가 날 때까지 뜯어요. 선생님들이 못 하게 하는데 피가 많이 나서 아파야 그만하는 거 같아요.,요즘 잘 때 무슨 꿈을 꿔?
3891,73,439685,442225,2540,2.54,SPEAKER_0,SPEAKER_1,True,3.38,0.5,32,4,8,1,0.93475,0.98,0.606,True,False,부모님이나 선생님 때문에 기분이 안 좋아진 것이 있었어요?,아니요.
3891,93,556120,558660,2540,2.54,SPEAKER_0,SPEAKER_1,True,4.66,1.78,45,15,12,4,0.994,0.961,0.905,True,False,삼촌이 술을 마시고 나면 본인에게 안 좋은 소리를 하거나 무섭게 대하기도 하나요?,아니요 그냥 한숨만 쉬세요.
5036,41,178725,181265,2540,2.54,SPEAKER_0,SPEAKER_1,True,0.82,2.1,7,16,2,4,0.9590000000000001,0.92,0.9805,True,False,왜 걱정이야?,엄마가 화나서 집에 올까봐요.
5036,53,231965,234505,2540,2.54,SPEAKER_0,SPEAKER_1,True,3.54,0.5,24,3,6,1,0.9598333333333333,0.89,0.952,True,False,집에서 주로 친구를 돌봐주는 어른은 누구야?,엄마요
5036,73,320560,323100,2540,2.54,SPEAKER_0,SPEAKER_1,True,3.54,8.5,28,57,8,15,0.98975,0.979,0.9313333333333333,True,False,엄마의 어떤 말이나 행동 때문에 기분이 안 좋았어?,엄마가 맨날 같이 죽어버리자고 그러고 너만 없었으면 이렇게는 안 살았을 거라고 그러고 욕도 많이 해요.
5058,28,111510,114050,2540,2.54,SPEAKER_1,SPEAKER_0,True,0.5,2.34,5,19,1,5,0.978,0.978,0.9994,False,True,미안해요.,평상시에 엄마는 어떤 표정을 지어?
5058,93,363840,366380,2540,2.54,SPEAKER_1,SPEAKER_0,True,0.5,3.86,4,37,1,10,0.979,0.979,0.985,False,True,아니요.,집에서 어른들이 소리를 지르면서 싸우는 걸 보거나 들은 적이 있어?
5069,21,109030,111570,2540,2.54,SPEAKER_0,SPEAKER_0,False,2.26,0.5,24,6,6,1,0.948,0.703,0.99,True,False,평소에 아버지는 어떤 표정을 자주 지으셨어?,무표정이요.
5113,43,240300,242840,2540,2.54,SPEAKER_0,SPEAKER_0,False,1.38,1.22,12,9,4,3,0.9435,0.969,0.9813333333333333,True,False,주로 몇 명에서 놀아?,다 같이 놀아요.
0002,69,337986,340525,2539,2.539,SPEAKER_1,SPEAKER_0,True,3.381,2.42,27,21,8,6,0.948875,0.99,0.9988333333333334,False,True,모르겠어요. 꿈은 꾸는 거 같은데 기억 안 나요.,꿈을 꾸고 일어나면 몸 상태는 어때요?
0006,1,5300,7839,2539,2.539,SPEAKER_1,SPEAKER_0,True,0.981,0.981,8,9,2,2,0.9430000000000001,0.963,0.999,False,True,네. 다쳤어요.,어디를 다쳤나요?
0006,120,552476,555015,2539,2.539,SPEAKER_1,SPEAKER_0,True,0.501,3.38,4,27,1,7,0.975,0.975,0.9988571428571429,False,True,아니요.,어른들이 술을 마시고 무섭게 행동할 때가 있나요?
0184,66,313581,316120,2539,2.539,SPEAKER_0,SPEAKER_1,True,3.701,1.54,27,13,7,3,0.9892857142857143,0.999,0.9346666666666666,True,False,그 걱정 때문에 평소에 힘들거나 불편하다고 느껴?,"아니요, 그건 아니에요."
0379,6,33040,35579,2539,2.539,SPEAKER_0,SPEAKER_1,True,1.62,1.381,13,11,4,3,0.97975,0.977,0.99,True,False,어떤 점이 즐거운 거야?,그냥 만나면 좋아요.
0379,82,474910,477449,2539,2.539,SPEAKER_1,SPEAKER_0,True,3.54,1.061,28,8,7,2,0.977,0.973,0.982,False,True,남자친구는 중학교에 다녀요. 저보다 두 살 많아요.,어떻게 했는데?
0379,86,502600,505139,2539,2.539,SPEAKER_1,SPEAKER_0,True,1.621,3.941,15,27,3,8,0.9323333333333333,0.993,0.99275,False,True,"아니요, 이때가 처음이에요.",누가 나에게 부끄럽고 창피한 것을 시킨 적 있어?
0379,119,706175,708714,2539,2.539,SPEAKER_0,SPEAKER_1,True,4.901,0.501,37,4,10,1,0.9746,0.968,0.685,True,False,부모님의 허락이나 말도 없이 집에서 오랫동안 나와 있었던 적 있어?,아니요.
1112,32,199401,201940,2539,2.539,SPEAKER_1,SPEAKER_0,True,0.821,2.5,8,22,2,6,0.9445,0.993,0.9471666666666667,False,True,웃는 표정이요.,엄마가 그런 표정을 짓는 이유가 뭔가요?
1136,40,220105,222644,2539,2.539,SPEAKER_0,SPEAKER_1,True,3.7,4.021,31,31,7,7,0.9907142857142857,0.993,0.9259999999999999,True,False,부모님이 싸우셔서 생활이 불편하거나 힘든 부분이 있을까?,엄마랑 아빠가 싸우면 긴장되고 답답해서 마음이 힘들어요.
1136,87,486470,489009,2539,2.539,SPEAKER_1,SPEAKER_0,True,2.901,3.141,24,26,6,8,0.9355,0.971,0.988875,False,True,엄마랑 아빠가 성우한테 욕하고 소리 질러요.,부모님이 싸울 때 술을 마신 상태였던 것 같아?
1136,89,496845,499384,2539,2.539,SPEAKER_1,SPEAKER_0,True,1.94,3.941,17,34,5,9,0.962,0.993,0.9843333333333333,False,True,엄마랑 아빠는 술을 안 마셔요.,그럼 부모님이 싸우다가 너한테 소리 지르거나 때린 적이 있니?
1354,32,135526,138065,2539,2.539,SPEAKER_1,SPEAKER_0,True,0.501,2.66,3,23,1,6,0.271,0.271,0.8215,False,True,중요한,게 담임선생님은 어때? 좋아 아니면 싫어?
1786,3,14276,16815,2539,2.539,SPEAKER_0,SPEAKER_0,False,1.381,1.781,13,15,3,4,0.9966666666666667,1.0,0.89375,True,False,어디를 얼마나 다쳤나요?,손을 다쳤는데 멍이 들었어요
2315,32,154655,157194,2539,2.539,SPEAKER_0,SPEAKER_0,False,1.3,2.021,11,19,3,5,0.9916666666666667,0.975,0.9964,False,True,엄마도 웃고 계세요.,왜 그런 표정을 짓는다고 생각해요?
2315,69,339801,342340,2539,2.539,SPEAKER_0,SPEAKER_0,False,1.061,2.58,9,29,3,8,0.9596666666666667,0.885,0.959375,False,True,두 시간 정도요.,어른들이 학부모 상담 같은 학교 행사에 잘 오시나요?
2560,41,202480,205019,2539,2.539,SPEAKER_1,SPEAKER_0,True,0.5,1.301,4,10,1,3,0.969,0.969,0.9726666666666667,False,True,싫어요.,어떤 점이 그래요?
2674,65,358160,360699,2539,2.539,SPEAKER_0,SPEAKER_1,True,3.621,0.981,31,9,9,2,0.9176666666666666,0.955,0.7195,True,False,저녁에 나를 집에 혼자 두고 어른들이 나갔던 적 있나요?,아니요. 없어요.
2674,109,615828,618367,2539,2.539,SPEAKER_0,SPEAKER_1,True,2.661,0.981,22,7,6,2,0.9864999999999999,0.964,0.475,True,False,친한 친구 중에 가출한 친구가 있을까요?,아뇨 없어요.
2677,14,76186,78725,2539,2.539,SPEAKER_1,SPEAKER_0,True,3.141,2.66,29,19,9,6,0.991,0.971,0.961,False,False,대부분 열 시에 자고 여덟 시에 일어나는 것 같아요.,아침에 일어났을 때 몸 상태는 어때
2677,62,313255,315794,2539,2.539,SPEAKER_1,SPEAKER_0,True,1.461,7.066,13,45,4,12,0.779,0.979,0.9964166666666666,False,False,아니요 그런 적 없어요.,인터넷이나 휴대폰을 가지고 노는 시간은 하루에 몇 시간 정도야? 두 시간 정도요.
2677,81,423035,425574,2539,2.539,SPEAKER_1,SPEAKER_0,True,1.621,4.981,14,40,4,11,0.98275,0.988,0.9803636363636363,False,True,별로 혼나는 일이 없어요.,내가 원하지 않는데도 누군가가 내 몸을 만지거나 보여달라고 한 적 있어?
3242,8,45985,48524,2539,2.539,SPEAKER_1,SPEAKER_1,False,2.82,9.196,23,65,5,17,0.9872,0.995,0.9337058823529412,True,False,얼마나 다쳤어요? 적절한 치료를 받았나요?,다른 선생님이 병원에 데려가주셔서 치료 받았어요. 얼굴 안쪽 뼈가 부러져서 삼 주 동안은 병원에 계속 다녀야 한대요.
3242,71,414720,417259,2539,2.539,SPEAKER_0,SPEAKER_1,True,5.54,4.661,40,33,10,8,0.9528,0.996,0.94425,True,False,시설 선생님이 운동회나 삼관수업 학부모상담 등 학교 행사에 잘 오시나요?,대부분은 바빠서 못 오시고 중요한 일은 전화로 상담하신대요.
3821,29,162810,165349,2539,2.539,SPEAKER_1,SPEAKER_0,True,0.5,3.461,1,30,1,8,1.0,1.0,0.98425,False,True,잘,몰라요. 아빠의 그런 표정을 보면 어떤 기분이 들어요?
3821,104,654540,657079,2539,2.539,SPEAKER_1,SPEAKER_0,True,0.901,4.101,6,36,3,10,0.9583333333333334,0.894,0.9855,False,True,꿈 안 꿔요,생각하고 싶지 않은데도 자꾸 안 좋은 기억이 떠오른 적이 있나요?
3891,61,364755,367294,2539,2.539,SPEAKER_0,SPEAKER_1,True,3.62,4.021,38,37,10,10,0.96,0.996,0.9387,True,False,"어디 아픈 곳이 있는데, 어른들이 병원을 데려가지 않은 적이 있나요?","네, 열나고 그래서 병원 가고 싶다고 말해도 약만 먹으라고 했어요."
5069,17,88510,91049,2539,2.539,SPEAKER_0,SPEAKER_0,False,2.34,0.821,20,7,6,2,0.9511666666666666,0.993,0.8995,True,False,아침에 일어났을 때 몸 상태는 어때?,그냥 그래요.
5069,25,127035,129574,2539,2.539,SPEAKER_0,SPEAKER_0,False,2.581,0.981,21,7,7,2,0.984,0.999,0.9795,True,False,그 표정을 지을 때 친구 기분은 어때?,기분 나쁘죠.
2637,94,437075,439610,2535,2.535,SPEAKER_1,SPEAKER_0,True,0.501,3.221,3,23,1,6,0.649,0.649,0.9961666666666666,False,True,없어요,친구는 어떨 때 마음이 복잡하거나 힘들어?
3821,5,26565,29100,2535,2.535,SPEAKER_1,SPEAKER_0,True,1.14,2.38,9,8,3,3,0.9996666666666667,0.999,0.9903333333333333,False,False,다친 적 없어요.,무엇을 할 때가
5036,85,389040,391575,2535,2.535,SPEAKER_0,SPEAKER_1,True,1.781,4.18,15,20,5,6,0.9448,0.841,0.8768333333333334,True,False,주로 혼날 땐 어떻게 웃나?,엄마는 나쁜 말 하거나 욕해요 친구가
5058,74,280885,283420,2535,2.535,SPEAKER_1,SPEAKER_0,True,1.54,1.7,13,14,3,4,0.998,0.994,0.99625,False,True,엄마랑 아빠한테 말해요.,어른들한테 맞은 적 있어?
2677,69,361461,363995,2534,2.534,SPEAKER_1,SPEAKER_0,True,6.261,1.94,47,15,13,4,0.9445384615384615,0.964,0.978,False,True,네. 아빠가 칼로 자기 목이랑 배 부분을 그었어요. 피도 나고 해서 너무 무서웠어요.,아빠가 얼마나 자주 그러셔?
2560,59,290260,292785,2525,2.525,SPEAKER_0,SPEAKER_1,True,2.58,0.5,22,4,6,1,0.9518333333333333,0.986,0.999,True,False,배고픈데 먹을게 없어서 굶은 적 있어요?,없어요.
2560,78,395590,398115,2525,2.525,SPEAKER_0,SPEAKER_1,True,4.581,0.98,46,8,14,3,0.956,0.915,0.8253333333333334,True,False,무엇을 하려고 할 때 무조건 안 된다고 하거나 하기 싫은데 하라고 한 적이 있어요?,그런 적 없어요
3706,19,86550,89075,2525,2.525,SPEAKER_1,SPEAKER_0,True,6.14,1.94,50,21,14,7,0.9653571428571428,0.997,0.979,False,True,일단 맞고 입에 넣은 후에 화장실에서 토해요. 그렇게 해도 마음이 안 풀리고 더 찝찝해요.,보통 몇 시에 자고 몇 시에 일어나요?
0002,29,123250,125765,2515,2.515,SPEAKER_1,SPEAKER_1,False,0.5,2.1,4,17,1,4,0.999,0.999,0.999,False,True,아빠요.,아빠가 걱정되는 이유가 뭐예요?
2677,10,55075,57590,2515,2.515,SPEAKER_1,SPEAKER_1,False,4.9,4.02,38,29,11,9,0.9714545454545455,0.945,0.9931111111111111,False,False,네. 제가 자꾸 수학 문제 풀면서 어이없는 실수를 해서 짜증 났어요.,평소 짜증이나 화가 났을 때 어떻게 하면 기분이 풀려
0006,67,297185,299699,2514,2.514,SPEAKER_0,SPEAKER_1,True,3.38,0.501,28,4,8,1,0.994625,0.97,0.847,True,False,저녁에 집에 혼자 두고 어른들이 나간 적이 있나요?,아니요.
0379,43,234985,237490,2505,2.505,SPEAKER_1,SPEAKER_0,True,4.341,1.3,25,9,5,3,0.8006,0.917,0.9406666666666667,False,True,이야기하고 좋아하는 아이돌 이야기하고 그래요.,몇 명이서 놀아?
0379,107,624940,627445,2505,2.505,SPEAKER_0,SPEAKER_1,True,4.34,1.14,34,10,11,3,0.978909090909091,0.908,0.9783333333333333,True,False,안 좋은 기억 때문에 괴로워서 죽고 싶다는 생각 한 적 있어?,그런 적은 없어요.
3242,25,148400,150905,2505,2.505,SPEAKER_1,SPEAKER_1,False,3.78,0.98,30,8,9,2,0.9574444444444444,0.985,0.881,False,False,요즘에 잠을 잘 못 자서 항상 피곤해요. 매일 그래요.,잠들기 힘들거나
5069,82,435670,438175,2505,2.505,SPEAKER_0,SPEAKER_1,True,2.26,1.06,21,10,6,3,0.9328333333333333,0.664,0.9336666666666666,True,False,아니요. 혼날 때는 주로 어떻게 혼나?,아무도 안 혼내요.
5069,97,529145,531650,2505,2.505,SPEAKER_0,SPEAKER_0,False,1.22,2.9,12,28,4,9,0.97125,0.926,0.9958888888888889,False,True,힘들어? 집에 갈 때요,그럴 때 괴로워서 죽고 싶다는 생각을 한 적 있어?
1786,50,246621,249125,2504,2.504,SPEAKER_0,SPEAKER_0,False,1.061,1.62,10,13,3,3,0.9756666666666667,0.931,0.9793333333333333,False,True,별로 안 행복해요.,왜 불행하다고 느끼나요?
0379,31,176095,178590,2495,2.495,SPEAKER_0,SPEAKER_1,True,3.54,1.3,26,10,8,3,0.985875,0.973,0.9473333333333334,True,False,엄마가 그런 표정을 지으실 때 내 기분은 어때?,힘든가 보다 해요.
0379,96,565750,568245,2495,2.495,SPEAKER_0,SPEAKER_1,True,4.74,0.5,33,7,7,1,0.9637142857142857,0.932,0.894,True,False,내가 싫다는데도 계속해서 연락하거나 따라다니는 사람이 있어?,남자친구가요.
2674,57,318625,321120,2495,2.495,SPEAKER_0,SPEAKER_1,True,4.1,2.82,34,23,9,6,0.9288888888888889,0.991,0.9953333333333333,True,False,커서 어떤 사람이 되고 싶은지 꿈이 무엇인지 이야기해 줄래요?,저는 나중에 태권도 사범님이 되고 싶어요.
2674,74,411040,413535,2495,2.495,SPEAKER_1,SPEAKER_0,True,1.54,3.78,12,31,3,8,0.9883333333333333,0.999,0.95125,False,True,"네, 할아버지가 와요.",부모님이나 선생님 때문에 기분이 안 좋아진 적이 있나요?
3891,70,421475,423970,2495,2.495,SPEAKER_1,SPEAKER_0,True,4.98,4.42,44,43,13,12,0.9432307692307692,0.984,0.9355833333333333,False,True,"인터넷도 삼촌 있을 때만 허락 받고 할 수 있는데, 많이 하면 그만하라고 해요.",삼촌이 운동회나 참가한 수업 또는 학부모 상담 같은 학교 행사에 잘 오시나요?
3696,18,74256,76750,2494,2.494,SPEAKER_0,SPEAKER_1,True,2.261,1.3,21,10,6,4,0.9973333333333333,0.998,0.99825,True,False,아침에 일어났을 때 몸 상태는 어때요?,푹 잔 것 같아요.
0002,57,270220,272705,2485,2.485,SPEAKER_1,SPEAKER_0,True,4.26,3.3,29,29,9,9,0.9985555555555555,0.995,0.9985555555555555,False,True,아빠가 술 먹다가 그냥 혼자 소리 지르고 막 그래요.,아빠가 그럴 때 집에 나와서 있어야 했던 적 있어요?
0006,119,549490,551975,2485,2.485,SPEAKER_0,SPEAKER_1,True,2.42,0.501,20,4,5,1,0.996,0.988,0.975,True,False,그때 어른들이 술을 마신 상태였나요?,아니요.
2674,107,607805,610287,2482,2.482,SPEAKER_0,SPEAKER_1,True,4.5,0.501,38,4,10,1,0.9722,0.972,0.902,True,False,어른들의 허락이나 말도 없이 집에서 오랫동안 나와 있었던 적 있나요?,아니요.
0005,98,502155,504630,2475,2.475,SPEAKER_1,SPEAKER_0,True,1.861,2.1,18,20,5,5,0.881,0.998,0.9868,False,True,아니요. 그렇게 느낀 적 없어요.,어떨 때 마음이 복잡하거나 힘든가요?
0006,116,535635,538110,2475,2.475,SPEAKER_1,SPEAKER_0,True,1.301,1.46,12,12,4,3,0.99625,0.997,0.9963333333333333,False,True,세 번 정도 들었어요.,누가 어떻게 싸웠나요?
2315,49,241435,243910,2475,2.475,SPEAKER_0,SPEAKER_0,False,0.5,1.3,1,12,1,3,0.59,0.59,0.9466666666666667,False,True,네,어떤 이유로 그런가요?
2677,58,292025,294500,2475,2.475,SPEAKER_1,SPEAKER_0,True,1.7,4.1,14,36,4,10,0.8947499999999999,0.993,0.9444,False,True,아니요 그런 적은 없어요.,어디 아픈 곳이 있는데 어른들이 병원에 데려가지 않은 적이 있어?
3706,45,191190,193665,2475,2.475,SPEAKER_1,SPEAKER_0,True,2.42,3.301,24,29,6,7,0.9675,0.936,0.9942857142857143,False,True,빠르게 먹으려고 노력해도 잘 안 넘어가서요.,그 걱정거리 때문에 평소 생활이 불편하거나 힘든가요?
3821,43,244060,246535,2475,2.475,SPEAKER_0,SPEAKER_1,True,2.261,0.5,21,5,4,1,0.882,0.882,0.987,True,False,"담임 선생님을 좋아하나요, 싫어하나요?",좋아해요.
3891,90,536010,538485,2475,2.475,SPEAKER_1,SPEAKER_0,True,0.5,1.62,4,15,1,4,0.942,0.942,0.99425,False,True,아니요.,삼촌이 술을 자주 마시나요?
2677,73,384570,387044,2474,2.474,SPEAKER_1,SPEAKER_0,True,0.5,6.501,4,51,1,13,0.861,0.861,0.947,False,True,아니요.,어른들이 나를 집에서 쫓아내거나 버리겠다고 말하거나 어디에 가두고 못 나오게 한 적이 있어?
2674,100,571861,574334,2473,2.473,SPEAKER_1,SPEAKER_0,True,4.101,4.821,32,40,8,11,0.977,0.998,0.9715454545454545,False,True,친구들이랑 놀고 있는데 할아버지한테 전화 오면 좀 그래요.,그것 때문에 괴로워서 스스로 해치거나 죽고 싶다는 생각을 한 적 있나요?
0005,15,78855,81320,2465,2.465,SPEAKER_1,SPEAKER_0,True,2.74,2.66,25,25,6,8,0.9818333333333333,0.993,0.990125,False,True,그냥 참아요. 어떻게 해야 할지 모르겠어서요.,우리 친구는 몇 시에 자고 몇 시에 일어나요?
0006,3,14340,16805,2465,2.465,SPEAKER_1,SPEAKER_0,True,3.22,1.62,20,15,4,4,0.9785,0.931,0.99975,False,True,손바닥이랑 종아리랑 얼굴이랑 등이요.,병원에 갈 정도로 다쳤나요?
2674,2,11860,14325,2465,2.465,SPEAKER_0,SPEAKER_1,True,1.46,3.38,11,16,3,5,0.9836666666666667,0.984,0.9684,True,False,얼마나 자주 아파요?,일주일에 한 번 정도 그래요.
2674,15,77875,80340,2465,2.465,SPEAKER_1,SPEAKER_0,True,7.46,1.54,54,14,13,4,0.9823846153846154,0.988,0.98825,False,True,친구들이랑 피시방 갔다가 저녁 여덟 시에 집에 들어갔는데 할아버지가 늦었다고 화내서 짜증 났어요.,그런 일이 자주 일어나요?
3242,115,664430,666894,2464,2.464,SPEAKER_0,SPEAKER_1,True,5.06,0.501,39,4,11,1,0.9851818181818182,0.999,0.973,True,False,어른들의 허락 없이 또는 말도 없이 오랫동안 나와 있었던 적이 있나요?,아니요.
0002,7,24335,26795,2460,2.46,SPEAKER_1,SPEAKER_0,True,1.54,2.26,14,20,4,6,0.9995,0.999,0.9978333333333333,False,True,아빠랑 같이 살 때부터요.,최근에 짜증이나 화가 난 적 있어요?
0002,48,208970,211430,2460,2.46,SPEAKER_0,SPEAKER_1,True,2.42,6.315,19,44,5,14,0.9956,0.998,0.9779285714285715,True,False,평소에 아빠가 얼마나 자주 때려요?,발에 세 번 정도는 그래요. 눈에 보이는 걸 막 던지고 아무 곳이나 막 때려요.
0002,59,280325,282785,2460,2.46,SPEAKER_1,SPEAKER_0,True,3.26,3.3,19,30,5,9,0.905,0.999,0.9964444444444445,False,True,아니요. 따로 나갔던 적은 없어요.,이런 일 때문에 경찰이나 다른 사람이 온 적이 있어요?
0005,68,334555,337015,2460,2.46,SPEAKER_0,SPEAKER_1,True,5.86,7.125,52,40,15,11,0.9617333333333333,0.983,0.9260909090909091,True,False,더럽고 냄새나는 옷을 입어야 한 적이 있거나 작은 옷이나 신발을 입거나 신고 다닌 적 있나요?,그런 적은 없어요. 할아버지가 빨래를 해주시고 몸이 안 좋으실 때는 제가
0005,94,479700,482160,2460,2.46,SPEAKER_1,SPEAKER_0,True,0.5,3.62,4,31,1,8,0.943,0.943,0.993375,False,True,평상시에,어른들이 술을 마시고 집에서 무섭게 행동할 때가 있나요?
0006,25,113290,115750,2460,2.46,SPEAKER_1,SPEAKER_0,True,1.62,2.02,13,17,4,6,0.902,0.999,0.964,False,True,자다가 깰 데가 많아요.,한 달에 몇 번 정도 그런가요?
0006,43,194820,197280,2460,2.46,SPEAKER_1,SPEAKER_0,True,2.9,1.86,22,13,6,3,0.9766666666666667,0.887,0.9946666666666667,False,True,얘기도 잘 들어주고 간식도 자주 줘서요.,요즘 걱정거리가 있나요?
0006,56,249450,251910,2460,2.46,SPEAKER_1,SPEAKER_0,True,1.62,2.66,14,21,5,6,0.9974,1.0,0.9966666666666667,False,True,이 정도 되는 거 같아요.,왜 행복하지 않다고 느끼는 것 같나요?
0006,78,350480,352940,2460,2.46,SPEAKER_0,SPEAKER_0,False,2.386,2.9,15,26,3,7,0.99,1.0,0.9992857142857143,False,True,아니요. 인터넷이나 휴대폰을,가지고 노는 시간은 하루에 몇 시간 정도인가요?
0006,95,434630,437090,2460,2.46,SPEAKER_0,SPEAKER_1,True,3.3,0.5,29,2,9,1,0.9967777777777778,0.999,0.99,True,False,주위 어른들 중 나를 때린 적이 있는 사람이 있나요?,네.
0006,135,623610,626070,2460,2.46,SPEAKER_0,SPEAKER_1,True,3.62,0.5,28,4,7,1,0.9924285714285714,0.999,0.954,True,False,친구들이 자주 놀리거나 괴롭힌다고 느낀 적 있나요?,아니요.
0184,53,251770,254230,2460,2.46,SPEAKER_1,SPEAKER_1,False,3.3,1.62,26,16,7,4,0.9981428571428571,1.0,0.998,False,True,축구도 하고 게임도 하고 자전거도 타고 놀아요.,친구들이랑 놀면 기분이 어때?
0184,57,265595,268055,2460,2.46,SPEAKER_1,SPEAKER_0,True,0.5,1.62,4,14,1,5,0.992,0.992,0.9736,False,True,좋아요.,어떤 점이 좋은 것 같아?
0184,113,556995,559455,2460,2.46,SPEAKER_0,SPEAKER_1,True,5.14,3.94,41,33,12,9,0.9881666666666666,0.996,0.9442222222222222,True,False,부모님 허락 없이 또는 말도 없이 집에서 오랫동안 나와 있었던 적이 있어?,"아니요, 그런 적 없어요. 엄마가 집 나가면 고생이 됐어요."
0216,45,203805,206265,2460,2.46,SPEAKER_0,SPEAKER_1,True,1.861,7.38,12,43,3,9,0.9903333333333333,0.991,0.9635555555555555,True,False,요즘 행복하다고 느껴?,행복했는데 불안해졌어요. 친구들 많이 있는데 체육관 선생님이 창피하게 해서요.
0379,26,154390,156850,2460,2.46,SPEAKER_0,SPEAKER_1,True,3.86,2.66,23,19,6,5,0.9595,0.761,0.9738,True,False,평상시에 엄마는 어떤 표정을 자주 지으셨?,엄마는 지친 표정을 자주 지으세요.
0379,35,194785,197245,2460,2.46,SPEAKER_0,SPEAKER_1,True,1.141,0.5,21,6,6,1,0.8628333333333333,0.821,0.866,False,False,왜 웃으시는 것 같아? 글쎄요. 고용주,딸이니까요.
0379,40,217850,220310,2460,2.46,SPEAKER_0,SPEAKER_1,True,1.86,1.14,10,13,3,3,0.7906666666666666,0.945,0.902,True,False,형제 자매가 있어?,"아니요, 저 외동이에요."
0379,73,431105,433565,2460,2.46,SPEAKER_1,SPEAKER_0,True,3.38,3.46,27,27,8,7,0.922625,0.77,0.9894285714285714,False,True,아니요. 엄마랑 아빠랑 둘 다 바쁘셔서 못 와요.,부모님이나 선생님 때문에 슬프거나 화난 적 있어?
1112,18,109225,111685,2460,2.46,SPEAKER_1,SPEAKER_0,True,1.06,2.26,10,21,3,7,0.9873333333333333,0.98,0.9874285714285714,False,True,드럼을 치러 가요.,보통 몇 시에 자고 몇 시에 일어나요?
1112,69,465345,467805,2460,2.46,SPEAKER_1,SPEAKER_0,True,0.5,4.98,4,38,1,10,0.564,0.564,0.9438,False,True,아니요.,빨래가 되어있지 않아서 더럽고 냄새나는 옷을 입어야 한 적이 있나요?
1136,12,69170,71630,2460,2.46,SPEAKER_0,SPEAKER_1,True,2.261,1.3,18,12,5,4,0.9898,0.967,0.804,True,False,아침에 일어나면 몸 상태가 어때?,아픈 것 없이 괜찮아요
1786,41,199705,202165,2460,2.46,SPEAKER_0,SPEAKER_0,False,1.78,4.66,15,41,4,11,0.9435,0.93,0.8904545454545455,True,False,왜 담임 선생님이 싫은가요?,다른 애들한테는 무관심하고 학부모 애 하는 엄마 애들만 챙기는 것 같아서요
1786,101,537640,540100,2460,2.46,SPEAKER_0,SPEAKER_0,False,1.06,2.02,9,20,3,6,0.9283333333333333,0.792,0.9835,False,True,한 번도 없어요.,친한 친구 중 가출한 친구가 있나요?
1786,102,542120,544580,2460,2.46,SPEAKER_0,SPEAKER_0,False,2.02,0.5,20,4,6,1,0.9835,0.998,0.964,True,False,친한 친구 중 가출한 친구가 있나요?,없어요.
2076,82,369625,372085,2460,2.46,SPEAKER_0,SPEAKER_0,False,0.5,5.94,3,52,1,13,0.88,0.88,0.9668461538461538,False,True,아니요,성적인 목적으로 내 신체부위 사진이나 영상을 찍어서 누구에게 보내거나 어디 올린 적이 있나요?
2560,38,191105,193565,2460,2.46,SPEAKER_0,SPEAKER_1,True,1.3,1.14,10,9,3,3,0.981,0.969,0.9863333333333333,True,False,몇 명이서 놀아요?,스무 명 정도요.
2560,42,206320,208780,2460,2.46,SPEAKER_0,SPEAKER_1,True,1.301,2.82,10,24,3,6,0.9726666666666667,0.964,0.9855,True,False,어떤 점이 그래요?,교실에서 떠든다고 잔소리 많이 해서 싫어요.
2560,72,358220,360680,2460,2.46,SPEAKER_0,SPEAKER_1,True,1.7,1.14,15,12,4,3,0.96875,0.879,0.956,True,False,많이 한다고 뭐라고 하네요?,많이 하면 잔소리해요.
2674,73,407040,409500,2460,2.46,SPEAKER_0,SPEAKER_1,True,5.78,1.54,45,12,12,3,0.9253333333333333,0.989,0.9883333333333333,True,False,어른들이 학부모 상담이나 참관 수업 같은 참여해야 하는 학교 행사에 잘 오시나요?,"네, 할아버지가 와요."
2674,79,458160,460620,2460,2.46,SPEAKER_0,SPEAKER_1,True,6.185,1.7,52,15,13,4,0.9646153846153847,0.973,0.942,True,False,어른들이 나를 집에서 쫓아내거나 버리겠다고 말하거나 어디에 가두고 못 나오게 한 적이 있나요?,"아니요, 그런 적은 없어요."
2674,80,462320,464780,2460,2.46,SPEAKER_1,SPEAKER_0,True,1.7,2.9,15,28,4,8,0.942,0.996,0.94925,False,True,"아니요, 그런 적은 없어요.",마음이 힘들 때 가족에게 내 마음을 이야기 하나요?
2674,104,591750,594210,2460,2.46,SPEAKER_1,SPEAKER_0,True,1.38,3.54,13,31,4,9,0.93075,0.985,0.9701111111111111,False,True,꿈을 안 꿔요. 생각하고,싶지 않은데도 자꾸 안 좋은 기억이 떠오른 적이 있나요?
2674,105,597750,600210,2460,2.46,SPEAKER_0,SPEAKER_1,True,3.54,0.5,31,4,9,1,0.9701111111111111,0.992,0.901,True,False,싶지 않은데도 자꾸 안 좋은 기억이 떠오른 적이 있나요?,아니요.
2677,2,17395,19855,2460,2.46,SPEAKER_1,SPEAKER_0,True,3.62,1.62,29,12,9,4,0.9265555555555556,0.886,0.96675,False,False,실수로 책을 제 발 위에 떨어뜨려 서 멍이 들었어요.,심하게 다친 건 아니야
2677,32,170300,172760,2460,2.46,SPEAKER_1,SPEAKER_0,True,1.62,2.1,14,15,4,4,0.88925,0.958,0.97275,False,False,아니요 그런 적은 없어요.,친구들이랑 주로 뭐하고 놀아
2677,34,179505,181965,2460,2.46,SPEAKER_1,SPEAKER_0,True,2.42,1.62,19,12,5,4,0.9184,0.727,0.99225,False,True,노래방 가거나 앉아서 수다 떨어요.,주로 몇 명이랑 놀아?
3242,90,521130,523590,2460,2.46,SPEAKER_1,SPEAKER_0,True,4.795,4.1,41,33,10,9,0.9659,0.993,0.985,False,True,스테이플러를 제 얼굴 쪽으로 던져서 제가 맞았어요. 이런 일은 처음이에요.,맞은 것 때문에 다치거나 병원에 가서 치료받은 적이 있나요?
3696,11,44275,46735,2460,2.46,SPEAKER_1,SPEAKER_0,True,2.26,2.18,22,22,5,7,0.9388,0.958,0.9845714285714285,False,True,친구가 약속에 온다고 했다가 취소해서요.,나를 짜증 나게 하는 일이 자주 있나요?
3696,32,132940,135400,2460,2.46,SPEAKER_1,SPEAKER_0,True,0.74,1.54,6,14,2,3,0.989,0.978,0.9653333333333334,False,True,세 명이요.,담임 선생님을 좋아하나요?
3696,81,361195,363655,2460,2.46,SPEAKER_1,SPEAKER_1,False,0.74,1.38,8,13,2,3,0.997,0.994,0.995,False,True,등을 맞았어요.,얼마나 자주 때리시나요?
3821,4,22965,25425,2460,2.46,SPEAKER_0,SPEAKER_1,True,1.86,1.14,15,9,4,3,0.99625,0.999,0.9996666666666667,True,False,최근에 다쳤던 적이 있나요?,다친 적 없어요.
3821,28,159850,162310,2460,2.46,SPEAKER_0,SPEAKER_1,True,2.501,0.5,22,1,7,1,0.9675714285714285,0.994,1.0,True,False,아빠가 왜 그런 표정을 짓는 것 같아요?,잘
3891,59,350750,353210,2460,2.46,SPEAKER_0,SPEAKER_1,True,2.66,5.225,26,48,8,15,0.9655,0.966,0.9448,True,False,배가 고픈데 먹을 게 없어서 굶은 적이 있나요?,"네. 일주일에 네 번은 못 먹는 것 같아요. 먹을 것도 없고, 삼촌이 잘 안 챙겨줘요."
3891,84,505260,507720,2460,2.46,SPEAKER_1,SPEAKER_0,True,1.38,4.34,11,41,3,11,0.928,0.902,0.9606363636363636,False,True,그냥 말로만 혼나요.,내가 원하지 않는데도 누군가가 내 몸을 만지거나 보여달라고 한 적 있어요?
3891,91,540105,542565,2460,2.46,SPEAKER_0,SPEAKER_1,True,1.62,6.82,15,62,4,18,0.99425,0.981,0.953,True,False,삼촌이 술을 자주 마시나요?,"네, 일주일에 다섯 번도 넘게 마시는 것 같아요. 그래서 늦게 일어나고, 그래서 먹을 것도 안 주는 것 같아요."
3891,104,616435,618895,2460,2.46,SPEAKER_0,SPEAKER_1,True,5.06,4.74,48,44,13,12,0.9495384615384616,0.788,0.9159166666666667,False,False,생각하고 싶지 않은데도 자꾸 안 좋았던 기억이 떠오른 적이 있나요 얼마나 자주 그런가요,지난번에 어떤 사람이 왔었는데요 그때 저도 좀 데려가 달라고 말할 걸 후회돼요.
5036,24,108150,110610,2460,2.46,SPEAKER_1,SPEAKER_0,True,0.5,3.381,3,27,1,8,0.516,0.516,0.983,False,True,아니요,평소에 어머니는 어떤 표정을 자주 짓는 것 같아?
5036,90,418635,421095,2460,2.46,SPEAKER_1,SPEAKER_0,True,0.5,4.831,4,37,1,8,0.397,0.397,0.9778749999999999,False,False,아니요.,친구가 싫다는데도 계속 연락하거나 따라다니는 사람이 있어? 없어요.
5069,32,162850,165310,2460,2.46,SPEAKER_0,SPEAKER_0,False,0.501,1.54,5,13,1,4,0.71,0.71,0.84825,False,True,짜증나요.,형제 자매는 몇 명이야?
5069,54,269970,272430,2460,2.46,SPEAKER_0,SPEAKER_0,False,0.9,1.7,5,20,2,5,0.998,1.0,0.8865999999999999,False,True,저는 학교,선생님이요. 되고 싶은 이유가 있어?
0004,22,88561,91020,2459,2.459,SPEAKER_1,SPEAKER_0,True,0.741,3.861,7,29,2,8,0.9995,0.999,0.987125,False,True,그냥 그래요.,평소에 잠이 들기 힘들거나 잠자는 중간에 자주 깨요?
0004,76,376615,379074,2459,2.459,SPEAKER_1,SPEAKER_0,True,1.62,4.741,13,37,4,11,0.99975,0.999,0.9982727272727273,False,True,집에 있으면 늘 그래요.,안 좋은 기억 때문에 괴로워서 죽고 싶다는 생각을 한 적이 있어요?
0006,35,159105,161564,2459,2.459,SPEAKER_1,SPEAKER_0,True,0.5,2.341,4,18,1,5,0.973,0.973,0.9984,False,True,아니요.,친구들이랑 주로 뭘 하고 노나요?
0006,57,254570,257029,2459,2.459,SPEAKER_0,SPEAKER_1,True,2.66,0.822,21,9,6,2,0.9966666666666667,1.0,0.9955,True,False,왜 행복하지 않다고 느끼는 것 같나요?,엄마가 때려서요.
0006,76,339235,341694,2459,2.459,SPEAKER_1,SPEAKER_0,True,0.5,3.941,4,31,1,9,0.977,0.977,0.9475555555555556,False,True,아니요.,옷이나 신발 사이즈가 작은 걸 입거나 실은 흔적 있나요?
0006,77,345635,348094,2459,2.459,SPEAKER_0,SPEAKER_0,False,3.941,2.386,31,15,9,3,0.9475555555555556,0.995,0.99,True,False,옷이나 신발 사이즈가 작은 걸 입거나 실은 흔적 있나요?,아니요. 인터넷이나 휴대폰을
0006,81,366656,369115,2459,2.459,SPEAKER_0,SPEAKER_1,True,3.701,1.621,30,12,8,4,0.949,0.995,0.903,True,False,어른들이 운동회나 창간 수업 같은 행사에 잘 오시나요?,보통 우는 거 같아요.
0006,129,591971,594430,2459,2.459,SPEAKER_0,SPEAKER_1,True,3.221,1.7,27,13,8,4,0.998125,1.0,0.87525,True,False,이런 일로 경찰이나 다른 사람이 온 적이 있나요?,할머니가 온 적 있어요.
0184,49,228541,231000,2459,2.459,SPEAKER_1,SPEAKER_1,False,8.341,3.541,62,25,16,6,0.9516875,0.969,0.9888333333333333,False,True,제 여동생이 아직 애기거든요. 두 살이에요. 그래서 너무 작고 이쁘고 그래서 제가 오빠니까 엄청 잘해줄 거예요.,부모님이 여동생이랑 차별한다고 느낀 적 있어?
0216,60,289246,291705,2459,2.459,SPEAKER_0,SPEAKER_0,False,3.541,0.821,29,7,7,2,0.9702857142857143,0.998,0.6975,True,False,부모님이나 선생님 때문에 슬프거나 화난 적이 있을까?,아니 없어요.
0379,36,197745,200204,2459,2.459,SPEAKER_1,SPEAKER_1,False,0.5,0.661,6,7,1,2,0.866,0.866,0.9259999999999999,False,False,딸이니까요.,잘 보이려고.
1136,75,414736,417195,2459,2.459,SPEAKER_0,SPEAKER_1,True,1.781,1.94,15,15,5,5,0.8553999999999999,0.976,0.88,True,False,한달에 몇 번 정도 그랬어?,한번 정도 있었던 것 같아요
2637,67,299741,302200,2459,2.459,SPEAKER_1,SPEAKER_0,True,1.541,4.58,13,36,3,10,0.9103333333333333,0.757,0.8994,False,True,뭐라고 하셔서 몰래예요.,어른들이 운동회나 참가 수업 같은 학교 행사에 잘 오시는 편이야?
2637,95,442831,445290,2459,2.459,SPEAKER_0,SPEAKER_1,True,3.221,4.981,23,39,6,11,0.9961666666666666,0.997,0.988,True,False,친구는 어떨 때 마음이 복잡하거나 힘들어?,막 엄청 복잡하고 힘들다고 느껴본 적 없는 것 같아요. 제가 단순해서.
2674,33,178436,180895,2459,2.459,SPEAKER_0,SPEAKER_1,True,1.461,3.2,10,11,2,4,0.974,0.985,0.99775,True,False,형제자매가 있나요?,형이 한 명 있어요.
3242,110,637810,640269,2459,2.459,SPEAKER_1,SPEAKER_0,True,4.421,4.181,31,36,9,10,0.9584444444444444,0.94,0.9949,False,True,꿈은 가끔 꾸는데 보통은 친구랑 재밌게 도는 꿈을 꿔요.,생각하고 싶지 않은데도 자꾸 안 좋은 기억이 떠오른 적이 있나요?
3891,10,59030,61489,2459,2.459,SPEAKER_0,SPEAKER_1,True,3.701,2.181,27,19,8,5,0.925625,0.992,0.9448,False,False,무엇 때문에 짜증이 나 화가 났어요. 밖에 나가고,"싶은데, 삼촌이 못 나가게 해서요."
5036,37,160171,162630,2459,2.459,SPEAKER_0,SPEAKER_1,True,1.701,1.381,15,12,5,2,0.9728,0.999,0.864,True,False,어떤 점에서 좋은 것 같아?,저희한테 다정하시거든요
5069,24,121995,124454,2459,2.459,SPEAKER_1,SPEAKER_0,True,1.541,2.581,13,21,4,7,0.999,0.998,0.984,False,True,관심이 없는 것 같아요.,그 표정을 지을 때 친구 기분은 어때?
0216,74,378905,381360,2455,2.455,SPEAKER_1,SPEAKER_0,True,2.18,2.34,14,18,5,5,0.9564,0.915,0.9724,False,True,그래서 잘 때 자주 깨요.,꿈꾸고 일어나면 몸 상태가 어때?
1786,54,272120,274575,2455,2.455,SPEAKER_0,SPEAKER_0,False,1.78,4.34,15,37,4,10,0.94975,0.869,0.9923,True,False,왜 바리스타가 되고 싶나요?,커피 냄새도 좋고 카페에 가면 커피 만드시는 분들이 멋져 보여서요.
2674,43,239725,242180,2455,2.455,SPEAKER_0,SPEAKER_1,True,3.14,0.5,27,4,8,1,0.920625,0.985,0.971,True,False,"담임 선생님은 좋은 것 같아요, 싫은 것 같아요?",싫어요.
2674,63,348965,351419,2454,2.454,SPEAKER_0,SPEAKER_1,True,3.301,0.501,26,4,8,1,0.915875,0.913,0.872,True,False,배가 고픈데 먹을 게 없어서 굶은 적이 있나요?,아니요.
3696,68,309616,312070,2454,2.454,SPEAKER_1,SPEAKER_0,True,1.141,5.46,10,52,3,13,0.9993333333333333,0.999,0.9683076923076923,False,True,그런 적은 없어요.,어른들이 나를 집에서 쫓아내거나 버리겠다고 말하거나 어디에 가두고 못 나오게 한 적이 있나요?
5069,13,66650,69104,2454,2.454,SPEAKER_0,SPEAKER_1,True,3.38,4.501,31,41,9,11,0.9865555555555555,0.979,0.9569090909090909,True,False,평소에 짜증이나 화가 났을 때 어떻게 하면 마음이 풀려?,이제는 어떻게 해야 하는지 모르겠어요. 그냥 집에 가면 짜증 나고 화나요.
0184,77,359585,362030,2445,2.445,SPEAKER_1,SPEAKER_0,True,3.46,2.58,27,20,7,5,0.9954285714285714,0.999,0.9922,False,True,축구 좋아해서요. 제가 좋아하는 거 하고 싶어요.,주로 집에서 돌봐주는 사람은 누구야?
2677,4,26675,29120,2445,2.445,SPEAKER_1,SPEAKER_0,True,3.54,1.941,28,18,8,6,0.964375,0.965,0.9605,False,True,심한 건 아니에요. 멍만 살짝 든 거라서 괜찮아요.,친구는 뭐 할 때가 가장 즐거워?
3891,108,637960,640405,2445,2.445,SPEAKER_0,SPEAKER_1,True,2.26,4.58,23,38,6,9,0.9665,0.86,0.9404444444444444,True,False,그런 기억이 떠오를 때마다 어떻게 하나요?,"큰 소리로 외치는 연습하는데, 삼촌에게 걸리면 조용히 하라고 혼나요."
5069,99,541830,544274,2444,2.444,SPEAKER_1,SPEAKER_0,True,5.14,0.981,46,9,14,3,0.9177142857142857,0.892,0.925,False,True,네. 집에만 가면 냄새 나고 그러니까 더 이상 살고 싶지 않다고 생각한 적 있어요.,어떤 걸 해봤어?
0004,34,149190,151625,2435,2.435,SPEAKER_0,SPEAKER_1,True,1.86,0.9,15,7,5,2,0.9886,0.998,0.7290000000000001,True,False,그럴 때 기분이 좀 어때요?,숨고 싶어요.
0005,78,396385,398820,2435,2.435,SPEAKER_1,SPEAKER_0,True,1.54,5.78,13,52,5,13,0.9526,0.792,0.9558461538461538,False,True,그런 적 없는 것 같아요,어른들이 나를 집에서 쫓아내거나 버리겠다고 말하거나 어디에 가두고 못 나오게 한 적이 있나요?
5036,42,183365,185800,2435,2.435,SPEAKER_1,SPEAKER_0,True,2.1,3.22,16,23,4,6,0.9805,0.925,0.977,False,False,엄마가 화나서 집에 올까봐요.,그런 걱정 때문에 생활이 불편하거나 힘들어
2677,87,455686,458120,2434,2.434,SPEAKER_1,SPEAKER_0,True,1.141,4.02,10,31,3,9,0.9926666666666667,0.994,0.9712222222222222,False,True,그런 사람 없어요.,가족들끼리 소리 지르면서 싸우는 걸 듣거나 본 적 있어?
3242,41,242115,244549,2434,2.434,SPEAKER_0,SPEAKER_1,True,1.94,2.581,14,22,3,6,0.6503333333333333,0.782,0.9908333333333333,True,False,담임선생님 좋아요 싫어요?,너무 싫어요. 이 세상에서 가장 싫어요.
0004,64,303845,306270,2425,2.425,SPEAKER_1,SPEAKER_0,True,6.581,4.42,50,30,15,9,0.9332666666666667,0.996,0.9945555555555555,False,True,제 아빠가 성적이 났다고 시험을 볼 때마다 화내고 소리 지르면서 혼낼 때 화가 많이 나요.,주위 어른들 중에 나를 때린 적이 있는 사람이 있나요?
1112,7,45030,47455,2425,2.425,SPEAKER_1,SPEAKER_0,True,8.901,3.62,66,27,21,8,0.9719523809523809,0.916,0.9239999999999999,False,True,드럼을 배운 지가 일 년 정도 되었 는데 드럼 칠 때 느껴지는 그 진동이랑 가슴을 울리는 것 같은 큰 소리들이 좋아요.,최근 일주일 동안 짜증이나 화가 난 적이 있어요?
5036,55,240205,242630,2425,2.425,SPEAKER_0,SPEAKER_1,True,2.981,0.5,23,4,7,1,0.9258571428571428,0.945,0.597,True,False,배가 고픈데 먹을게 없어서 굶은 적 있어?,아니요.
2674,38,213265,215689,2424,2.424,SPEAKER_1,SPEAKER_1,False,6.18,2.181,47,17,14,4,0.8782857142857143,0.994,0.965,False,True,"네, 형한테 훨씬 더 잘해 주고 저는 사고 만 치는 골칫덩이라고 생각하는 것 같아요.",친구들이랑 주로 뭐하고 놀아요?
3821,77,482991,485415,2424,2.424,SPEAKER_0,SPEAKER_1,True,3.541,0.9,31,8,8,2,0.99625,0.998,0.994,True,False,부모님이나 선생님 때문에 기분이 안 좋아진 적이 있어요?,아빠 때문에요.
0004,42,182275,184695,2420,2.42,SPEAKER_0,SPEAKER_1,True,2.38,0.5,19,4,4,1,0.86175,0.984,0.978,True,False,"담임 선생님을 좋아해요, 싫어해요?",좋아요.
3242,38,228720,231135,2415,2.415,SPEAKER_1,SPEAKER_1,False,7.54,1.62,56,13,15,4,0.9492,0.996,0.94825,False,True,원래 막 뛰어다니면서 잘 놀았는데 지금은 제가 뛰면 얼굴도 아파져서 그냥 앉아서 쓰다듬 떨고 놀아요.,교로 몇 명이랑 놀아요?
3821,107,672346,674761,2415,2.415,SPEAKER_0,SPEAKER_1,True,4.741,0.901,43,8,12,2,0.9875,0.999,0.9415,True,False,부모님의 허락 없이 또는 말도 없이 오랫동안 집에서 나와 있었던 적이 있나요?,아니요 없어요.
5069,20,104355,106770,2415,2.415,SPEAKER_1,SPEAKER_0,True,2.98,2.26,23,24,5,6,0.9474,0.81,0.948,False,True,이불에서 냄새가 나니까 잠들기가 어려워요.,평소에 아버지는 어떤 표정을 자주 지으셨어?
5069,105,567680,570095,2415,2.415,SPEAKER_1,SPEAKER_0,True,0.5,3.86,3,37,1,10,0.617,0.617,0.9711,False,True,아니요,어른들 허락이나 말도 없이 집에 오랫동안 나와 있었던 적이 있었어?
0006,6,28825,31230,2405,2.405,SPEAKER_0,SPEAKER_1,True,1.46,1.06,11,10,4,2,0.999,0.998,0.9924999999999999,True,False,왜 다친 것 같나요?,엄마한테 맞아서요.
0379,20,116035,118440,2405,2.405,SPEAKER_0,SPEAKER_1,True,3.3,2.5,23,21,6,5,0.9851666666666666,0.921,0.9186,True,False,평상시에 아빠는 어떤 표정을 자주 지으셔?,"""찢히고 화난 표정을 자주 지으세요."""
1136,85,475965,478370,2405,2.405,SPEAKER_1,SPEAKER_0,True,2.26,1.94,20,18,7,5,0.9884285714285714,0.993,0.9982,False,True,한 달에 두 번은 싸우는 것 같아요.,부모님은 싸울 때 어떤 모습이야?
1112,104,720875,723279,2404,2.404,SPEAKER_1,SPEAKER_0,True,0.5,5.861,4,43,1,11,0.901,0.901,0.9772727272727273,False,True,아니요.,어른이 아닌 주변 사람들이 나를 자주 놀리거나 괴롭힌다고 느낀 적이 있었나요?
0006,85,387420,389815,2395,2.395,SPEAKER_1,SPEAKER_1,False,2.98,2.581,23,19,6,6,0.9873333333333333,0.983,0.9535,True,False,엄마의 어떤 말이나 행동이 슬프게 하나요?,엄마가 말 안 듣는다고 때릴 때요.
0006,150,695335,697730,2395,2.395,SPEAKER_0,SPEAKER_0,False,3.38,0.74,28,7,8,2,0.996875,0.999,0.8965000000000001,True,False,생각하기 싫은데 자꾸 그 기억이 떠오른 적 있나요?,네. 일주일에
2315,39,187585,189980,2395,2.395,SPEAKER_0,SPEAKER_0,False,3.14,2.42,21,21,5,6,0.9286,0.956,0.9236666666666666,True,False,없어요. 친구들과 주로 뭐하고 놀아요?,문구점 구경 가서 팬도 써보고 놀아요.
2674,17,88440,90835,2395,2.395,SPEAKER_1,SPEAKER_0,True,4.02,3.06,29,27,7,8,0.9722857142857143,0.998,0.995625,False,True,"네, 할아버지가 엄청 보수적이고 통제하는 게 심해요.",그렇게 짜증이 나면 어떻게 할 때 마음이 풀려요?
2674,70,385630,388025,2395,2.395,SPEAKER_1,SPEAKER_0,True,1.06,4.42,9,37,2,9,0.7375,0.999,0.9981111111111111,False,True,"아니요, 없어요.",인터넷이나 휴대폰을 가지고 노는 시간은 하루에 몇 시간 정도인가요?
2674,98,560485,562880,2395,2.395,SPEAKER_1,SPEAKER_1,False,0.5,2.26,4,20,1,5,0.808,0.808,0.9982,False,True,아니요.,어떨 때 마음이 복잡하거나 힘든가요?
2677,7,38660,41055,2395,2.395,SPEAKER_0,SPEAKER_1,True,1.78,0.9,14,9,4,2,0.9702500000000001,0.928,0.8935,True,False,어떤 점에서 즐거운 거야?,그냥 재밌잖아요.
2677,93,480605,483000,2395,2.395,SPEAKER_1,SPEAKER_0,True,0.5,2.18,4,19,1,5,0.882,0.882,0.9944,False,True,아니요.,어떨 때 마음이 복잡하거나 힘들어?
3242,5,25875,28270,2395,2.395,SPEAKER_1,SPEAKER_0,True,1.62,2.1,13,17,3,5,0.9536666666666667,0.97,0.9954,False,True,엊그제 얼굴을 다쳤어요.,왜 다쳤는지 말해줄 수 있어요?
3696,87,391145,393540,2395,2.395,SPEAKER_0,SPEAKER_0,False,0.66,3.46,7,33,2,7,0.9915,0.999,0.9602857142857143,False,True,안 그랬어요.,내가 싫어하는데도 계속 연락하거나 따라다니는 사람이 있나요?
5036,103,496540,498935,2395,2.395,SPEAKER_1,SPEAKER_0,True,1.86,1.38,15,13,4,4,0.98325,0.946,0.9369999999999999,False,True,엄마가 죽자고 했던 말들이요,일주일에 몇 번 생각나?
5069,77,410440,412835,2395,2.395,SPEAKER_0,SPEAKER_1,True,4.98,1.06,48,9,12,3,0.896,0.943,0.9893333333333333,True,False,어른들이 집에서 쫓아내거나 버리겠다고 말하거나 어디에 가두고 못 나오게 한 적이 있어?,그런 적 없어요.
0006,32,148610,151004,2394,2.394,SPEAKER_0,SPEAKER_1,True,2.261,0.501,20,5,6,1,0.9971666666666666,0.997,0.998,True,False,그 표정을 지을 때 기분이 어떤가요?,무서워요.
2677,47,236996,239390,2394,2.394,SPEAKER_0,SPEAKER_1,True,1.301,6.981,9,49,3,12,0.9953333333333333,0.998,0.9070833333333334,True,False,왜 그렇게 느껴?,아빠가 우울했다가 화냈다가 하는 게 스트레스이기도 하고 언제 또 그럴지 몰라서 불안해요.
3891,30,170871,173265,2394,2.394,SPEAKER_1,SPEAKER_0,True,2.661,1.701,21,13,6,3,0.9476666666666667,0.994,0.9686666666666667,False,True,"웃을 땐 저도 웃지만 무서워요, 삼촌.",삼촌이랑 사이는 어때요?
0005,54,261926,264319,2393,2.393,SPEAKER_1,SPEAKER_0,True,6.981,4.021,61,39,16,10,0.975375,0.993,0.9211,False,False,친구들이랑 잘 지내지도 못하고 부모님도 없는데 할아버지도 몸이 안 좋으시니까 상황이 되게 안 좋은 것 같아요.,커서 어떤 사람이 되고 싶은지 꿈이 무엇인지 이야기 해줄래요? 의사요.
0006,36,163905,166290,2385,2.385,SPEAKER_0,SPEAKER_1,True,2.341,2.9,18,23,5,5,0.9984,0.996,0.9938,True,False,친구들이랑 주로 뭘 하고 노나요?,놀이터에서 미끄럼틀이나 그네 타고 놀아요.
0184,16,66110,68495,2385,2.385,SPEAKER_0,SPEAKER_1,True,2.02,3.06,17,25,6,7,0.9506666666666667,0.984,0.9574285714285714,True,False,뭣 때문에 짜증이 난 거 같아?,어제 넘어졌을 때 친구가 눌려서 짜증 났어요.
3891,105,623635,626020,2385,2.385,SPEAKER_1,SPEAKER_0,True,4.74,2.18,44,23,12,6,0.9159166666666667,0.93,0.8543333333333334,False,True,지난번에 어떤 사람이 왔었는데요 그때 저도 좀 데려가 달라고 말할 걸 후회돼요.,그런 기억이 일주일에 몇 번이나 생각나요?
0002,63,307305,309685,2380,2.38,SPEAKER_1,SPEAKER_0,True,0.5,2.26,4,20,1,5,0.99,0.99,0.9988,False,True,아니요.,어떨 때 마음이 복잡하거나 힘들어요?
0004,16,62140,64520,2380,2.38,SPEAKER_1,SPEAKER_0,True,2.42,3.06,21,26,6,7,0.992,0.989,0.9612857142857143,False,True,집에 있기 싫은데 계속 있어야 해서요.,그렇게 짜증날 때는 어떻게 하면 기분이 풀려요?
0004,54,242585,244965,2380,2.38,SPEAKER_1,SPEAKER_0,True,3.46,3.701,32,24,8,6,0.99625,0.999,0.9818333333333333,False,True,모르겠어요. 어른이 되면 그냥 집에서 빨리 나가고 싶어요.,집에서 주로 나를 돌봐주는 어른은 누구예요?
0004,56,252130,254510,2380,2.38,SPEAKER_1,SPEAKER_0,True,0.5,3.221,4,26,1,8,0.99,0.99,0.9355,False,True,엄마요.,배가 고픈데 먹을 게 없어서 굶은 적이 있어요?
0005,42,200195,202575,2380,2.38,SPEAKER_1,SPEAKER_0,True,0.501,1.22,4,10,1,3,0.805,0.805,0.9846666666666667,False,True,좋아요.,어떤 점이 좋아요?
0005,91,467005,469385,2380,2.38,SPEAKER_0,SPEAKER_1,True,4.1,0.9,34,8,7,2,0.9831428571428571,0.999,0.767,True,False,내가 싫다는데도 계속해서 연락하거나 따라다니는 사람이 있나요?,아니요 없어요.
0006,14,64220,66600,2380,2.38,SPEAKER_0,SPEAKER_1,True,2.981,1.38,20,11,6,4,0.9665,0.999,0.9695,True,False,최근 짜증이나 화가 난 적이 있나요?,화가 난 적 있어요.
0006,16,72735,75115,2380,2.38,SPEAKER_0,SPEAKER_1,True,1.3,1.06,9,9,3,2,0.9963333333333333,0.99,0.999,True,False,왜 화가 났나요?,엄마가 때려서요.
0006,61,269465,271845,2380,2.38,SPEAKER_0,SPEAKER_0,False,2.34,0.5,18,5,5,1,0.9988,0.997,0.999,True,False,나중에 어떤 사람이 되고 싶나요?,경찰이요.
0006,63,277890,280270,2380,2.38,SPEAKER_0,SPEAKER_1,True,2.74,3.46,23,29,6,7,0.9991666666666666,0.998,0.9697142857142858,True,False,그렇게 되고 싶다고 생각한 이유가 있나요?,나쁜 사람들 혼내주고 도움 필요한 사람 도와주려고요.
0006,73,326990,329370,2380,2.38,SPEAKER_1,SPEAKER_1,False,2.34,1.94,22,14,8,5,0.996125,0.999,0.9026,True,False,한 달에 몇 번 정도 그런 일이 있나요?,삼 번 정도인 거 같아요.
0184,26,111030,113410,2380,2.38,SPEAKER_0,SPEAKER_1,True,1.62,1.861,16,13,4,3,0.98775,0.957,0.999,True,False,같이 사는 가족은 누구누구야?,엄마랑 아빠랑 동생이요.
0184,44,201780,204160,2380,2.38,SPEAKER_0,SPEAKER_1,True,2.94,1.22,18,10,5,3,0.9606,0.804,0.991,True,False,동생이 있다고 했는데 몇 명이야?,여동생 한 명이요.
0184,46,208665,211045,2380,2.38,SPEAKER_1,SPEAKER_1,False,1.06,2.5,7,24,2,6,0.9650000000000001,0.999,0.9831666666666666,True,False,사인은 어때?,좋아요. 제가 제 여동생 진짜 좋아하거든요.
0184,72,337000,339380,2380,2.38,SPEAKER_0,SPEAKER_1,True,1.78,1.141,15,10,5,3,0.9984,0.998,0.999,True,False,어떤 점이 행복한 것 같아?,그냥 다 좋아서요.
0184,98,471075,473455,2380,2.38,SPEAKER_0,SPEAKER_1,True,4.58,0.501,34,4,9,1,0.9832222222222222,0.984,0.911,True,False,누군가 원하지 않는데도 몸을 만지거나 보여달라고 한 적 있어?,아니요.
0184,109,535990,538370,2380,2.38,SPEAKER_0,SPEAKER_1,True,2.901,1.78,24,14,7,4,0.9937142857142857,0.998,0.92725,True,False,그렇게 꿈을 꾸고 일어나면 몸 상태는 어때?,평소랑 똑같은 거 같아요.
0216,10,47105,49485,2380,2.38,SPEAKER_0,SPEAKER_1,True,3.3,1.22,23,12,7,3,0.9314285714285714,0.967,0.5246666666666667,False,False,평소에 짜증날 때 어떻게 하면 마음이 풀려,tv 보는 괜찮아져요.
0379,33,186850,189230,2380,2.38,SPEAKER_0,SPEAKER_1,True,3.861,0.98,28,8,7,2,0.9724285714285714,0.883,0.9019999999999999,True,False,평소에 가정부 아주머니는 어떤 표정을 자주 지으셨?,항상 웃으세요.
1112,0,8980,11360,2380,2.38,SPEAKER_0,SPEAKER_1,True,3.701,1.06,25,9,6,2,0.9471666666666667,0.995,0.9975,True,False,최근에 건강한가요? 아니면 아픈 곳이 있어요?,건강한 편이에요.
1112,122,845865,848245,2380,2.38,SPEAKER_1,SPEAKER_0,True,4.5,5.685,32,36,8,10,0.9884999999999999,0.995,0.9635,False,False,친구들에게 전화해서 얘기를 하거나 맛있는 걸 먹으러 가요.,부모님의 허락 없이 또는 말도 없이 집에 오랫동안 나와있었던 적이
1136,77,426700,429080,2380,2.38,SPEAKER_0,SPEAKER_1,True,3.14,3.3,25,27,7,7,0.9867142857142858,0.997,0.9854285714285714,True,False,아빠가 집에서 나가라고 하면 내 기분은 어때?,무서워서 심장이 두근거리고 말을 할 수가 없어요.
1786,66,339015,341395,2380,2.38,SPEAKER_0,SPEAKER_0,False,3.94,1.78,42,17,10,7,0.9818,0.989,0.9682857142857143,True,False,아니요. 인터넷이나 휴대폰을 가지고 노는 시간은 하루에 몇 시간 정도인가요?,두 시간 좀 안 될 것 같아요.
1786,87,459700,462080,2380,2.38,SPEAKER_0,SPEAKER_0,False,3.46,2.5,33,24,9,7,0.9577777777777777,0.997,0.9359999999999999,True,False,가족들끼리 소리 지르면서 싸우는 걸 듣거나 본 적이 있어요?,없어요. 엄마 아빠는 서로 소리 안 질러요.
2076,93,427725,430105,2380,2.38,SPEAKER_0,SPEAKER_0,False,9.235,4.98,69,45,18,11,0.9655555555555555,0.999,0.9518181818181818,False,True,잠잘 때 주로 어떤 꿈을 꾸나요? 수학부호가 막 저를 괴롭히고 나중에는 학원 선생님이 막대기를 들고 있어요. 너무 무서워요.,잠자는 중간에 자주 깼던 이유가 무섭거나 끔찍하거나 힘들었던 경험 때문인 건가요?
2560,36,182770,185150,2380,2.38,SPEAKER_0,SPEAKER_1,True,2.1,2.1,17,17,4,3,0.978,0.966,0.9963333333333333,True,False,친구들이랑 주로 뭐하고 놀아요?,친구들이랑 연락하거나 게임해요.
2560,105,529665,532045,2380,2.38,SPEAKER_1,SPEAKER_0,True,0.5,3.54,5,32,1,9,0.994,0.994,0.9907777777777778,False,True,괜찮아요.,생각하고 싶지 않은데 자꾸 그 기억이 떠오른 적이 있어요?
2674,7,33480,35860,2380,2.38,SPEAKER_1,SPEAKER_0,True,2.02,1.94,17,15,6,4,0.9956666666666667,0.999,0.9875,False,True,십오 분에서 삼 십 분 정도요.,최근에 다쳤던 적이 있나요?
2674,44,242680,245060,2380,2.38,SPEAKER_1,SPEAKER_0,True,0.5,1.94,4,14,1,4,0.971,0.971,0.99925,False,False,싫어요.,어떤 점에서 선생님이 싫은
2674,54,299170,301550,2380,2.38,SPEAKER_1,SPEAKER_0,True,1.034,1.7,9,14,2,4,0.9545,0.909,0.9984999999999999,False,True,불행한 쪽이예요.,왜 그렇게 느끼는 걸까요?
2674,59,328420,330800,2380,2.38,SPEAKER_0,SPEAKER_1,True,2.26,3.061,18,23,5,5,0.996,0.996,0.9916,True,False,왜 태권도 사범님이 되고 싶어요?,멋있어요. 제가 가장 존경하는 사람이에요.
2674,90,516260,518640,2380,2.38,SPEAKER_1,SPEAKER_0,True,1.14,4.581,9,34,3,7,0.8826666666666667,0.927,0.9388571428571428,False,True,그런 적 없어요.,내가 싫다는데도 계속해서 연락하거나 따라다니는 사람이 있나요?
2677,13,70665,73045,2380,2.38,SPEAKER_0,SPEAKER_1,True,1.54,3.141,16,29,6,9,0.9913333333333333,0.957,0.991,False,False,몇 시에 자고 몇 시에 일어나,대부분 열 시에 자고 여덟 시에 일어나는 것 같아요.
2677,24,131675,134055,2380,2.38,SPEAKER_1,SPEAKER_0,True,2.5,1.54,22,11,6,3,0.9695,0.956,0.9286666666666666,False,True,저도 같이 우울해지는 것 같고 불안해요.,아빠랑 사이는 어때?
2677,41,208255,210635,2380,2.38,SPEAKER_0,SPEAKER_1,True,2.02,2.66,15,22,5,6,0.9942,0.984,0.971,True,False,요즘 가장 큰 고민은 뭐야?,학교 수업 내용이 좀 어려워서 힘들어요.
2677,60,301080,303460,2380,2.38,SPEAKER_1,SPEAKER_0,True,0.5,6.275,4,52,1,16,0.792,0.792,0.9574374999999999,False,True,아니요.,더럽고 냄새 나는 옷을 입어야 한 적이 있거나 작은 옷이나 신발을 입거나 신고 다닌 적 있어?
2677,77,406260,408640,2380,2.38,SPEAKER_1,SPEAKER_0,True,1.86,3.7,14,28,4,8,0.92125,0.745,0.98,False,True,아무한테도 얘기 안 해요.,주위 어른이나 가족들 중 나를 때렸던 사람이 있어?
2677,101,529285,531665,2380,2.38,SPEAKER_1,SPEAKER_0,True,4.261,2.5,37,21,10,6,0.9164,0.936,0.9118333333333333,False,True,일주일에 한 번 정도 갑자기 아빠가 자해하는 게 떠올라서 힘들어요.,그런 싫은 기억이 떠오르면 어떻게 해?
3242,75,442410,444790,2380,2.38,SPEAKER_0,SPEAKER_1,True,2.82,4.02,22,32,5,7,0.9988,0.998,0.9568571428571429,True,False,선생님이 때리시면서 어떤 말도 하셨나요?,그냥 조용히 하라고 그러면서 저한테 스테이플러를 던졌어요.
3696,56,237360,239740,2380,2.38,SPEAKER_1,SPEAKER_0,True,4.656,3.301,44,34,11,9,0.8987272727272727,0.997,0.983,False,True,있어요. 밥솥에 밥도 없는데 엄마가더니 이제 아기 아니니까 알아서 해 먹으래요.,아픈 곳이 있는데 어른들이 병원에 데려가지 않은 적이 있나요?
3696,75,341450,343830,2380,2.38,SPEAKER_0,SPEAKER_1,True,1.7,0.74,15,8,4,2,0.99975,1.0,1.0,False,False,누가 그렇게 하나요? 아빠가,그렇게 했어요.
3696,76,344570,346950,2380,2.38,SPEAKER_1,SPEAKER_0,True,0.74,2.58,8,24,2,6,1.0,1.0,0.9984999999999999,False,True,그렇게 했어요.,아빠가 나를 때리는 이유는 뭐라고 생각해요?
3706,20,91015,93395,2380,2.38,SPEAKER_0,SPEAKER_1,True,1.94,1.861,21,22,7,6,0.979,0.91,0.8821666666666667,True,False,보통 몇 시에 자고 몇 시에 일어나요?,열두 시에 잠들어서 일곱 시에 일어나요.
3731,71,333960,336340,2380,2.38,SPEAKER_1,SPEAKER_0,True,7.595,1.7,56,14,15,4,0.9762666666666666,0.982,0.99575,False,True,아빠랑 눈 마주치기가 무섭고 같이 자기 싫었어요. 근데 집에는 아빠랑 둘이 사니까 싫다고 못 했어요.,어른들한테 맞은 적 있어?
3821,0,5780,8160,2380,2.38,SPEAKER_0,SPEAKER_1,True,2.581,0.82,21,6,5,2,0.971,0.999,1.0,True,False,"최근에 건강한가요, 아픈 곳이 있나요?",잘 몰라요.
3821,1,8980,11360,2380,2.38,SPEAKER_1,SPEAKER_0,True,0.82,2.5,6,22,2,6,1.0,1.0,0.9845,False,True,잘 몰라요.,아픈 곳이 있는데 이야기 하기 어렵나요?
3821,7,33680,36060,2380,2.38,SPEAKER_1,SPEAKER_0,True,1.76,1.78,14,16,3,4,0.9986666666666667,0.997,0.99875,False,True,즐거워요? 잘 모르겠어요.,즐겁지 않다고 느끼는 건가요?
3821,9,45535,47915,2380,2.38,SPEAKER_0,SPEAKER_1,True,5.62,3.38,29,30,7,8,0.9391428571428572,0.989,0.9904999999999999,False,False,맞아요 저는 즐겁지 않아요. 언제부터 즐겁지 못하다고,느꼈어요? 제가 어렸을 때부터요. 오 년도 더 됐어요.
3821,14,72735,75115,2380,2.38,SPEAKER_1,SPEAKER_0,True,3.94,1.461,34,14,9,4,0.9918888888888889,0.997,0.98775,False,True,우리 집이 너무 더럽고 아빠가 우리를 전혀 돌봐주지 않아서요.,그런 일이 자주 일어나요?
3891,89,533130,535510,2380,2.38,SPEAKER_0,SPEAKER_1,True,5.674,0.5,40,4,11,1,0.9486363636363636,0.938,0.942,True,False,그런 적. 가족들끼리 소리를 지르면서 싸우는 걸 듣거나 본 적이 있어요?,아니요.
3891,107,633320,635700,2380,2.38,SPEAKER_1,SPEAKER_0,True,1.78,2.26,21,23,6,6,0.9183333333333333,0.942,0.9665,False,True,일주일에 세 번은 생각나는 것 같아요.,그런 기억이 떠오를 때마다 어떻게 하나요?
5036,65,286275,288655,2380,2.38,SPEAKER_0,SPEAKER_1,True,4.9,1.06,34,7,10,2,0.8867,0.903,0.8425,True,False,어머니가 운동회나 창간 수업 같은 학교에 온 행사에 잘 오셔?,바빠서 못와요
5069,19,98995,101375,2380,2.38,SPEAKER_0,SPEAKER_1,True,4.02,2.98,36,23,10,5,0.9443,0.665,0.9474,True,False,평소에 잠이 들기 힘들거나 잠자는 중간에 자주 깨는 경우가 있어?,이불에서 냄새가 나니까 잠들기가 어려워요.
5069,79,419175,421555,2380,2.38,SPEAKER_0,SPEAKER_1,True,2.58,1.46,24,11,6,3,0.8913333333333333,0.806,0.9746666666666667,True,False,마음이 힘들 때 누구에게 이야기하는 편이요?,아무한테도 안 해요.
5069,88,471025,473405,2380,2.38,SPEAKER_0,SPEAKER_0,False,4.18,0.5,37,6,8,1,0.979625,0.981,0.951,True,False,친구가 싫다고 하는데도 계속해서 연락하거나 따라다니는 사람이 있어?,없다니까요.
5113,33,184820,187200,2380,2.38,SPEAKER_0,SPEAKER_0,False,0.5,3.62,2,29,1,7,0.951,0.951,0.8517142857142858,False,True,마음,아파요. 평소에 어머니는 어떤 표정을 자주 지으셨어?
5113,106,593000,595380,2380,2.38,SPEAKER_0,SPEAKER_0,False,3.94,1.38,31,12,10,3,0.8834,0.288,0.904,False,True,그럴 때 괴로워서 죽고 싶다는 생각을 한 적 있어? A),죽고 싶지는 않은데요?
0005,51,244560,246939,2379,2.379,SPEAKER_0,SPEAKER_1,True,2.821,1.221,24,10,7,3,0.8837142857142857,0.837,0.9466666666666667,True,False,요즘 행복한 것 같아요? 불행한 것 같아요?,불행한 것 같아요.
0006,31,143970,146349,2379,2.379,SPEAKER_1,SPEAKER_0,True,4.341,2.261,34,20,10,6,0.9649,0.998,0.9971666666666666,False,True,집에 바로 안 가고 놀다가 가거나 물건 맘대로 가져갔을 때요.,그 표정을 지을 때 기분이 어떤가요?
0006,86,392396,394775,2379,2.379,SPEAKER_1,SPEAKER_1,False,2.581,0.5,19,4,6,1,0.9535,0.981,0.997,False,False,엄마가 말 안 듣는다고 때릴 때요.,어른들이
0006,112,517420,519799,2379,2.379,SPEAKER_1,SPEAKER_0,True,0.501,4.501,4,36,1,10,0.964,0.964,0.9949,False,True,아니요.,집에서 어른들이 소리 지르면서 싸우는 걸 듣거나 본 적이 있나요?
0006,114,527955,530334,2379,2.379,SPEAKER_1,SPEAKER_0,True,1.061,1.941,7,17,2,6,0.974,0.999,0.9711666666666666,False,True,"네, 있어요.",한 달에 몇 번 정도 그러나요?
0184,105,507461,509840,2379,2.379,SPEAKER_1,SPEAKER_0,True,2.021,2.26,17,18,6,6,0.9721666666666666,1.0,0.9883333333333333,False,True,딱히 그런 적 없는 것 같아요.,잠잘 때 어떤 꿈을 꾸는 편이야?
0216,55,264255,266634,2379,2.379,SPEAKER_0,SPEAKER_0,False,4.5,2.821,41,17,10,6,0.938,0.913,0.8893333333333333,True,False,없어요. 인터넷이나 휴대폰을 가지고 노는 시간은 하루에 몇 시간 정도일까?,하루에 한 두 시간 정도 해요.
0379,68,403625,406004,2379,2.379,SPEAKER_0,SPEAKER_1,True,4.98,1.941,40,16,10,5,0.9572,0.781,0.9598,True,False,아니요. 인터넷이나 휴대폰을 가지고 노는 시간은 하루에 몇 시간 정도야?,다섯 시간 정도인 것 같아요.
0379,94,544395,546774,2379,2.379,SPEAKER_1,SPEAKER_0,True,0.501,10.736,4,73,1,21,0.885,0.885,0.9585238095238096,False,False,아니요.,누가 내 신체 부위를 사진이나 영상으로 찍어서 보내주면 돈을 준다고 한 적이 있거나 그런 걸 보내서 돈을 받은 적이 있어? 없어요.
1136,0,5540,7919,2379,2.379,SPEAKER_0,SPEAKER_1,True,2.98,1.701,24,13,6,4,0.983,0.961,0.7625,True,False,최근에 어디가 불편하거나 아팠던 적이 있어?,아니요 아픈 것 없어요.
2674,82,472225,474604,2379,2.379,SPEAKER_1,SPEAKER_0,True,3.7,4.341,17,34,3,10,0.9023333333333333,0.986,0.9776,False,True,"아니요, 친구들이랑만 얘기해요.",주위 어른이나 가족들 중 나를 때린 적이 있는 사람이 있나요?
2674,87,500206,502585,2379,2.379,SPEAKER_0,SPEAKER_1,True,5.461,0.501,41,4,11,1,0.9824545454545455,0.963,0.578,True,False,내가 원하지 않는데도 누군가가 내 몸을 만지거나 보여달라고 한 적 있어요?,아니요.
2674,97,557606,559985,2379,2.379,SPEAKER_0,SPEAKER_1,True,5.541,0.5,42,4,11,1,0.9700909090909091,0.923,0.808,True,False,어른이 아닌 주변 사람들이 나를 자주 놀리거나 괴롭힌다고 느낀 적이 있나요?,아니요.
2674,108,610788,613167,2379,2.379,SPEAKER_1,SPEAKER_0,True,0.501,2.661,4,22,1,6,0.902,0.902,0.9864999999999999,False,True,아니요.,친한 친구 중에 가출한 친구가 있을까요?
3696,49,203685,206064,2379,2.379,SPEAKER_0,SPEAKER_1,True,1.541,2.181,14,21,5,6,0.9946,0.988,0.9981666666666666,True,False,왜 그 일을 하고 싶나요?,멋진 춤을 만드는 일을 하고 싶거든요.
3696,103,467683,470062,2379,2.379,SPEAKER_1,SPEAKER_0,True,1.061,2.341,10,20,3,6,0.9996666666666667,0.999,0.997,False,True,그런 적은 없어요.,친한 친구 중 가출한 친구가 있나요?
3706,41,174955,177334,2379,2.379,SPEAKER_1,SPEAKER_0,True,1.94,2.261,17,20,5,5,0.948,0.745,0.9954,False,True,항상 저를 잘 다독여 주셔서요.,요즘 가장 큰 걱정거리는 무엇인가요?
3731,99,475540,477919,2379,2.379,SPEAKER_1,SPEAKER_0,True,7.221,10.966,62,78,17,22,0.9920588235294118,0.946,0.9450454545454545,False,False,생각을 한 건 아니고 그냥 아빠가 제 말을 안 들어주니까 마음이 힘들면 손톱을 많이 뜯었더니 손이 못생겨졌어요.,손을 얼마나 뜯어? 그냥 한번 뜯기 시작하면 피가 날 때까지 뜯어요. 선생님들이 못 하게 하는데 피가 많이 나서 아파야 그만하는 거 같아요.
3891,75,450850,453229,2379,2.379,SPEAKER_0,SPEAKER_1,True,5.425,5.381,53,48,15,13,0.9806,0.98,0.9506923076923077,True,False,내가 무엇을 하려고 할 때 무조건 안된다고 하거나 하기 싫은데도 무조건 하라고 할 때가 있나요?,네. 밖에 나가서 친구도 사귀고 학교도 가고 싶은데 혼자 나가지 말라고 했어요 삼촌이.
3891,95,568135,570514,2379,2.379,SPEAKER_0,SPEAKER_1,True,5.46,1.541,49,14,14,4,0.9963571428571428,0.995,0.98175,True,False,삼촌이 술을 마시거나 마시고 난 뒤에 문제가 생겨서 경찰이 왔다거나 누가 온 적 있어요?,아니요 그런 적은 없어요.
5036,48,208345,210724,2379,2.379,SPEAKER_1,SPEAKER_0,True,2.341,2.821,16,23,5,7,0.9302,0.702,0.9827142857142857,False,True,그냥 행복한 일이 안 생겨서요,우리 친구는 커서 어떤 사람이 되고 싶어?
5036,63,275681,278060,2379,2.379,SPEAKER_0,SPEAKER_1,True,4.661,0.98,35,8,9,3,0.988,0.98,0.9426666666666667,True,False,하루에 인터넷이나 휴대폰을 가지고 노는 시간은 몇 시간 정도야?,한 시간 정도요
5069,100,545255,547634,2379,2.379,SPEAKER_0,SPEAKER_1,True,0.981,1.541,9,14,3,3,0.925,0.859,0.9653333333333334,True,False,어떤 걸 해봤어?,무서워서 하지는 못했어요.
5113,50,271991,274370,2379,2.379,SPEAKER_0,SPEAKER_0,False,1.541,2.1,11,19,3,6,0.9766666666666667,0.931,0.9051666666666667,False,True,엄마가 이상한 거요.,무엇 때문에 걱정이 되는 것 같아?
0004,75,372620,374995,2375,2.375,SPEAKER_0,SPEAKER_1,True,2.981,1.62,20,13,5,4,0.9972,0.995,0.99975,True,False,어떨 때 마음이 복잡하거나 힘들어요?,집에 있으면 늘 그래요.
0006,42,189545,191920,2375,2.375,SPEAKER_0,SPEAKER_1,True,1.14,2.9,11,22,3,6,0.9906666666666667,0.974,0.9766666666666667,True,False,어떤 점이 좋은가요?,얘기도 잘 들어주고 간식도 자주 줘서요.
0002,46,199865,202230,2365,2.365,SPEAKER_0,SPEAKER_1,True,2.34,2.1,19,15,5,4,0.9986,0.994,0.996,True,False,아빠의 어떤 말이나 행동이 슬퍼요?,저랑 동생을 계속 때려서요.
0006,89,400635,403000,2365,2.365,SPEAKER_1,SPEAKER_0,True,0.5,3.3,4,21,1,6,0.919,0.919,0.9881666666666666,False,True,아니요.,다른 사람들 앞에서 혼낼 때가 있나요?
0184,38,164625,166990,2365,2.365,SPEAKER_0,SPEAKER_1,True,2.1,3.62,18,31,6,9,0.973,0.996,0.9883333333333333,True,False,어떨 때 잔소리 하시는 것 같아?,제가 들어와서 손 안 씻고 바로 동생 만지면 잔소리예요.
0216,71,364200,366565,2365,2.365,SPEAKER_1,SPEAKER_0,True,0.5,2.26,4,17,1,7,0.397,0.397,0.9164285714285715,False,True,아니요.,잠 잘 때 주로 어떤 꿈을 꿀까
2315,86,439835,442200,2365,2.365,SPEAKER_0,SPEAKER_0,False,0.5,4.1,4,42,1,11,0.811,0.811,0.9873636363636363,False,True,아니요.,어른이 아닌 주변 사람들이 나를 자주 놀리거나 괴롭힌다고 느낀 적이 있나요?
0002,67,328410,330765,2355,2.355,SPEAKER_1,SPEAKER_0,True,4.021,1.78,31,13,7,5,0.9684285714285714,0.997,0.9908,False,True,아니요. 죽으면 동생이 혼자잖아요. 제가 지켜줘야 해요.,잘 때 어떤 꿈을 꿔요?
1786,81,424975,427330,2355,2.355,SPEAKER_0,SPEAKER_0,False,6.74,4.101,51,41,13,11,0.9229999999999999,0.956,0.9785454545454545,False,True,없어요. 그럼 혼날 때는 어떻게 혼나요? 때리진 않지만 엄마가 저한테 큰소리로 소리 질러요.,내가 원하지 않는데도 누군가가 내 몸을 만지거나 보여달라고 한 적 있어요?
1786,91,480455,482810,2355,2.355,SPEAKER_0,SPEAKER_0,False,2.18,1.7,20,16,5,4,0.9863999999999999,0.99,0.9695,True,False,어떨 때 마음이 복잡하거나 힘든가요?,엄마가 저에게 성질을 냈대요.
3731,73,339880,342235,2355,2.355,SPEAKER_1,SPEAKER_0,True,0.5,4.74,4,45,1,12,0.991,0.991,0.99225,False,True,없어요.,내가 싫다고 했는데도 누군가가 내 몸을 만지려고 하거나 보여달라고 한 적이 있어?
5036,61,266265,268620,2355,2.355,SPEAKER_0,SPEAKER_0,False,3.94,0.501,28,3,8,1,0.91325,0.958,0.563,True,False,옷이나 신발 사이즈가 작은걸 입거나 신은 적 있어?,없어요
5069,63,330560,332915,2355,2.355,SPEAKER_1,SPEAKER_1,False,3.461,1.3,30,11,8,3,0.926625,0.976,0.9586666666666667,False,True,네. 옷이랑 이불이랑 너무 더러워서 냄새 나고 그래요.,얼마나 자주 그랬어?
0184,52,246125,248470,2345,2.345,SPEAKER_0,SPEAKER_1,True,2.02,3.3,16,26,4,7,0.94625,1.0,0.9981428571428571,True,False,친구들이랑 주로 뭐하고 놀아?,축구도 하고 게임도 하고 자전거도 타고 놀아요.
2674,86,492400,494745,2345,2.345,SPEAKER_1,SPEAKER_0,True,2.98,5.461,22,41,5,11,0.946,0.999,0.9824545454545455,False,True,할아버지가 잔소리하는 데 때리진 않아요.,내가 원하지 않는데도 누군가가 내 몸을 만지거나 보여달라고 한 적 있어요?
5036,20,90540,92885,2345,2.345,SPEAKER_1,SPEAKER_0,True,2.5,3.22,21,18,7,5,0.9644285714285714,0.968,0.9894,False,True,열 한 시에 자서 일곱 시에 일어나요.,아침에 일어나면 몸 상태가 어때?
5036,100,481775,484120,2345,2.345,SPEAKER_0,SPEAKER_1,True,2.18,1.94,21,12,7,5,0.9392857142857143,0.911,0.9644,True,False,못했어요 잠잘 때 주로 어떤 꿈을 꿔?,꿈 안 꾸고 깊이 자요
5069,42,200230,202575,2345,2.345,SPEAKER_0,SPEAKER_1,True,1.78,1.3,15,11,4,2,0.9944999999999999,0.996,0.7849999999999999,True,False,어떤 부분에서 그렇게 느껴?,상냥학에 대해줘서요.
0004,17,67580,69915,2335,2.335,SPEAKER_0,SPEAKER_1,True,3.06,1.54,26,10,7,3,0.9612857142857143,0.993,0.9033333333333333,True,False,그렇게 짜증날 때는 어떻게 하면 기분이 풀려요?,그냥 놀이터에 앉아
5036,64,279040,281375,2335,2.335,SPEAKER_1,SPEAKER_0,True,0.98,4.9,8,34,3,10,0.9426666666666667,0.952,0.8867,False,True,한 시간 정도요,어머니가 운동회나 창간 수업 같은 학교에 온 행사에 잘 오셔?
3242,109,631055,633389,2334,2.334,SPEAKER_0,SPEAKER_1,True,3.3,4.421,27,31,8,9,0.9795,1.0,0.9584444444444444,True,False,"잠잘 때 주로 어떤 꿈을 꾸나요, 악몽을 꾸나요?",꿈은 가끔 꾸는데 보통은 친구랑 재밌게 도는 꿈을 꿔요.
2674,53,295810,298136,2326,2.326,SPEAKER_0,SPEAKER_1,True,2.66,1.034,24,9,7,2,0.9794285714285714,0.995,0.9545,True,False,"요즘 행복한 것 같아요, 불행한 것 같아요?",불행한 쪽이예요.
0002,15,59175,61500,2325,2.325,SPEAKER_1,SPEAKER_0,True,1.46,8.74,10,57,3,16,0.9996666666666667,0.999,0.9941875,False,False,그냥 계속 졸려요.,아빠가 화 많이 내는 표정을 짓는다고 했는데 그런 이유가 있는 것 같아요? 그냥 자기가 화나면 저희한테
5036,79,362340,364665,2325,2.325,SPEAKER_0,SPEAKER_0,False,7.301,0.5,51,4,13,1,0.928,0.887,0.756,True,False,어른들이 친구를 집에서 쫓아내거나 버리겠다고 말하거나 어디에 가두고 못 나오게 한 적 있어?,없어요.
5036,89,415810,418135,2325,2.325,SPEAKER_0,SPEAKER_1,True,8.5,0.5,56,4,12,1,0.9565833333333333,0.723,0.397,True,False,인터넷이나 휴대폰으로 성적으로 친구의 신체부위를 사진이나 영상을 찍어 누구에게 보내거나 올린적 있어?,아니요.
2560,108,544510,546831,2321,2.321,SPEAKER_0,SPEAKER_1,True,2.66,0.901,23,8,7,2,0.9855714285714285,0.981,0.886,True,False,부모님 허락 없이 집을 나간 적이 있어요?,아니요 없어요.
0005,47,221890,224205,2315,2.315,SPEAKER_0,SPEAKER_1,True,1.7,2.5,14,22,4,6,0.94025,0.812,0.9821666666666666,True,False,어떤 점에서 걱정이 돼요?,몸이 좀 약한 편이라서 자주 아프거든요.
3706,47,202485,204800,2315,2.315,SPEAKER_1,SPEAKER_0,True,2.9,1.7,29,16,7,3,0.8025714285714286,0.995,0.8673333333333333,False,True,네. 매일 취사 선생님한테 혼낼까봐 무섭고 힘들어요.,"요즘 행복한가요, 불행한가요?"
3821,40,232365,234680,2315,2.315,SPEAKER_1,SPEAKER_0,True,5.221,2.46,42,13,9,4,0.9805555555555555,0.999,0.99825,False,True,친구들이랑은 대부분 같이 좋아하는 애니메이션 이야기하고 그림 그리고 놀아요.,주로 몇 명이랑 놀아요?
0005,22,103165,105479,2314,2.314,SPEAKER_1,SPEAKER_0,True,0.82,3.941,7,32,2,8,0.9565,0.917,0.892625,False,True,거의 매일요.,평소에 잠들기 힘들다거나 잠자는 중간에 자주 깨진 않나요?
2674,35,185556,187870,2314,2.314,SPEAKER_0,SPEAKER_1,True,1.061,10.74,8,80,2,21,0.997,0.995,0.954047619047619,True,False,사이가 어때요?,"사이 안 좋아요. 예전부터 할아버지가 저랑 형을 너무 많이 비교하고, 저한테 형만큼만 하라는 식으로 그래서 제가 형을 별로 안 좋아하게 됐어요."
3821,15,76576,78890,2314,2.314,SPEAKER_0,SPEAKER_1,True,1.461,6.34,14,39,4,10,0.98775,0.955,0.9532,True,False,그런 일이 자주 일어나요?,네 항상 그랬어요. 시간이 지날수록 집도 동생들도 상태가 더 나빠져요.
5036,69,302450,304764,2314,2.314,SPEAKER_0,SPEAKER_1,True,1.86,0.981,17,7,5,3,0.9982,0.999,0.9486666666666667,True,False,누구 때문에 기분이 안 좋았어?,말 안 할래요
0004,31,136625,138930,2305,2.305,SPEAKER_1,SPEAKER_0,True,4.34,2.1,34,18,9,6,0.9237777777777778,0.962,0.9486666666666667,False,True,새 아빠는 항상 화난 표정이고 무서워요. 그래서 피해 다녀요.,왜 화난 표정을 짓는 거 같아요?
0006,133,613605,615910,2305,2.305,SPEAKER_0,SPEAKER_1,True,4.66,0.9,42,8,11,2,0.9973636363636363,0.999,0.9135,True,False,경찰이나 다른 사람이 오고 나서도 비슷하거나 같은 일이 일어난 적이 있나요?,"네, 그랬어요."
5058,24,91730,94035,2305,2.305,SPEAKER_0,SPEAKER_0,False,7.14,2.18,56,19,17,5,0.9870588235294118,0.992,0.998,False,True,평소에 잠이 안 오거나 중간에 일어나는 일이 있니? 아 그래도 자다가 일어나는 걸 네 번 넘게 해요.,평상시에 아빠는 어떤 표정을 지어?
1786,40,195621,197925,2304,2.304,SPEAKER_0,SPEAKER_0,False,1.061,1.78,8,15,3,4,0.969,0.971,0.9435,False,True,별로 안 좋아요,왜 담임 선생님이 싫은가요?
0002,6,20495,22795,2300,2.3,SPEAKER_0,SPEAKER_1,True,1.94,1.54,17,14,4,4,0.9895,0.966,0.9995,True,False,언제부터 즐겁다고 못 느꼈어요?,아빠랑 같이 살 때부터요.
0004,49,216685,218985,2300,2.3,SPEAKER_0,SPEAKER_1,True,2.02,0.5,13,4,3,1,0.9456666666666667,0.853,0.873,True,False,요즘 행복하다고 느껴요?,아니요.
0004,61,284070,286370,2300,2.3,SPEAKER_0,SPEAKER_1,True,6.66,0.98,45,8,12,3,0.9509166666666666,0.979,0.9776666666666667,True,False,어른들이 운동회나 청관 수업이나 아니면 학부모 상담 같은 학교 행사에 잘 오세요?,거의 안 와요.
0004,69,339150,341450,2300,2.3,SPEAKER_0,SPEAKER_1,True,5.54,0.5,39,4,11,1,0.9773636363636363,0.998,0.908,True,False,내가 원하지 않는데 누가 내 몸을 만지거나 보여달라고 한 적이 있어요?,아니요.
0004,71,350805,353105,2300,2.3,SPEAKER_0,SPEAKER_1,True,5.78,3.46,37,30,10,8,0.9766,0.998,0.9895,True,False,집에서 어른들끼리 소리 지르면서 싸우는 걸 듣거나 본 적이 있어요?,없어요. 엄마랑 새아빠가 대화하는 걸 본 적이 없어요.
0004,83,420750,423050,2300,2.3,SPEAKER_0,SPEAKER_1,True,6.18,0.501,44,4,13,1,0.962,0.998,0.999,True,False,부모님의 허락 없이 아니면 말 안 하고 집에 오랫동안 나와 있었던 적이 있어요?,없어요.
0005,79,404600,406900,2300,2.3,SPEAKER_0,SPEAKER_1,True,5.78,0.5,52,4,13,1,0.9558461538461538,0.985,0.41,True,False,어른들이 나를 집에서 쫓아내거나 버리겠다고 말하거나 어디에 가두고 못 나오게 한 적이 있나요?,아니요.
0005,110,551555,553855,2300,2.3,SPEAKER_0,SPEAKER_1,True,2.42,1.86,22,16,6,4,0.9961666666666666,0.99,0.87875,True,False,친한 친구 중에 가출한 친구가 있을까요?,아니요. 친한 친구가 없어요.
0006,2,8820,11120,2300,2.3,SPEAKER_0,SPEAKER_1,True,0.981,3.22,9,20,2,4,0.999,1.0,0.9785,True,False,어디를 다쳤나요?,손바닥이랑 종아리랑 얼굴이랑 등이요.
0006,26,117770,120070,2300,2.3,SPEAKER_0,SPEAKER_1,True,2.02,1.38,17,10,6,4,0.964,0.792,0.9984999999999999,True,False,한 달에 몇 번 정도 그런가요?,네 번 정도 깨요.
0006,38,174470,176770,2300,2.3,SPEAKER_1,SPEAKER_1,False,2.66,0.5,22,5,6,1,0.998,0.991,0.99,True,False,친구들이랑 같이 놀 때 기분이 어떤가요?,즐거워요.
0006,44,199140,201440,2300,2.3,SPEAKER_0,SPEAKER_1,True,1.86,0.98,13,7,3,2,0.9946666666666667,1.0,0.7685,True,False,요즘 걱정거리가 있나요?,"네, 있어요."
0006,83,377500,379800,2300,2.3,SPEAKER_0,SPEAKER_1,True,3.7,1.94,29,16,7,4,0.9857142857142858,0.995,0.95775,True,False,부모님이나 선생님 때문에 슬프거나 화난 적이 있나요?,엄마 때문에 슬프고 화났어요.
0006,90,406300,408600,2300,2.3,SPEAKER_0,SPEAKER_1,True,3.3,0.5,21,4,6,1,0.9881666666666666,0.999,0.999,True,False,다른 사람들 앞에서 혼낼 때가 있나요?,없어요.
0006,98,447525,449825,2300,2.3,SPEAKER_0,SPEAKER_1,True,2.58,0.98,21,8,5,2,0.9954,0.998,0.769,True,False,엄마요. 그 어른이 최근에도 때리나요?,"네, 때렸어요."
0006,109,503535,505835,2300,2.3,SPEAKER_1,SPEAKER_1,False,3.06,1.38,25,10,8,3,0.99775,0.997,0.9516666666666667,True,False,이렇게 다친 것 때문에 병원에 간 적 있나요?,"아뇨, 안 갔어요."
0006,140,646160,648460,2300,2.3,SPEAKER_1,SPEAKER_0,True,0.5,2.9,2,23,1,7,0.925,0.925,0.99,False,True,네.,일주일에 몇 번 정도 그런 생각이 드나요?
0184,36,153585,155885,2300,2.3,SPEAKER_1,SPEAKER_1,False,1.861,3.94,14,32,4,10,0.9995,1.0,0.9415,True,False,평소 엄마의 표정은 어때?,가끔 잔소리 할 때는 마녀 같은데 보통은 웃는 것 같아요.
0184,68,321285,323585,2300,2.3,SPEAKER_0,SPEAKER_1,True,1.7,1.7,12,13,4,4,0.995,0.982,0.8845000000000001,True,False,요즘 행복한 것 같아?,네. 행복한 것 같아요.
0184,75,349425,351725,2300,2.3,SPEAKER_1,SPEAKER_0,True,1.86,2.58,14,22,4,6,0.957,0.997,0.9976666666666667,False,True,저 축구선수 되고 싶어요.,그렇게 되고 싶다고 생각한 이유는 뭐야?
0184,97,464195,466495,2300,2.3,SPEAKER_1,SPEAKER_0,True,0.5,4.58,4,34,1,9,0.999,0.999,0.9832222222222222,False,True,없어요.,누군가 원하지 않는데도 몸을 만지거나 보여달라고 한 적 있어?
0379,79,462445,464745,2300,2.3,SPEAKER_0,SPEAKER_0,False,0.82,0.9,7,7,2,2,0.8,0.991,0.996,False,True,"네, 있어요.",누가 그랬어?
1112,15,97210,99510,2300,2.3,SPEAKER_1,SPEAKER_0,True,1.94,3.395,14,20,4,6,0.99175,0.983,0.9958333333333333,False,False,하나도 틀리지 않는 거요.,평소에 짜증이나 화가 났을 때 어떻게
1112,37,241485,243785,2300,2.3,SPEAKER_1,SPEAKER_1,False,3.54,1.7,27,12,8,3,0.968,0.999,0.98,False,True,네. 올해 고등학교 입학한 언니가 한 명 있어요.,언니랑 사이는 어때요?
1112,118,819755,822055,2300,2.3,SPEAKER_1,SPEAKER_0,True,5.3,2.74,38,21,10,6,0.8905,0.957,0.9248333333333333,False,True,네. 학원 차에서 억지로 당했던 기억이 원하지 않는데 자꾸 떠올라요.,얼마나 자주 그런 기억이 떠오르 나요?
1136,16,91240,93540,2300,2.3,SPEAKER_0,SPEAKER_1,True,2.5,2.74,18,23,5,6,0.9888,0.996,0.8743333333333333,True,False,평소에 아빠는 어떤 표정을 지어?,미안해를 찌푸리고 화를 내는 표정을 지어요
1136,45,248675,250975,2300,2.3,SPEAKER_1,SPEAKER_0,True,1.86,2.1,15,16,4,4,0.974,0.947,0.989,False,True,나름대로 행복한 것 같아요.,어떤 점에서 행복하다고 느껴?
1136,46,253075,255375,2300,2.3,SPEAKER_0,SPEAKER_1,True,2.1,2.82,16,25,4,6,0.989,0.996,0.9798333333333333,True,False,어떤 점에서 행복하다고 느껴?,부모님은 좀 싸우지만 엄마가 절 사랑하니까요.
1136,54,305045,307345,2300,2.3,SPEAKER_0,SPEAKER_1,True,3.38,0.5,28,4,9,1,0.9563333333333334,0.99,0.948,True,False,배가 고픈데 집에 먹을 게 없어서 굶은 적이 있어?,아니요.
1354,57,241835,244135,2300,2.3,SPEAKER_0,SPEAKER_0,False,4.195,2.98,32,27,9,7,0.7906666666666666,0.608,0.9617142857142857,False,True,부모님이 운동회랑 참관 수업 학부모 상담회 잘 오셔? 네.,부모님이나 선생님 때문에 슬프거나 화난 적 있어?
1354,64,275305,277605,2300,2.3,SPEAKER_0,SPEAKER_1,True,4.66,0.821,48,5,13,2,0.9359999999999999,0.357,0.982,True,False,내가 원하지 않는데 누군가가 내 몸을 만지거나 보여달라고 한 적 있어? 사실 있었어요?,저번 달에
1786,7,31410,33710,2300,2.3,SPEAKER_0,SPEAKER_0,False,1.38,3.955,19,26,5,7,0.9322,0.82,0.9307142857142857,True,True,다쳤어요. 무엇을 할 때 즐겁나요?,친구 집에 가서 놀대요. 어떤 점이 즐거운가요?
1786,92,484510,486810,2300,2.3,SPEAKER_0,SPEAKER_0,False,1.7,4.26,16,45,4,12,0.9695,0.879,0.9618333333333333,False,True,엄마가 저에게 성질을 냈대요.,나쁜 기억 때문에 괴로워서 스스로를 해치거나 죽고 싶다는 생각을 한 적이 있나요?
2315,12,59410,61710,2300,2.3,SPEAKER_0,SPEAKER_0,False,1.461,1.62,17,15,4,4,0.9425,0.998,0.9944999999999999,False,True,"있었나요? 네, 짜증이 났어요.",무엇 때문에 짜증이 났나요?
2315,23,113650,115950,2300,2.3,SPEAKER_0,SPEAKER_0,False,2.98,0.5,27,3,7,1,0.9658571428571429,0.894,0.591,False,False,잠들기 힘들거나 잠자는 중간에 깨는 일이 있을까요,아니요
2315,66,326125,328425,2300,2.3,SPEAKER_0,SPEAKER_0,False,4.74,0.66,46,7,12,2,0.98925,0.993,0.983,True,False,작은 옷이나 신발을 입거나 신고 다닌 적이 있나요? 그랬다면 얼마나 오래 그랬나요?,안 그랬어요.
2637,36,159515,161815,2300,2.3,SPEAKER_0,SPEAKER_1,True,1.94,3.06,12,25,3,6,0.9643333333333334,0.899,0.995,False,False,친구들과는 주로 뭐하고,놀아? 수영하러 가거나 그림 그리면서 놀아요.
2674,27,147095,149395,2300,2.3,SPEAKER_1,SPEAKER_0,True,1.78,3.54,15,28,4,8,0.98075,0.935,0.979375,False,True,무서운 표정을 자주 지어요.,왜 할아버지가 무서운 표정을 자주 짓는 것 같아요?
2674,37,204785,207085,2300,2.3,SPEAKER_0,SPEAKER_1,True,3.46,6.18,26,47,6,14,0.952,0.893,0.8782857142857143,True,False,할아버지가 형과 나를 차별한다고 느끼는 건가요?,"네, 형한테 훨씬 더 잘해 주고 저는 사고 만 치는 골칫덩이라고 생각하는 것 같아요."
2674,47,260615,262915,2300,2.3,SPEAKER_0,SPEAKER_1,True,2.02,0.74,17,7,5,2,0.983,0.997,0.9844999999999999,True,False,요즘 제일 걱정되는 게 뭐예요?,저 스스로요.
2677,46,233395,235695,2300,2.3,SPEAKER_1,SPEAKER_0,True,1.14,1.301,10,9,3,3,0.9423333333333334,0.933,0.9953333333333333,False,True,불행한 것 같아요.,왜 그렇게 느껴?
2677,85,445845,448145,2300,2.3,SPEAKER_1,SPEAKER_0,True,0.98,4.42,8,33,2,7,0.77,0.943,0.9702857142857143,False,True,아니요 없어요.,내가 싫다는데도 계속해서 연락하거나 따라다니는 사람이 있어?
3242,3,18435,20735,2300,2.3,SPEAKER_1,SPEAKER_1,False,2.1,1.3,20,12,6,3,0.9373333333333334,0.977,0.9903333333333333,False,True,네 저 학교 선생님 때문에 다쳤어요.,어디를 언제 다쳤어요?
3242,39,232755,235055,2300,2.3,SPEAKER_1,SPEAKER_1,False,1.62,2.26,13,18,4,6,0.94825,0.995,0.9944999999999999,True,False,교로 몇 명이랑 놀아요?,가장 친한 친구가 네 명 있어요.
3242,79,468840,471140,2300,2.3,SPEAKER_0,SPEAKER_1,True,5.86,0.5,47,4,12,1,0.9715833333333334,1.0,0.981,True,False,어른들이 나를 쫓아내거나 그러겠다고 하거나 어디에 가두고 못 나오게 한 적이 있나요?,아니요.
3242,86,494200,496500,2300,2.3,SPEAKER_1,SPEAKER_0,True,1.14,2.02,12,12,3,4,0.9883333333333333,0.998,0.983,False,False,우리 담임 선생님이요.,담임 선생님이 나를 왜
3696,20,82530,84830,2300,2.3,SPEAKER_0,SPEAKER_1,True,2.66,1.301,24,11,6,3,0.9803333333333333,0.988,0.9643333333333334,True,False,잠들기 힘들거나 중간에 깨는 일이 있을까요?,"아니요, 안 그래요."
3696,94,423280,425580,2300,2.3,SPEAKER_0,SPEAKER_1,True,2.1,3.86,20,34,5,9,0.9942,0.974,0.957,True,False,어떨 때 마음이 복잡하거나 힘든가요?,엄마가 저한테 내가 빨래에서 알아서 옷 챙겨 입으라고 했대요.
3706,15,67405,69705,2300,2.3,SPEAKER_0,SPEAKER_0,False,3.7,1.22,36,14,10,4,0.9494,0.863,0.96975,False,True,밥을 빨리 먹으려고 해도 생각처럼 안 되어서 짜증 나고 화났어요.,그런 일이 자주 일어나요?
3891,56,336795,339095,2300,2.3,SPEAKER_1,SPEAKER_0,True,4.18,2.66,38,25,10,6,0.95,0.576,0.9973333333333333,False,True,이것저것 다 해보고 싶어요. 근데 마음대로 나갈 수가 없어서 못해요.,집에서 주로 나를 돌봐주는 어른은 누구인가요?
5036,28,125025,127325,2300,2.3,SPEAKER_1,SPEAKER_0,True,2.02,2.58,16,20,5,5,0.97,0.941,0.9968,False,True,화나는 일이 많은 것 같아요.,어머니가 우리 친구를 어떻게 대하셔?
5036,51,221100,223400,2300,2.3,SPEAKER_0,SPEAKER_1,True,2.18,2.1,18,16,5,5,0.9248,0.7,0.9601999999999999,True,False,되고 싶다고 느낀 직업이 없을까?,저는 아무것도 못할 것 같아요
5036,59,257945,260245,2300,2.3,SPEAKER_0,SPEAKER_0,False,4.34,0.5,33,3,9,1,0.9568888888888889,0.877,0.718,True,False,빨래가 안되어 있어서 더럽거나 냄새나는 옷을 입은 적 있어?,없어요
5058,50,184600,186900,2300,2.3,SPEAKER_1,SPEAKER_0,True,0.98,2.34,8,21,2,7,0.976,0.956,0.945,False,True,매일 고민해요.,요즘 행복한 거 같아 불행한 거 같아?
5058,58,213810,216110,2300,2.3,SPEAKER_1,SPEAKER_0,True,1.94,7.905,22,57,6,16,0.9503333333333334,0.833,0.9786875,False,True,제가 게임 유튜브 보는 걸 좋아하거든요.,평소에 나를 돌봐주는 어른은 누구야? 엄마랑 아빠요. 배가 고픈데 집에 먹을 게 없어서 굶은 적 있어?
5058,101,396875,399175,2300,2.3,SPEAKER_1,SPEAKER_0,True,0.9,1.86,9,15,3,6,0.994,0.994,0.9975,False,True,그런 적 없어요.,요즘 잘 때 무슨 꿈을 꿔?
5069,37,182945,185245,2300,2.3,SPEAKER_0,SPEAKER_1,True,1.78,2.1,12,17,4,6,0.96775,0.995,0.9768333333333333,True,False,주로 몇 명에서 놀아?,제일 친한 친구 한 명 있어요.
5069,39,188870,191170,2300,2.3,SPEAKER_0,SPEAKER_0,False,0.98,0.5,7,6,2,1,0.72,0.995,0.878,False,True,담임 선생님은,좋아하시러?
0002,41,173410,175709,2299,2.299,SPEAKER_1,SPEAKER_0,True,1.54,3.141,12,26,3,7,0.9653333333333334,0.897,0.9895714285714285,False,True,평소에는 잘 챙겨줘요.,인터넷이나 핸드폰은 하루에 몇 시간 정도 해요?
0002,54,254026,256325,2299,2.299,SPEAKER_0,SPEAKER_1,True,3.381,1.781,31,16,9,4,0.9953333333333333,0.997,0.9895,True,False,누가 소중한 부위를 만지거나 보여 달라고 한 적 있어요?,아니요. 그런 적은 없었어요.
0005,66,320620,322919,2299,2.299,SPEAKER_0,SPEAKER_1,True,4.021,3.541,37,28,10,7,0.9578,0.974,0.9235714285714286,True,False,어디 아픈 곳이 있는데 어른들이 병원에 데려가지 않은 적이 있나요?,아니요 아프다고 하면 할아버지가 같이 병원 가줘요.
0005,73,362926,365225,2299,2.299,SPEAKER_1,SPEAKER_0,True,3.301,4.66,19,37,5,10,0.924,0.811,0.8948,False,False,할아버지가 조금 잔소리 하긴 해요.,어른들이 학부모 상담이나 참관 수업 같은 참여해야 하는 학교 행사에
0006,111,514620,516919,2299,2.299,SPEAKER_0,SPEAKER_1,True,4.5,0.501,36,4,9,1,0.9913333333333333,0.998,0.964,True,False,원하지 않는데도 누군가 몸을 만지거나 보여달라고 한 적이 있나요?,아니요.
0184,11,45136,47435,2299,2.299,SPEAKER_1,SPEAKER_0,True,1.221,1.861,13,15,4,5,0.99275,1.0,0.9744,False,True,학교 올 때가 즐거워요.,어떤 점이 즐거운 것 같아?
0216,61,292526,294825,2299,2.299,SPEAKER_0,SPEAKER_0,False,0.821,3.46,7,30,2,9,0.6975,0.985,0.9744444444444444,False,True,아니 없어요.,주위 어른들 중에 나를 때린 적이 있는 사람이 있을까?
0379,93,541595,543894,2299,2.299,SPEAKER_0,SPEAKER_1,True,3.941,0.501,28,4,9,1,0.9887777777777778,0.981,0.885,True,False,누가 내 몸을 사진 찍거나 동영상을 찍은 적 있어?,아니요.
1136,4,25015,27314,2299,2.299,SPEAKER_0,SPEAKER_1,True,3.06,2.261,24,17,6,4,0.925,0.951,0.736,True,False,요즘 좋아하거나 재밌다고 생각하는 거 있어?,퍼즐이나 스토커 보는거 좋아해요
1136,20,114116,116415,2299,2.299,SPEAKER_0,SPEAKER_1,True,2.261,1.701,19,9,6,2,0.9201666666666667,0.994,0.948,True,False,그런 아빠를 보면 내 기분이 어때?,불편하고 어색해요
1136,30,164395,166694,2299,2.299,SPEAKER_0,SPEAKER_1,True,2.66,2.021,23,15,6,4,0.9618333333333333,0.802,0.9319999999999999,True,False,평소에 친하게 지내는 친구들이 몇 명이야?,친구 두명이랑 친하게 지내요
1136,100,558655,560954,2299,2.299,SPEAKER_0,SPEAKER_1,True,3.54,0.901,31,8,9,2,0.953,0.958,0.7745,True,False,말 안하고서 오랫동안 집 밖으로 나와 있었던 적이 있어?,아니요 없어요.
1354,27,116430,118729,2299,2.299,SPEAKER_1,SPEAKER_0,True,0.9,1.461,7,9,2,2,0.709,0.594,0.8115,False,True,저도 좋아요.,형제자매가 있어?
1354,36,153360,155659,2299,2.299,SPEAKER_1,SPEAKER_0,True,3.46,2.261,32,20,10,5,0.9527,0.903,0.9448,False,True,사실 엄마한테 나 안 한 게 있는데 할지 말지 고민이에요.,그런 걱정 때문에 일상생활이 힘들어?
1786,49,243261,245560,2299,2.299,SPEAKER_0,SPEAKER_0,False,2.421,1.061,21,10,6,3,0.9396666666666667,0.929,0.9756666666666667,True,False,요즘 행복한 것 같나요 그렇지 않나요?,별로 안 행복해요.
1786,97,512000,514299,2299,2.299,SPEAKER_0,SPEAKER_0,False,1.94,2.501,18,27,6,9,0.9941666666666666,0.996,0.9734444444444444,True,False,잠잘 때 주로 어떤 꿈을 꾸나요?,꿈은 잘 안 꾸는 것 같아요. 기억이 안 나네요.
2560,19,104000,106299,2299,2.299,SPEAKER_1,SPEAKER_0,True,2.535,2.341,17,20,5,5,0.8514,0.991,0.9964,False,True,괜찮은 거 같아요 평소에 잠들기,힘들거나 중간에 깨는 경우가 있어요?
2674,51,284836,287135,2299,2.299,SPEAKER_0,SPEAKER_1,True,3.701,3.06,27,24,7,7,0.9814285714285714,0.95,0.9628571428571429,True,False,걱정 때문에 생활이 좀 불편하거나 힘들진 않나요?,일주일에 세 번 이상 눈치 보이고 불편해요.
2674,92,526246,528545,2299,2.299,SPEAKER_1,SPEAKER_0,True,0.981,4.501,8,36,2,10,0.6165,0.552,0.9067,False,True,아니요 없어요.,집에서 어른들끼리 소리 지르면서 싸우는 걸 듣거나 본 적 있나요?
2674,93,533046,535345,2299,2.299,SPEAKER_0,SPEAKER_1,True,4.501,0.501,36,4,10,1,0.9067,0.979,0.701,True,False,집에서 어른들끼리 소리 지르면서 싸우는 걸 듣거나 본 적 있나요?,아니요.
2677,105,552651,554950,2299,2.299,SPEAKER_1,SPEAKER_0,True,1.461,2.581,14,20,4,6,0.902,0.996,0.9766666666666667,False,True,"아니요, 그런 적 없어요.",친한 친구 중에 가출한 친구가 있어?
3242,14,84631,86930,2299,2.299,SPEAKER_0,SPEAKER_1,True,3.301,1.94,34,16,10,5,0.9435,0.997,0.9312,True,False,뒤부터요. 최근 일주일 동안 짜증이 나 화가 난 적이 있나요?,네. 화가 정말 많이 났어요.
3696,38,157651,159950,2299,2.299,SPEAKER_1,SPEAKER_1,False,2.261,1.62,21,15,6,4,0.9964999999999999,0.989,0.99525,False,True,요즘 어떤 친구의 마음을 잘 몰라서요.,어떤 점에서 걱정이 되나요?
3696,55,230405,232704,2299,2.299,SPEAKER_0,SPEAKER_1,True,4.181,4.656,34,44,10,11,0.9833,0.997,0.8987272727272727,True,False,배가 고픈데 먹을 게 없어서 굶은 적이 있나요? 왜 그랬나요?,있어요. 밥솥에 밥도 없는데 엄마가더니 이제 아기 아니니까 알아서 해 먹으래요.
3696,104,472403,474702,2299,2.299,SPEAKER_0,SPEAKER_1,True,2.341,2.421,20,23,6,7,0.997,0.999,0.9578571428571429,True,False,친한 친구 중 가출한 친구가 있나요?,아니요. 제 친구들 한 명도 안 그랬어요.
3821,45,251436,253735,2299,2.299,SPEAKER_0,SPEAKER_1,True,1.701,4.82,15,39,4,9,0.9175,0.87,0.9955555555555555,True,False,선생님은 어떤 점이 좋아요?,우리한테 관심이 많아서요. 우리 아빠도 선생님 같은 사람이면 좋겠어요.
5069,3,22315,24614,2299,2.299,SPEAKER_0,SPEAKER_1,True,1.7,1.141,15,9,5,2,0.8546,0.995,0.9815,True,False,친구는 뭐 할 때가 즐거워?,즐겁지가 않아요.
5069,34,170050,172349,2299,2.299,SPEAKER_0,SPEAKER_0,False,0.5,2.101,4,17,1,4,0.845,0.845,0.9312499999999999,False,True,없어요.,친구들이랑은 주로 뭐하고 놀아?
5069,70,376861,379160,2299,2.299,SPEAKER_0,SPEAKER_0,False,3.061,0.5,27,4,8,1,0.97175,0.982,0.908,True,False,주변 어른들 때문에 기분이 안 좋아진 적이 있어?,엄마요.
2315,89,455420,457715,2295,2.295,SPEAKER_0,SPEAKER_0,False,1.86,2.021,17,20,5,6,0.9684,0.991,0.9421666666666667,True,False,어떨 때 복잡한 마음이 드나요?,마음이 복잡할 때는 없는 것 같아요.
3891,62,371315,373610,2295,2.295,SPEAKER_1,SPEAKER_0,True,4.021,3.941,37,39,10,11,0.9387,0.998,0.973909090909091,False,True,"네, 열나고 그래서 병원 가고 싶다고 말해도 약만 먹으라고 했어요.",빨래가 되어 있지 않아서 더럽고 냄새나는 옷을 입어야 한 적이 있나요?
0005,56,274340,276625,2285,2.285,SPEAKER_0,SPEAKER_1,True,1.54,2.74,13,24,4,5,0.9702500000000001,0.988,0.9868,True,False,왜 의사가 되고 싶어요?,할아버지가 의사가 되었으면 좋겠다고 해서요.
0004,38,165325,167600,2275,2.275,SPEAKER_0,SPEAKER_1,True,2.101,1.86,17,13,4,4,0.919,0.694,0.88975,True,False,친구들이랑 주로 뭐 하오노라요?,같이 모바일 게임 해요.
3706,69,314355,316630,2275,2.275,SPEAKER_0,SPEAKER_1,True,3.94,2.581,36,24,10,7,0.8894,0.995,0.9065714285714286,True,False,내 주위 어른들이나 선생님 때문에 기분이 안 좋아진 적이 있나요?,네. 시설 선생님 때문에 기분이 안 좋아요.
3242,20,121290,123564,2274,2.274,SPEAKER_0,SPEAKER_1,True,3.94,3.781,31,29,9,7,0.9984444444444445,0.999,0.9945714285714286,True,False,평소 짜증이나 화가 났을 때 어떻게 하면 마음이 풀려요?,맛있는 과자를 먹거나 친구들이랑 수다를 떨면 풀려요.
0184,96,461430,463695,2265,2.265,SPEAKER_0,SPEAKER_1,True,2.66,0.5,19,4,6,1,0.9875,0.984,0.999,True,False,주위 어른들 중 때린 사람이 있어?,없어요.
3696,15,62290,64555,2265,2.265,SPEAKER_1,SPEAKER_0,True,2.9,1.86,27,18,7,6,0.9994285714285714,0.999,0.9893333333333333,False,True,게임을 하거나 매운 떡볶이 먹으면 기분이 풀려요.,몇 시에 자고 몇 시에 일어나요?
3891,96,572055,574320,2265,2.265,SPEAKER_1,SPEAKER_0,True,1.541,4.26,14,43,4,11,0.98175,0.997,0.9420909090909091,False,True,아니요 그런 적은 없어요.,어른이 아닌 주변 사람들이 나를 자주 놀리거나 괴롭힌다고 느낀 적이 있었어요?
0005,62,301590,303854,2264,2.264,SPEAKER_0,SPEAKER_1,True,2.98,2.101,26,19,8,6,0.956125,0.996,0.9279999999999999,True,False,배가 고픈데 먹을 게 없어서 굶은 적이 있나요?,아니요 굶은 적은 없는 것 같아요.
0184,70,330165,332420,2255,2.255,SPEAKER_0,SPEAKER_1,True,2.82,0.74,27,6,10,2,0.9856,0.974,0.996,True,False,일 에서 오 사이에 몇 점 정도 행복한 것 같아?,사 점이요.
3706,92,459250,461505,2255,2.255,SPEAKER_0,SPEAKER_1,True,4.741,0.5,41,2,10,1,0.961,0.999,0.346,True,False,어른이 아닌 주변사람들이 나를 자주 놀리거나 괴롭힌다고 느낀 적이 있나요?,어떨
0002,55,258106,260360,2254,2.254,SPEAKER_1,SPEAKER_0,True,1.781,3.78,16,35,4,10,0.9895,1.0,0.9982,False,True,아니요. 그런 적은 없었어요.,집에서 어른들이 소리 지르면서 싸우는 걸 듣거나 본 적 있어요?
0005,90,460651,462905,2254,2.254,SPEAKER_0,SPEAKER_0,False,1.781,4.1,18,34,7,7,0.9758571428571429,0.955,0.9831428571428571,False,True,그런 거 한 적 한 번도 없어요.,내가 싫다는데도 계속해서 연락하거나 따라다니는 사람이 있나요?
0184,19,81476,83730,2254,2.254,SPEAKER_1,SPEAKER_0,True,2.581,2.26,21,21,4,7,0.9359999999999999,0.926,0.9741428571428571,False,True,엄마한테 말하거나 친구들이랑 축구해요.,평소에 몇 시에 자고 몇 시에 일어나?
3696,61,270931,273185,2254,2.254,SPEAKER_1,SPEAKER_0,True,0.501,3.3,4,42,1,10,0.814,0.814,0.894,False,True,아니요.,아니요. 인터넷이나 휴대폰을 가지고 노는 시간은 하루에 몇 시간 정도인가요?
0004,77,383815,386060,2245,2.245,SPEAKER_0,SPEAKER_1,True,4.741,4.26,37,40,11,13,0.9982727272727273,0.999,0.9221538461538461,True,False,안 좋은 기억 때문에 괴로워서 죽고 싶다는 생각을 한 적이 있어요?,그런 적은 없고 너무 스트레스 받을 때 벽에 머리를 박는 거 같아요 잠잘
0184,74,345320,347565,2245,2.245,SPEAKER_0,SPEAKER_1,True,2.1,1.86,17,14,5,4,0.9994,1.0,0.957,True,False,나중에 어떤 사람이 되고 싶어?,저 축구선수 되고 싶어요.
1136,10,58105,60350,2245,2.245,SPEAKER_0,SPEAKER_1,True,2.5,3.14,21,26,7,9,0.9349999999999999,0.97,0.9596666666666667,True,False,평소에 몇 시에 자고 몇 시쯤 일어나?,밤 열 시에 일찍 자고 아침 일곱 시에 일어나요
3242,111,644450,646695,2245,2.245,SPEAKER_0,SPEAKER_1,True,4.181,0.5,36,4,10,1,0.9949,0.998,0.976,True,False,생각하고 싶지 않은데도 자꾸 안 좋은 기억이 떠오른 적이 있나요?,아니요.
5036,29,129905,132150,2245,2.245,SPEAKER_0,SPEAKER_1,True,2.58,2.02,20,15,5,4,0.9968,0.994,0.99175,True,False,어머니가 우리 친구를 어떻게 대하셔?,맨날 화내서 무섭고 그래요.
5069,51,256091,258335,2244,2.244,SPEAKER_0,SPEAKER_1,True,1.701,2.261,14,22,4,5,0.99975,1.0,0.9912,True,True,어떤 점에서 그렇게 느껴?,집이 더럽고 그런데 어떻게 행복하겠어요?
0005,67,326460,328695,2235,2.235,SPEAKER_1,SPEAKER_0,True,3.541,5.86,28,52,7,15,0.9235714285714286,0.879,0.9617333333333333,False,True,아니요 아프다고 하면 할아버지가 같이 병원 가줘요.,더럽고 냄새나는 옷을 입어야 한 적이 있거나 작은 옷이나 신발을 입거나 신고 다닌 적 있나요?
0379,117,693005,695240,2235,2.235,SPEAKER_0,SPEAKER_1,True,2.981,2.9,20,19,6,5,0.9765,0.999,0.9702,True,False,꿈을 꾸고 일어나면 몸 상태는 어때?,피곤하고 식은땀이 날 때가 많아요.
1786,73,369545,371780,2235,2.235,SPEAKER_0,SPEAKER_0,False,2.98,3.38,29,25,8,7,0.966,0.992,0.9661428571428571,True,False,엄마의 어떤 말이나 행동이 내 기분을 상하게 하나요?,엄마가 제가 뭘 잘못하면 무섭게 욕을 해서요.
2560,21,114480,116715,2235,2.235,SPEAKER_1,SPEAKER_0,True,2.98,1.7,26,16,7,4,0.9934285714285714,0.994,0.9510000000000001,False,False,그렇지는 않은데 핸드폰 하다가 가끔 늦게 자요.,평소 아버지는 어떤 표정이에요
2637,86,392190,394425,2235,2.235,SPEAKER_1,SPEAKER_0,True,1.22,4.98,10,34,3,7,0.8833333333333333,0.657,0.9828571428571429,False,True,그런 적도 없어요.,친구가 싫다는데도 계속해서 연락하거나 따라다니는 사람이 있어?
2677,25,135595,137830,2235,2.235,SPEAKER_0,SPEAKER_1,True,1.54,4.58,11,35,3,9,0.9286666666666666,0.936,0.9511111111111111,True,False,아빠랑 사이는 어때?,제가 아빠를 그렇게 좋아하지는 않아서 사이는 그닥 좋진 않아요.
3242,98,574385,576620,2235,2.235,SPEAKER_1,SPEAKER_0,True,0.9,4.9,8,42,2,11,0.7505,0.733,0.9504545454545454,False,True,아니요 없어요.,지내는 곳에서 어른들끼리 소리를 지르면서 싸우는 걸 듣거나 본 적이 있나요?
3706,14,61470,63705,2235,2.235,SPEAKER_0,SPEAKER_0,False,1.381,3.7,13,36,4,10,0.93925,0.777,0.9494,True,False,왜 짜증 나고 화났어요?,밥을 빨리 먹으려고 해도 생각처럼 안 되어서 짜증 나고 화났어요.
3706,72,337625,339860,2235,2.235,SPEAKER_0,SPEAKER_0,False,10.581,6.02,90,54,23,15,0.9570869565217391,0.999,0.9773333333333333,False,False,제가 저녁밤을 늦게 먹는다고 친구들도 다 있는 앞에서 식판을 엎었어요. 그리고는 저한테 밥도 제대로 못 먹냐고 욕을 하고 휴지를 가져와서 닦으라고 소리 질렀어요.,내가 무엇을 하려고 하면 무조건 안된다고 하지 말라고 하거나 하기 싫은데도 무조건 하라고 할 때가
3706,80,378550,380785,2235,2.235,SPEAKER_1,SPEAKER_0,True,1.62,1.7,16,18,4,5,0.837,0.997,0.9511999999999999,False,False,네. 시설 선생님이 때렸어요.,시설 선생님이 나를 왜 때렸어요.
3891,66,395545,397780,2235,2.235,SPEAKER_1,SPEAKER_0,True,2.82,3.7,25,38,7,9,0.8624285714285714,0.998,0.9898888888888889,False,True,"네, 집에서 입는 옷이니까 그냥 입을 했어요.",인터넷이나 휴대전화를 가지고 노는 시간은 하루에 몇 시간 정도인가요?
3891,94,560440,562675,2235,2.235,SPEAKER_1,SPEAKER_0,True,1.78,5.46,15,49,4,14,0.905,0.971,0.9963571428571428,False,True,아니요 그냥 한숨만 쉬세요.,삼촌이 술을 마시거나 마시고 난 뒤에 문제가 생겨서 경찰이 왔다거나 누가 온 적 있어요?
3891,100,596645,598880,2235,2.235,SPEAKER_0,SPEAKER_1,True,4.82,0.5,45,4,12,1,0.977,0.996,0.962,True,False,그런 이유 때문에 괴로워서 스스로를 해치거나 죽고 싶다는 생각을 한 적이 있나요?,아니요.
3891,103,609140,611375,2235,2.235,SPEAKER_1,SPEAKER_0,True,3.46,5.06,30,48,8,13,0.922625,0.657,0.9495384615384616,False,False,돌고래를 타고 바다를 헤엄쳐서 멀리 멀리 가는 꿈이오.,생각하고 싶지 않은데도 자꾸 안 좋았던 기억이 떠오른 적이 있나요 얼마나 자주 그런가요
5036,72,314785,317020,2235,2.235,SPEAKER_1,SPEAKER_0,True,0.901,3.54,7,28,2,8,0.9405,0.885,0.98975,False,True,엄마 때문에요,엄마의 어떤 말이나 행동 때문에 기분이 안 좋았어?
5194,96,694255,696490,2235,2.235,SPEAKER_0,SPEAKER_0,False,0.5,0.501,4,3,1,1,0.977,0.977,0.992,False,False,아니요.,성적인
0184,29,121991,124225,2234,2.234,SPEAKER_1,SPEAKER_0,True,1.061,2.58,8,22,2,7,0.9855,0.973,0.9598571428571429,False,True,자주 웃어줘요.,어떨 때 그런 표정을 지으시는 거 같아?
1786,13,61610,63844,2234,2.234,SPEAKER_0,SPEAKER_0,False,3.38,10.821,35,74,9,22,0.9765555555555555,0.876,0.9863636363636363,False,True,피아노 학원 선생님이 제가 피아노 연습을 안 했다고 의심해서요.,친구의 기분을 상하게 하는 일이 자주 있나요? 가끔이요 한 달에 한 번 정도 있어요 그렇게 짜증이나 화가 날 때 어떻게 하면 풀려요?
3821,103,651405,653639,2234,2.234,SPEAKER_0,SPEAKER_1,True,3.14,0.901,27,6,8,3,0.9865,1.0,0.9583333333333334,True,False,"잠잘 때 주로 어떤 꿈을 꾸나요, 악몽을 꾸나요?",꿈 안 꿔요
0005,2,13460,15685,2225,2.225,SPEAKER_0,SPEAKER_1,True,1.781,0.501,15,4,4,1,0.99275,0.999,0.54,True,False,최근에 다쳤던 적이 있나요?,아니요.
0184,45,205380,207605,2225,2.225,SPEAKER_1,SPEAKER_1,False,1.22,1.06,10,7,3,2,0.991,0.998,0.9650000000000001,False,True,여동생 한 명이요.,사인은 어때?
0379,74,437025,439250,2225,2.225,SPEAKER_0,SPEAKER_1,True,3.46,4.26,27,30,7,7,0.9894285714285714,0.984,0.9282857142857143,True,False,부모님이나 선생님 때문에 슬프거나 화난 적 있어?,아니요. 서로 관심이 없어서 슬프거나 그렇지도 않아요.
2677,33,174860,177085,2225,2.225,SPEAKER_0,SPEAKER_1,True,2.1,2.42,15,19,4,5,0.97275,1.0,0.9184,False,False,친구들이랑 주로 뭐하고 놀아,노래방 가거나 앉아서 수다 떨어요.
0002,9,32150,34370,2220,2.22,SPEAKER_1,SPEAKER_0,True,1.46,3.46,14,29,4,8,0.93375,0.999,0.9955,False,True,아니요. 그런 적 없어요.,그럼 짜증이나 화가 나면 어떻게 하면 마음이 풀려요?
0002,19,79995,82215,2220,2.22,SPEAKER_1,SPEAKER_0,True,3.14,2.58,21,21,5,5,0.9984,0.996,0.9992,False,True,어때요? 슬프기도 하고 무섭기도 해요.,남동생이 있다고 했는데 사이가 어때요?
0002,31,133625,135845,2220,2.22,SPEAKER_1,SPEAKER_0,True,3.78,1.54,22,10,6,2,0.9626666666666667,0.998,0.9665,False,True,저랑 동생 그만 때렸으면 좋겠어요. 요즘,행복하다고 느껴요?
0002,47,204330,206550,2220,2.22,SPEAKER_1,SPEAKER_0,True,2.1,2.42,15,19,4,5,0.996,0.984,0.9956,False,True,저랑 동생을 계속 때려서요.,평소에 아빠가 얼마나 자주 때려요?
0002,49,217745,219965,2220,2.22,SPEAKER_1,SPEAKER_0,True,6.315,3.66,44,22,14,5,0.9779285714285715,1.0,0.9988,False,True,발에 세 번 정도는 그래요. 눈에 보이는 걸 막 던지고 아무 곳이나 막 때려요.,아빠가 때리시는 이유가 뭐라고 생각해요?
0004,36,157165,159385,2220,2.22,SPEAKER_0,SPEAKER_1,True,1.14,0.5,10,4,2,1,0.8805000000000001,0.997,0.975,True,False,형제자매가 있어요?,없어요.
0004,40,172980,175200,2220,2.22,SPEAKER_0,SPEAKER_1,True,1.62,1.78,13,14,4,5,0.9904999999999999,0.99,0.9726,True,False,주로 몇 명이서 놀아요?,친한 친구 두 명 있어요.
0004,46,199250,201470,2220,2.22,SPEAKER_0,SPEAKER_1,True,2.98,9.375,18,58,5,16,0.996,0.995,0.9831875,True,False,요즘 가장 큰 걱정거리가 뭐예요?,새 아빠요. 성적이 잘 나오지 않았다고 저를 때리고 발로 차서 공부도 하기 싫고 무서워요. 매일매일 너무
0004,67,321565,323785,2220,2.22,SPEAKER_0,SPEAKER_1,True,2.66,5.701,16,41,4,10,0.999,0.999,0.9759,True,False,어느 부위를 무엇으로 때려요?,일주일 전에는 커다란 플라스틱 칼로 머리랑 발을 때려서 이마가 찢어졌어요.
0005,6,28280,30500,2220,2.22,SPEAKER_0,SPEAKER_1,True,1.22,8.34,11,61,3,14,0.9616666666666667,0.996,0.9816428571428572,True,False,어떤 점이 즐거워요?,제가 물고기를 엄청 좋아해서 영상을 많이 보거든요. 종류가 다양해서 종류별로 하나씩 살펴보면 엄청 흥미로워요.
0005,57,279365,281585,2220,2.22,SPEAKER_1,SPEAKER_0,True,2.74,1.7,24,16,5,5,0.9868,0.993,0.9832,False,True,할아버지가 의사가 되었으면 좋겠다고 해서요.,친구가 하고 싶은 건 없나요?
0005,58,283285,285505,2220,2.22,SPEAKER_0,SPEAKER_1,True,1.7,1.46,16,12,5,4,0.9832,0.995,0.99575,True,False,친구가 하고 싶은 건 없나요?,딱히 없는 것 같아요.
0005,92,470285,472505,2220,2.22,SPEAKER_1,SPEAKER_0,True,0.9,4.875,8,42,2,11,0.767,0.871,0.9413636363636364,False,False,아니요 없어요.,집에서 어른들끼리 소리 지르면서 싸우는 걸 듣거나 본 적이 있나요? 아니요.
0005,99,506730,508950,2220,2.22,SPEAKER_0,SPEAKER_2,True,2.1,2.9,20,24,5,7,0.9868,0.954,0.9478571428571428,True,False,어떨 때 마음이 복잡하거나 힘든가요?,할아버지 몸이 안 좋거나 동생이 아플 때요.
0006,4,18425,20645,2220,2.22,SPEAKER_0,SPEAKER_1,True,1.62,4.02,15,30,4,9,0.99975,1.0,0.9553333333333334,True,False,병원에 갈 정도로 다쳤나요?,병원은 안 갔는데 멍 들고 피가 나서 연고를 발랐어요.
0006,34,156385,158605,2220,2.22,SPEAKER_0,SPEAKER_1,True,1.7,0.5,12,4,3,1,0.9983333333333333,0.999,0.973,True,False,형제나 자매가 있나요?,아니요.
0006,74,331310,333530,2220,2.22,SPEAKER_1,SPEAKER_1,False,1.94,2.58,14,23,5,7,0.9026,1.0,0.996,False,True,삼 번 정도인 거 같아요.,빨래가 되지 않은 옷을 입은 적이 있나요?
0006,88,397915,400135,2220,2.22,SPEAKER_0,SPEAKER_1,True,2.34,0.5,23,4,7,1,0.9932857142857143,0.999,0.919,True,False,어디에 가두고 못 나오게 한 적이 있나요?,아니요.
0006,117,539570,541790,2220,2.22,SPEAKER_0,SPEAKER_1,True,1.46,2.58,12,21,3,5,0.9963333333333333,1.0,0.999,True,False,누가 어떻게 싸웠나요?,엄마랑 아빠가 소리 지르면서 싸웠어요.
0184,15,61870,64090,2220,2.22,SPEAKER_1,SPEAKER_0,True,1.62,2.02,14,17,5,6,0.9908,0.999,0.9506666666666667,False,True,"네, 짜증 난 적 있어요.",뭣 때문에 짜증이 난 거 같아?
0184,17,71555,73775,2220,2.22,SPEAKER_1,SPEAKER_0,True,3.06,2.341,25,17,7,5,0.9574285714285714,0.987,0.9944,False,True,어제 넘어졌을 때 친구가 눌려서 짜증 났어요.,평소에 짜증이 나면 어떻게 해?
0184,58,269675,271895,2220,2.22,SPEAKER_0,SPEAKER_1,True,1.62,3.46,14,30,5,7,0.9736,0.998,0.9631428571428572,True,False,어떤 점이 좋은 것 같아?,담임 선생님이 체육 선생님이라서 축구 자주 시켜줘서요.
0184,112,549635,551855,2220,2.22,SPEAKER_1,SPEAKER_0,True,0.5,5.14,4,41,1,12,0.986,0.986,0.9881666666666666,False,True,아니요.,부모님 허락 없이 또는 말도 없이 집에서 오랫동안 나와 있었던 적이 있어?
0216,5,23795,26015,2220,2.22,SPEAKER_0,SPEAKER_0,False,1.62,1.62,14,14,4,3,0.99025,0.995,0.926,False,True,지금은 즐거울 수 없어요.,언제부터 즐겁지 않았을까?
0216,19,92070,94290,2220,2.22,SPEAKER_1,SPEAKER_0,True,2.661,2.34,24,20,7,7,0.9818571428571429,0.998,0.9858571428571429,False,True,아빠는 항상 기분 좋은 미소를 짓고 계세요.,왜 그런 표정을 하고 있는 것 같아?
1112,28,175130,177350,2220,2.22,SPEAKER_1,SPEAKER_0,True,9.035,1.7,60,13,16,4,0.9733125,0.955,0.99225,False,True,아빠가 저한테 기대감이 큰데 제가 그 기대감에 충족하지 못하는 경우가 많거든요. 특히 시험 성적 같은 거요.,그럼 내 기분은 어때요?
1112,39,256110,258330,2220,2.22,SPEAKER_1,SPEAKER_0,True,7.38,3.141,47,23,10,6,0.979,0.998,0.9565,False,True,서먹서먹해요. 언니가 공부하느라 바쁘기도 하고 예전부터 경쟁하는 관계였던 것 같아요.,부모님이 언니랑 나를 차별하는 것 같아요?
1112,110,766125,768345,2220,2.22,SPEAKER_1,SPEAKER_0,True,1.861,2.34,14,18,4,6,0.8162499999999999,0.984,0.9843333333333333,False,True,아니요 그런 적은 없어요.,잠잘 때 주로 어떤 꿈을 꾸나요?
1136,1,9620,11840,2220,2.22,SPEAKER_1,SPEAKER_0,True,1.701,2.58,13,20,4,6,0.7625,0.918,0.9848333333333333,False,True,아니요 아픈 것 없어요.,최근에 다치거나 멍이 든 적이 있니?
1136,6,34050,36270,2220,2.22,SPEAKER_0,SPEAKER_1,True,1.78,2.74,13,21,4,6,0.8612500000000001,0.997,0.9518333333333333,True,False,퍼즐의 어떤 점이 좋아?,오래 고민하면 답이 보이는 점이 좋아요
1136,22,124250,126470,2220,2.22,SPEAKER_0,SPEAKER_0,False,2.34,1.78,18,16,5,4,0.9948,0.999,0.98125,True,False,엄마는 평소에 어떤 표정을 지어?,엄마는 저한테 많이 웃어줘요.
1136,24,134525,136745,2220,2.22,SPEAKER_0,SPEAKER_1,True,2.581,1.86,21,14,7,4,0.9624285714285714,0.88,0.915,True,False,엄마는 왜 웃는 표정을 짓는 것 같아?,엄마는 제가 예쁘고 좋대요
1136,60,330615,332835,2220,2.22,SPEAKER_1,SPEAKER_0,True,0.981,3.78,7,30,2,10,0.705,0.971,0.8519,False,True,아니요 옷이나,신발이 안 맞도록 작은 걸 입거나 신어 본 적이 있어?
2315,38,182225,184445,2220,2.22,SPEAKER_0,SPEAKER_0,False,0.5,3.14,3,21,1,5,0.942,0.942,0.9286,False,True,아니요,없어요. 친구들과 주로 뭐하고 놀아요?
2315,79,391080,393300,2220,2.22,SPEAKER_0,SPEAKER_0,False,2.661,3.3,16,30,5,8,0.9506,0.838,0.947375,True,False,그럼 혼날 땐 어떻게 혼나요?,잘못한 점에 대해서 말해주시고 고칠 수 있게 해주세요.
2315,95,486345,488565,2220,2.22,SPEAKER_0,SPEAKER_0,False,3.54,0.5,31,3,8,1,0.966625,0.895,0.603,True,False,생각하기 싫은데도 자꾸 나쁜 기억이 떠오른 적이 있나요?,아니요
2637,1,6740,8960,2220,2.22,SPEAKER_1,SPEAKER_0,True,1.62,1.86,8,13,2,4,0.912,0.928,0.9935,False,True,아니요 없어요.,최근에 다친 적은 있어?
2674,29,161020,163240,2220,2.22,SPEAKER_1,SPEAKER_1,False,5.545,0.5,44,4,11,1,0.9939090909090909,0.998,0.952,False,False,원래 엄청 엄하시고 보수적인 사람이라서 그래요. 그래서 제가 별로 안 좋아하기도,하고요.
2674,39,217870,220090,2220,2.22,SPEAKER_1,SPEAKER_1,False,2.181,4.9,17,34,4,8,0.965,0.992,0.99525,True,False,친구들이랑 주로 뭐하고 놀아요?,친구들이랑 주로 운동해요. 축구도 하고 태권도도 같이 다녀요.
2674,58,323940,326160,2220,2.22,SPEAKER_1,SPEAKER_0,True,2.82,2.26,23,18,6,5,0.9953333333333333,0.997,0.996,False,True,저는 나중에 태권도 사범님이 되고 싶어요.,왜 태권도 사범님이 되고 싶어요?
2674,84,481600,483820,2220,2.22,SPEAKER_1,SPEAKER_0,True,0.5,3.38,4,30,1,8,0.946,0.946,0.93925,False,True,아니요.,주로 혼날 땐 어떻게 얻나요? 누구한테 그렇게 혼나요?
2674,85,487200,489420,2220,2.22,SPEAKER_0,SPEAKER_1,True,3.38,2.98,30,22,8,5,0.93925,0.731,0.946,True,False,주로 혼날 땐 어떻게 얻나요? 누구한테 그렇게 혼나요?,할아버지가 잔소리하는 데 때리진 않아요.
2674,101,579155,581375,2220,2.22,SPEAKER_0,SPEAKER_1,True,4.821,2.1,40,20,11,6,0.9715454545454545,0.973,0.9391666666666667,True,False,그것 때문에 괴로워서 스스로 해치거나 죽고 싶다는 생각을 한 적 있나요?,"아니요, 그런 적은 한 번도 없어요."
2677,9,47955,50175,2220,2.22,SPEAKER_0,SPEAKER_1,True,3.22,4.9,26,38,9,11,0.9254444444444444,0.987,0.9714545454545455,True,False,최근 일주일 동안 짜증이 나 화가 난 적 있어?,네. 제가 자꾸 수학 문제 풀면서 어이없는 실수를 해서 짜증 났어요.
2677,23,126955,129175,2220,2.22,SPEAKER_0,SPEAKER_1,True,2.5,2.5,22,22,6,6,0.9806666666666667,0.925,0.9695,True,False,아빠가 그런 표정을 지으면 기분이 어때?,저도 같이 우울해지는 것 같고 불안해요.
2677,45,230035,232255,2220,2.22,SPEAKER_0,SPEAKER_1,True,2.66,1.14,22,10,7,3,0.917,0.984,0.9423333333333334,True,False,요즘 행복한 것 같아? 불행한 것 같아?,불행한 것 같아요.
2677,50,255595,257815,2220,2.22,SPEAKER_1,SPEAKER_0,True,0.981,1.62,7,14,2,4,0.989,0.979,0.96075,False,True,꿈이 없어요.,해보고 싶은 일은 없을까?
2677,57,288105,290325,2220,2.22,SPEAKER_0,SPEAKER_1,True,3.7,1.7,32,14,9,4,0.9524444444444444,0.981,0.8947499999999999,True,False,저녁에 친구를 집에 혼자 두고 어른들이 나갔던 적 있을까?,아니요 그런 적은 없어요.
2677,88,462140,464360,2220,2.22,SPEAKER_0,SPEAKER_1,True,4.02,0.5,31,4,9,1,0.9712222222222222,0.93,0.921,True,False,가족들끼리 소리 지르면서 싸우는 걸 듣거나 본 적 있어?,아니요.
2677,91,471805,474025,2220,2.22,SPEAKER_1,SPEAKER_0,True,0.5,4.02,4,32,1,8,0.746,0.746,0.9495,False,True,아니요.,친구들이 나를 자주 놀리거나 괴롭힌다고 느낀 적이 있을까?
3242,4,22035,24255,2220,2.22,SPEAKER_1,SPEAKER_1,False,1.3,1.62,12,13,3,3,0.9903333333333333,0.992,0.9536666666666667,True,False,어디를 언제 다쳤어요?,엊그제 얼굴을 다쳤어요.
3242,12,72855,75075,2220,2.22,SPEAKER_0,SPEAKER_1,True,2.34,2.9,19,23,4,6,0.9835,0.949,0.993,True,False,언제부터 즐겁지 못하다고 느꼈어요?,엊그제 선생님이 저를 다치게 한 뒤부터요.
3242,37,218960,221180,2220,2.22,SPEAKER_0,SPEAKER_1,True,2.34,7.54,18,56,4,15,0.97125,0.997,0.9492,True,False,친구들이랑은 주로 뭐하고 놀아요?,원래 막 뛰어다니면서 잘 놀았는데 지금은 제가 뛰면 얼굴도 아파져서 그냥 앉아서 쓰다듬 떨고 놀아요.
3242,73,429895,432115,2220,2.22,SPEAKER_1,SPEAKER_1,False,4.66,5.38,37,41,10,12,0.993,1.0,0.9979166666666667,True,False,시설 선생님이나 학교 선생님 때문에 기분이 안 좋아진 적이 있나요?,학교 선생님이 나를 때려서 그 뒤로는 그 선생님만 보면 기분이 안 좋아요.
3242,103,598445,600665,2220,2.22,SPEAKER_1,SPEAKER_1,False,2.34,6.185,20,46,5,9,0.9972,0.988,0.9767777777777777,True,False,어떨 때 마음이 복잡하거나 힘든가요?,담임선생님을 생각하거나 학교에서 만나면 마음이 힘들어요. 무서워서 조금 두근거려요.
3706,49,209140,211360,2220,2.22,SPEAKER_1,SPEAKER_0,True,0.5,1.46,5,13,1,3,0.866,0.866,0.991,False,True,불행해요.,왜 불행하다고 느끼나요?
3706,53,227935,230155,2220,2.22,SPEAKER_1,SPEAKER_0,True,2.38,1.7,12,16,4,5,0.9944999999999999,0.999,0.9972,False,True,하고 싶은 게 없어요.,하고 싶은 일이 아예 없어요?
3706,55,238450,240670,2220,2.22,SPEAKER_1,SPEAKER_0,True,4.58,4.74,40,41,10,10,0.9098,0.994,0.9862,False,True,네. 당장 없어요. 매일 멍하고 우울해서 장래희만 신경쓰고 싶지 않아요.,나를 주로 돌봐주는 어른은 누구인가요? 시설에 돌아갔을 때 항상 계시나요?
3706,57,249975,252195,2220,2.22,SPEAKER_1,SPEAKER_0,True,1.94,2.82,18,30,5,9,0.917,0.993,0.9556666666666667,False,False,"네, 시설 선생님이 항상 있어요.",배가 고픈데 먹을 게 없어서 굶은 적 있나요? 아니요.
3731,22,103735,105955,2220,2.22,SPEAKER_0,SPEAKER_0,False,5.14,2.82,32,23,9,6,0.9955555555555555,1.0,0.9986666666666667,False,True,아빠랑 사이가 어때? 별로 안 친하고 불편했던 것 같아요.,평상시에 센터 선생님은 어떤 표정을 지어?
3821,67,405685,407905,2220,2.22,SPEAKER_0,SPEAKER_1,True,4.5,6.896,37,59,10,17,0.9843,0.996,0.9848823529411764,True,False,어디 아픈 곳이 있는데 어른들이 병원에 데려가지 않은 적이 있나요?,아빠가 집에 잘 없으니까 동생들이나 제가 아플 때 병원에 데려가 줄 수 있는 사람이 없어요. 항상 그래요.
3891,101,599380,601600,2220,2.22,SPEAKER_1,SPEAKER_1,False,0.5,1.86,4,18,1,6,0.962,0.962,0.9878333333333333,False,True,아니요.,잠잘 때 주로 어떤 꿈을 꾸나요?
3891,102,603460,605680,2220,2.22,SPEAKER_1,SPEAKER_1,False,1.86,3.46,18,30,6,8,0.9878333333333333,0.982,0.922625,True,False,잠잘 때 주로 어떤 꿈을 꾸나요?,돌고래를 타고 바다를 헤엄쳐서 멀리 멀리 가는 꿈이오.
5036,30,134170,136390,2220,2.22,SPEAKER_1,SPEAKER_0,True,2.02,2.26,15,16,4,4,0.99175,0.978,0.96775,False,True,맨날 화내서 무섭고 그래요.,우리 친구는 형제자매가 있어?
5036,67,295810,298030,2220,2.22,SPEAKER_0,SPEAKER_0,False,3.46,0.5,28,5,8,1,0.986125,0.993,0.841,True,False,어머니나 선생님 때문에 기분이 안 좋아진 적 있어?,있었어요.
5036,88,405090,407310,2220,2.22,SPEAKER_0,SPEAKER_0,False,0.5,8.5,3,56,1,12,0.304,0.304,0.9565833333333333,False,True,아니요,인터넷이나 휴대폰으로 성적으로 친구의 신체부위를 사진이나 영상을 찍어 누구에게 보내거나 올린적 있어?
5036,97,461340,463560,2220,2.22,SPEAKER_0,SPEAKER_0,False,2.901,5.38,19,40,6,10,0.9126666666666666,0.729,0.9128000000000001,False,True,엄마가 화나서 같이 죽자고 할 때요,그런 상황 때문에 괴로워서 스스로 해치거나 죽고 싶다는 생각을 한적있어?
5058,44,161210,163430,2220,2.22,SPEAKER_1,SPEAKER_0,True,2.66,2.021,24,17,6,5,0.9753333333333334,0.996,0.9716,False,True,목소리가 너무 예뻐요. 노래하는 것 같아요.,요즘 제일 큰 고민거리가 뭐야?
5069,2,18395,20615,2220,2.22,SPEAKER_0,SPEAKER_0,False,0.5,1.7,4,15,1,5,0.629,0.629,0.8546,False,True,아니요.,친구는 뭐 할 때가 즐거워?
5069,11,56330,58550,2220,2.22,SPEAKER_0,SPEAKER_1,True,1.46,2.02,13,20,4,5,0.982,0.938,0.8732,True,False,그런 일이 자주 일어나?,네. 집도 더럽고 빨래도 산더미예요.
5069,71,379660,381880,2220,2.22,SPEAKER_0,SPEAKER_0,False,0.5,2.34,4,25,1,7,0.908,0.908,0.977,False,True,엄마요.,어떤 부분 때문에 친구의 기분이 안 좋아졌어?
0002,39,166386,168605,2219,2.219,SPEAKER_1,SPEAKER_0,True,4.661,1.38,29,12,8,3,0.953375,1.0,0.9973333333333333,False,True,그냥 돈도 좀 벌고 가족이랑 사이좋게 지내고 싶어요.,아빠가 잘 챙겨주나요?
0002,45,195306,197525,2219,2.219,SPEAKER_1,SPEAKER_0,True,2.261,2.34,14,19,4,5,0.999,0.999,0.9986,False,True,아빠가 화내면 좀 슬퍼요.,아빠의 어떤 말이나 행동이 슬퍼요?
0004,21,85601,87820,2219,2.219,SPEAKER_0,SPEAKER_1,True,2.501,0.741,20,7,6,2,0.999,0.998,0.9995,True,False,자고 일어나면 몸 상태가 좀 어때요?,그냥 그래요.
0005,33,154386,156605,2219,2.219,SPEAKER_0,SPEAKER_1,True,0.901,2.66,8,25,2,7,0.994,0.994,0.9468571428571428,True,False,사이가 어때요?,사이 좋아요. 제가 잘 챙겨 주는 편이라서요.
0006,10,44945,47164,2219,2.219,SPEAKER_0,SPEAKER_1,True,2.18,0.901,18,9,4,2,1.0,1.0,0.999,True,False,언제부터 즐겁지 않다고 느꼈나요?,작년 가을부터요.
0006,28,126665,128884,2219,2.219,SPEAKER_1,SPEAKER_1,False,2.66,3.301,19,20,5,6,0.9714,0.996,0.987,True,False,평소에 엄마 아빠의 표정은 어때요?,엄마는 화난 표정이고 아빠는 같이 안
0006,156,726115,728334,2219,2.219,SPEAKER_0,SPEAKER_1,True,5.221,0.501,42,4,12,1,0.9984166666666666,0.999,0.971,True,False,부모님 허락 없이 또는 말도 없이 집에서 오랫동안 나와 있었던 적이 있나요?,아니요.
0216,18,87190,89409,2219,2.219,SPEAKER_0,SPEAKER_1,True,4.915,2.661,27,24,8,7,0.92525,0.929,0.9818571428571429,True,False,평상시 아버지는 어떤 표정을 자주 짓는 것 같아?,아빠는 항상 기분 좋은 미소를 짓고 계세요.
1354,4,19756,21975,2219,2.219,SPEAKER_0,SPEAKER_1,True,2.981,2.02,24,25,7,9,0.9872857142857143,1.0,0.8132222222222222,True,False,항상 그래? 아니면 어떤 때 가슴이 답답해?,학교에서 집 다 할 때 매일 그런 거 같아요.
1786,82,431431,433650,2219,2.219,SPEAKER_0,SPEAKER_0,False,4.101,0.501,41,4,11,1,0.9785454545454545,0.993,0.76,True,False,내가 원하지 않는데도 누군가가 내 몸을 만지거나 보여달라고 한 적 있어요?,아니요.
2315,90,459736,461955,2219,2.219,SPEAKER_0,SPEAKER_0,False,2.021,4.18,20,44,6,12,0.9421666666666667,0.974,0.9796666666666667,False,True,마음이 복잡할 때는 없는 것 같아요.,나쁜 기억 때문에 괴로워서 스스로 해치거나 죽고 싶다는 생각을 한 적이 있나요?
2637,21,99375,101594,2219,2.219,SPEAKER_1,SPEAKER_0,True,3.94,2.581,32,17,9,5,0.9527777777777777,0.91,0.9752,False,True,그렇지는 않은 것 같아요. 피곤하니까 오히려 더 잘 자요.,아빠는 어떤 표정을 자주 지어?
2637,93,434355,436574,2219,2.219,SPEAKER_0,SPEAKER_1,True,5.061,0.501,40,3,11,1,0.9716363636363636,0.816,0.649,True,False,어른이 아닌 주변 사람들이 나를 자주 놀리거나 괴롭힌다고 느낀 적 있어?,없어요
2674,88,503086,505305,2219,2.219,SPEAKER_1,SPEAKER_0,True,0.501,7.675,4,59,1,14,0.578,0.578,0.9542142857142857,False,True,아니요.,인터넷이나 휴대폰을 통해 성적인 목적으로 나의 신체부위를 사진이나 영상을 찍어 보내거나 올린 적이 있나요?
2677,5,31061,33280,2219,2.219,SPEAKER_0,SPEAKER_1,True,1.941,1.46,18,11,6,3,0.9605,0.992,0.9773333333333333,True,False,친구는 뭐 할 때가 가장 즐거워?,친구들이랑 놀 때요.
2677,43,219701,221920,2219,2.219,SPEAKER_0,SPEAKER_1,True,3.621,2.58,28,21,8,6,0.909,0.999,0.7821666666666667,False,False,얼마나 힘든거야 일주일에 몇 번 정도 그렇게 힘들어,일주일에 한 두번 정도 그렇게 느껴요.
2677,54,273051,275270,2219,2.219,SPEAKER_1,SPEAKER_0,True,0.501,3.061,4,23,1,8,0.844,0.844,0.956625,False,False,아빠요.,배가 고픈데 먹을 게 없어서 굶은 적 있어
2677,95,490940,493159,2219,2.219,SPEAKER_1,SPEAKER_0,True,3.14,3.781,28,32,8,9,0.94025,0.972,0.9698888888888889,False,True,아빠가 갑자기 칼 들고 자야 하거나 우울해할 때요.,괴로워서 스스로 해치거나 죽고 싶다는 생각을 한 적 있어?
3706,4,20845,23064,2219,2.219,SPEAKER_0,SPEAKER_1,True,1.621,2.741,15,24,4,7,0.883,0.56,0.9414285714285714,True,False,이전에는 소화가 잘 됐나요?,네. 그전에는 소화 안 되는 일이 없었어요.
3706,91,452290,454509,2219,2.219,SPEAKER_1,SPEAKER_0,True,0.74,4.741,9,41,2,10,0.9065,0.961,0.961,False,True,아니요. 없어요.,어른이 아닌 주변사람들이 나를 자주 놀리거나 괴롭힌다고 느낀 적이 있나요?
3891,112,659541,661760,2219,2.219,SPEAKER_0,SPEAKER_1,True,2.661,0.5,26,4,7,1,0.9487142857142857,0.991,0.995,True,False,주변에 친한 친구들 중에 가출한 친구가 있나요?,없어요.
5036,34,148156,150375,2219,2.219,SPEAKER_1,SPEAKER_0,True,1.301,3.621,11,27,3,8,0.8676666666666667,0.877,0.94275,False,True,축구하는 것 같아요.,담임 선생님은 어떤 것 같아? 좋아 아니면 싫어?
5036,54,235005,237224,2219,2.219,SPEAKER_1,SPEAKER_0,True,0.5,2.981,3,23,1,7,0.952,0.952,0.9258571428571428,False,True,엄마요,배가 고픈데 먹을게 없어서 굶은 적 있어?
0379,89,522285,524500,2215,2.215,SPEAKER_0,SPEAKER_1,True,3.14,0.98,25,10,8,2,0.9855,0.898,0.9904999999999999,True,False,누가 너의 소중한 부위를 아프게 한 적 있어?,그렇지는 않았어요.
1112,1,12420,14635,2215,2.215,SPEAKER_1,SPEAKER_0,True,1.06,1.94,9,15,2,4,0.9975,1.0,0.9452499999999999,False,True,건강한 편이에요.,최근에 다쳤던 적이 있나요?
3696,34,139420,141635,2215,2.215,SPEAKER_1,SPEAKER_0,True,0.821,1.727,8,6,2,2,0.9415,0.979,1.0,False,False,"네, 좋아해요.",어떤 이유로
3706,42,179595,181810,2215,2.215,SPEAKER_0,SPEAKER_0,False,2.261,1.38,20,12,5,3,0.9954,0.997,0.8096666666666666,True,False,요즘 가장 큰 걱정거리는 무엇인가요?,저녁 식사가 걱정돼요.
1786,67,343175,345389,2214,2.214,SPEAKER_0,SPEAKER_0,False,1.78,2.661,17,29,7,8,0.9682857142857143,0.978,0.939,False,True,두 시간 좀 안 될 것 같아요.,어른들이 학부모 상담 같은 학교 행사에 잘 오시나요?
0002,11,44070,46275,2205,2.205,SPEAKER_1,SPEAKER_0,True,4.74,1.34,33,4,9,2,0.9987777777777778,0.996,1.0,False,False,그냥 동생이랑 같이 놀거나 음악 들으면 좀 마음이 편안해요.,몇 시에
0002,33,139545,141750,2205,2.205,SPEAKER_1,SPEAKER_0,True,0.5,0.98,4,8,1,2,0.984,0.984,0.9984999999999999,False,True,아니요.,이유가 뭐예요?
0004,20,80895,83100,2205,2.205,SPEAKER_1,SPEAKER_0,True,2.02,2.501,20,20,6,6,0.846,0.996,0.999,False,True,열두 시에 여섯 일곱 시에 일어나요.,자고 일어나면 몸 상태가 좀 어때요?
3242,85,490855,493060,2205,2.205,SPEAKER_0,SPEAKER_1,True,2.18,1.14,21,12,6,3,0.9991666666666666,1.0,0.9883333333333333,True,False,가족들 중 나를 때렸던 사람이 있나요?,우리 담임 선생님이요.
3696,9,36130,38335,2205,2.205,SPEAKER_1,SPEAKER_0,True,1.22,1.62,12,16,3,4,0.9483333333333334,0.998,0.999,False,True,"네, 짜증이 났었어요.",무엇 때문에 기분이 상했나요?
3891,98,585541,587745,2204,2.204,SPEAKER_0,SPEAKER_1,True,2.341,2.5,25,23,6,7,0.9944999999999999,0.993,0.9992857142857143,True,False,아니요. 어떨 때 마음이 복잡하거나 힘든가요?,집에서 혼자 계속 있어야 할 때가 그래요.
0004,7,29635,31830,2195,2.195,SPEAKER_1,SPEAKER_0,True,2.341,1.14,19,11,5,4,0.942,0.999,0.9975,False,True,일주일 전에 아빠한테 맞았을 때요.,뭘 할 때 즐거워요?
0005,96,491460,493655,2195,2.195,SPEAKER_1,SPEAKER_0,True,3.06,4.66,27,42,7,11,0.9697142857142858,0.999,0.991,False,True,아니요. 술을 많이 마시는 어른이 주변에 없어요.,어른이 아닌 주변 사람들이 나를 자주 놀리거나 괴롭힌다고 느낀 적이 있나요?
2637,9,39410,41605,2195,2.195,SPEAKER_1,SPEAKER_0,True,2.42,4.58,20,33,6,10,0.979,0.937,0.9886,False,True,없는 것 같아요. 요즘 제일 신나요.,그럼 평소에 짜증이나 화가 날 때 어떻게 하면 마음이 풀려?
1354,60,255436,257630,2194,2.194,SPEAKER_1,SPEAKER_0,True,0.501,4.58,4,35,1,9,0.683,0.683,0.9654444444444444,False,False,없어요.,어른들이 나를 쫓아낸다고 하거나 어디 가진 적은 있어? 없어요.
0216,40,185375,187560,2185,2.185,SPEAKER_0,SPEAKER_1,True,2.341,1.94,18,17,5,5,0.9498,0.842,0.9014,True,False,요즘 가장 큰 걱정거리가 있을까?,네. 창피해서 학교 가기 싫어요
0184,40,177171,179355,2184,2.184,SPEAKER_0,SPEAKER_1,True,3.301,6.66,29,50,8,14,0.983625,0.999,0.9637142857142857,True,False,잔소리할 때 표정이나 웃는 표정을 보면 기분이 어때?,"잔소리할 때는 제가 잘못한 거니까 죄송한 기분이고, 웃는 표정일 땐 저도 좋은 것 같아요."
0002,26,110815,112990,2175,2.175,SPEAKER_0,SPEAKER_1,True,2.26,2.82,18,20,4,5,0.96325,0.987,0.8812,True,False,"담임 선생님 좋아해요, 싫어해요?","담임 선생님 착하고 좋아해요, 제가."
0184,48,218025,220200,2175,2.175,SPEAKER_0,SPEAKER_1,True,1.86,8.341,13,62,4,16,0.9924999999999999,0.997,0.9516875,True,False,여동생 어떤 점이 좋아?,제 여동생이 아직 애기거든요. 두 살이에요. 그래서 너무 작고 이쁘고 그래서 제가 오빠니까 엄청 잘해줄 거예요.
0005,101,518250,520424,2174,2.174,SPEAKER_2,SPEAKER_1,True,4.34,0.741,40,5,11,2,0.9523636363636364,0.99,0.9995,True,False,그것 때문에 괴로워서 스스로 해치거나 죽고 싶다는 생각을 한 적 있나요?,그런 적은
2315,21,105935,108109,2174,2.174,SPEAKER_0,SPEAKER_0,False,1.94,0.501,18,4,5,1,0.9974,0.993,0.94,True,False,자고 일어나면 몸 상태는 어때요?,좋아요.
1786,47,233635,235800,2165,2.165,SPEAKER_0,SPEAKER_0,False,2.98,1.621,29,18,8,5,0.9885,0.982,0.9088,True,False,걱정 때문에 힘든 느낌이 일주일에 몇 번이나 될까요?,일주일에 세 번 이상은 힘들어요.
2315,64,315460,317625,2165,2.165,SPEAKER_0,SPEAKER_0,False,2.9,0.5,33,4,10,1,0.9843999999999999,0.976,0.95,True,False,빨래가 되어 있지 않아 더러운 옷을 입어야 한 적이 있나요?,없어요.
0005,65,314435,316599,2164,2.164,SPEAKER_1,SPEAKER_0,True,0.5,4.021,4,37,1,10,0.448,0.448,0.9578,False,True,아니요.,어디 아픈 곳이 있는데 어른들이 병원에 데려가지 않은 적이 있나요?
3731,81,384815,386979,2164,2.164,SPEAKER_1,SPEAKER_0,True,6.9,6.981,63,54,17,16,0.9887058823529412,0.992,0.9936875,False,False,아빠는 제 말이 안 들리는 척했어요. 평소에도 제 말을 들어주지 않아서 몇 번이나 싫다고 했는데도 안 들어줬어요.,혹시 아빠가 내 몸을 만지면서 나를 아프게 하거나 상처가 나게 한 적이 있어? 그런 적은 없어요.
0005,80,407400,409555,2155,2.155,SPEAKER_1,SPEAKER_0,True,0.5,2.74,4,28,1,8,0.41,0.41,0.972125,False,True,아니요.,마음이 힘들 때 가족에게 내 마음을 이야기 하나요?
0184,6,24065,26220,2155,2.155,SPEAKER_0,SPEAKER_1,True,1.38,2.9,10,25,3,5,0.991,0.985,0.9908,True,False,어쩌다 다친 거야?,친구들이랑 운동장에서 같이 뛰다가 넘어졌어요.
2674,83,478945,481100,2155,2.155,SPEAKER_0,SPEAKER_1,True,4.341,0.5,34,4,10,1,0.9776,0.998,0.946,True,False,주위 어른이나 가족들 중 나를 때린 적이 있는 사람이 있나요?,아니요.
2677,1,11620,13775,2155,2.155,SPEAKER_0,SPEAKER_1,True,2.5,3.62,20,29,5,9,0.9666,0.986,0.9265555555555556,True,False,건강해요. 최근에 다쳤던 적이 있어?,실수로 책을 제 발 위에 떨어뜨려 서 멍이 들었어요.
2677,39,200160,202315,2155,2.155,SPEAKER_0,SPEAKER_1,True,2.02,1.06,13,9,4,2,0.9535,0.951,0.9305,True,False,담임 선생님이 왜 좋아?,착하고 친절해요.
3242,2,14180,16335,2155,2.155,SPEAKER_1,SPEAKER_1,False,1.86,2.1,15,20,4,6,0.9964999999999999,0.998,0.9373333333333334,True,False,최근에 다쳤던 적이 있나요?,네 저 학교 선생님 때문에 다쳤어요.
3242,78,460825,462980,2155,2.155,SPEAKER_1,SPEAKER_0,True,0.501,5.86,4,47,1,12,0.981,0.981,0.9715833333333334,False,True,아니요.,어른들이 나를 쫓아내거나 그러겠다고 하거나 어디에 가두고 못 나오게 한 적이 있나요?
3242,81,476680,478835,2155,2.155,SPEAKER_0,SPEAKER_1,True,3.14,4.18,28,30,8,7,0.942375,0.617,0.9711428571428571,True,False,마음이 힘들 때 누구에게 내 마음을 이야기 하나요?,여기 시설 선생님께요. 여기 선생님은 학교 선생님이랑은
3706,8,36400,38555,2155,2.155,SPEAKER_0,SPEAKER_1,True,1.3,1.78,14,16,4,4,0.96025,0.996,0.996,True,False,무엇을 할 때가 즐거워요?,즐거운 일이 없어요. 언제부터
5069,35,174450,176605,2155,2.155,SPEAKER_0,SPEAKER_1,True,2.101,1.701,17,14,4,3,0.9312499999999999,0.974,0.9076666666666667,True,False,친구들이랑은 주로 뭐하고 놀아?,그냥 학교에서 이야기해요.
0184,13,52975,55129,2154,2.154,SPEAKER_1,SPEAKER_0,True,1.7,3.141,15,26,4,9,0.9259999999999999,0.999,0.9705555555555555,False,True,학교 맨 친구들이 많아서요.,최근 일주일 동안 짜증이 나 화가 난 적 있어?
0184,99,473956,476110,2154,2.154,SPEAKER_1,SPEAKER_0,True,0.501,4.26,4,34,1,10,0.911,0.911,0.9773,False,True,아니요.,집에서 어른들이 소리 지르면서 싸우는 걸 듣거나 본 적 있어?
2677,55,278331,280485,2154,2.154,SPEAKER_0,SPEAKER_1,True,3.061,1.86,23,16,8,5,0.956625,0.941,0.8332,False,False,배가 고픈데 먹을 게 없어서 굶은 적 있어,아니요 집에 먹을 거 많아요.
3316,17,50495,52640,2145,2.145,SPEAKER_1,SPEAKER_0,True,1.14,1.62,12,18,3,6,0.8373333333333334,0.977,0.9778333333333333,False,True,"네, 완전 재미있어요.",몇 시에 자고 몇 시에 일어나요?
0002,5,16415,18555,2140,2.14,SPEAKER_1,SPEAKER_0,True,1.54,1.94,10,17,3,4,0.8373333333333334,0.991,0.9895,False,True,한 일주일 전이요.,언제부터 즐겁다고 못 느꼈어요?
0002,52,238710,240850,2140,2.14,SPEAKER_0,SPEAKER_1,True,2.1,6.536,18,36,4,11,0.99875,0.996,0.9736363636363636,True,False,아빠한테 맞아서 얼마나 다쳤어요?,배 아파서 병원도 갔고 멍도 들고 병원 갔을 때 입원도 했었어요.
0002,65,317370,319510,2140,2.14,SPEAKER_1,SPEAKER_0,True,3.46,3.06,22,29,6,9,0.9996666666666667,0.999,0.9995555555555555,False,True,아빠가 화내면 마음이 좀 슬프고 그래요.,그럴 때 괴로워서 죽고 싶다는 생각을 한 적 있어요?
0004,1,6660,8800,2140,2.14,SPEAKER_1,SPEAKER_0,True,3.38,1.14,30,10,9,2,0.9575555555555556,0.999,0.995,False,True,"네, 일 주일 전에 머리를 많이 맞았는데 계속 아파요.",누구에게 맞았어요?
0004,44,189675,191815,2140,2.14,SPEAKER_0,SPEAKER_1,True,1.54,1.06,12,8,3,2,0.964,0.894,0.886,True,False,어떤 부분에서 좋아요?,착하고 예뻐요.
0004,73,364220,366360,2140,2.14,SPEAKER_0,SPEAKER_1,True,4.5,0.5,32,4,8,1,0.98375,0.996,0.963,True,False,친구들이 나를 자주 놀리거나 괴롭힌다고 느낀 적이 있어요?,아니요.
0005,21,100205,102345,2140,2.14,SPEAKER_0,SPEAKER_1,True,1.38,0.82,12,7,3,2,0.955,0.866,0.9565,True,False,얼마나 자주 그런가요?,거의 매일요.
0005,45,214610,216750,2140,2.14,SPEAKER_0,SPEAKER_1,True,2.02,0.5,17,6,5,1,0.9508,0.991,0.878,True,False,요즘 제일 걱정되는 게 뭐예요?,여동생이요.
0005,63,305955,308095,2140,2.14,SPEAKER_1,SPEAKER_0,True,2.101,3.7,19,31,6,9,0.9279999999999999,0.947,0.9657777777777777,False,True,아니요 굶은 적은 없는 것 같아요.,저녁에 나를 집에 혼자 두고 어른들이 나갔던 적 있나요?
0005,64,311795,313935,2140,2.14,SPEAKER_0,SPEAKER_1,True,3.7,0.5,31,4,9,1,0.9657777777777777,0.986,0.448,True,False,저녁에 나를 집에 혼자 두고 어른들이 나갔던 적 있나요?,아니요.
0005,70,349660,351800,2140,2.14,SPEAKER_0,SPEAKER_1,True,5.021,1.78,43,15,10,5,0.9826,0.982,0.989,True,False,하거든요. 인터넷이나 휴대폰을 가지고 노는 시간은 하루에 몇 시간 정도인가요?,두 시간 정도인 것 같아요.
0005,87,443765,445905,2140,2.14,SPEAKER_0,SPEAKER_1,True,4.661,1.46,42,14,12,4,0.96625,0.997,0.8625,True,False,내가 원하지 않는데도 누군가가 내 몸을 만지거나 보여 달라고 한 적 있어요?,"아니요, 그런 적 없어요."
0184,82,382135,384275,2140,2.14,SPEAKER_0,SPEAKER_1,True,3.46,0.5,30,4,10,1,0.9002,0.992,0.978,True,False,빨래가 안 돼서 냄새 나고 불쾌한 옷을 입은 적 있어?,아니요.
0184,88,419860,422000,2140,2.14,SPEAKER_0,SPEAKER_1,True,3.62,2.02,31,17,9,6,0.9917777777777778,0.981,0.993,True,False,인터넷이나 휴대폰을 하루에 몇 시간 정도 하는 것 같아?,두 시간 정도 하는 것 같아요.
0379,60,343885,346025,2140,2.14,SPEAKER_0,SPEAKER_1,True,2.5,0.5,26,2,7,1,0.8818571428571429,0.995,0.916,True,False,모르겠어요. 아직 해보고 싶은 일이 없는 거야?,네.
1112,3,20255,22395,2140,2.14,SPEAKER_1,SPEAKER_0,True,0.5,0.9,4,6,1,3,0.862,0.862,0.9783333333333333,False,False,아니요.,뭘 할 때가
1354,23,104555,106695,2140,2.14,SPEAKER_1,SPEAKER_0,True,0.5,1.7,4,16,1,4,0.806,0.806,0.98425,False,True,좋아요.,평소에 엄마는 어떤 표정이야?
1786,0,1860,4000,2140,2.14,SPEAKER_0,SPEAKER_0,False,0.9,4.74,10,16,2,5,0.9815,0.986,0.926,True,True,최근에 건강한가요?,네 최근에 다친 곳이 있나요?
1786,24,124605,126745,2140,2.14,SPEAKER_0,SPEAKER_0,False,1.3,1.86,14,18,3,5,0.9973333333333333,0.995,0.9984,False,True,요즘 마음이 편안하셔서요.,그 표정을 보면 기분은 어떤가요?
1786,27,136780,138920,2140,2.14,SPEAKER_0,SPEAKER_0,False,2.5,1.3,24,12,6,3,0.9863333333333333,0.923,0.9166666666666666,True,False,평상시에 어머니는 어떤 표정을 자주 짓나요?,화가 난듯한 표정이요.
1786,29,144875,147015,2140,2.14,SPEAKER_0,SPEAKER_0,False,1.86,3.781,18,32,6,9,0.9876666666666667,0.959,0.9943333333333333,True,False,왜 그런 표정을 짓는 것 같나요?,엄마가 성질이 급하셔서 답답한 걸 보면 못 참아서 그래요.
1786,74,375160,377300,2140,2.14,SPEAKER_0,SPEAKER_0,False,3.38,4.82,25,48,7,14,0.9661428571428571,0.956,0.9612142857142857,False,True,엄마가 제가 뭘 잘못하면 무섭게 욕을 해서요.,내가 무엇을 하려고 할 때 무조건 안 된다고 하거나 하기 싫은데도 강요한 적이 있나요?
2076,24,104625,106765,2140,2.14,SPEAKER_0,SPEAKER_0,False,5.54,2.34,40,21,12,6,0.9275833333333333,0.971,0.9873333333333333,False,True,아빠는 왜 그런 표정을 짓는 것 같아요? 즐거운가 봐요 잠만 보 닮았어요,그런 표정을 보면 친구 기분은 어때요?
2076,45,183585,185725,2140,2.14,SPEAKER_1,SPEAKER_0,True,3.06,4.335,30,30,7,7,0.9317142857142857,0.964,0.9981428571428571,False,False,의사 선생님 되고 싶어요. 병원에서 봤는데 멋있었어요.,집에서 주로 나를 돌봐주는 어른은 누구인가요? 엄마요.
2637,19,88780,90920,2140,2.14,SPEAKER_1,SPEAKER_0,True,3.62,2.98,28,22,8,6,0.9828749999999999,0.965,0.9844999999999999,False,True,학교 가서도 그런 것 같아요. 졸리고 기운 없어요.,잠들기 힘들거나 자다 깨는 경우는 없어?
2637,55,247090,249230,2140,2.14,SPEAKER_1,SPEAKER_0,True,2.021,3.54,7,27,2,8,0.9410000000000001,0.882,0.982125,False,True,주로는 엄마요,배가 고픈데 밥을 챙겨주지 않아서 굶은 적 있어?
2637,76,347075,349215,2140,2.14,SPEAKER_1,SPEAKER_0,True,2.54,2.021,15,19,4,5,0.8555,0.686,0.9832,False,True,적은 있어? 아니요 없어요.,마음이 힘들 때 누구한테 이야기해?
2637,88,402525,404665,2140,2.14,SPEAKER_1,SPEAKER_0,True,1.78,4.42,15,33,5,9,0.9444,0.989,0.9436666666666667,False,True,그런 사람은 없는 것 같아요,가족들끼리 소리를 지르면서 싸우는 걸 듣거나 본 적이 있어?
2674,24,129565,131705,2140,2.14,SPEAKER_0,SPEAKER_1,True,4.1,4.895,32,40,8,12,0.853375,0.959,0.9438333333333333,True,False,평소에 잠들기 힘들다거나 잠자는 중간에 자주 깨진 않나요?,자주 깨요. 아마 할아버지 코 구는 소리가 너무 심해서 그런 것 같아요.
2674,89,512980,515120,2140,2.14,SPEAKER_0,SPEAKER_1,True,7.675,1.14,59,9,14,3,0.9542142857142857,0.933,0.8826666666666667,True,False,인터넷이나 휴대폰을 통해 성적인 목적으로 나의 신체부위를 사진이나 영상을 찍어 보내거나 올린 적이 있나요?,그런 적 없어요.
2677,6,34740,36880,2140,2.14,SPEAKER_1,SPEAKER_0,True,1.46,1.78,11,14,3,4,0.9773333333333333,0.947,0.9702500000000001,False,True,친구들이랑 놀 때요.,어떤 점에서 즐거운 거야?
2677,27,146890,149030,2140,2.14,SPEAKER_0,SPEAKER_1,True,1.86,1.22,12,11,3,3,0.928,0.923,0.8346666666666667,True,False,혹시 형제자매는 있어?,네. 언니가 있어요.
2677,29,153875,156015,2140,2.14,SPEAKER_0,SPEAKER_1,True,1.54,4.02,10,31,3,8,0.8203333333333334,0.551,0.930375,False,False,언니랑 사이는 어때,사이 별로예요. 서로 관심도 없고 딱히 신경 안쓰거든요.
2677,37,192960,195100,2140,2.14,SPEAKER_0,SPEAKER_1,True,2.5,0.5,21,5,5,1,0.9102,0.823,0.538,True,False,담임 선생님은 좋아해? 아니면 싫어해?,좋아해요.
2677,51,259435,261575,2140,2.14,SPEAKER_0,SPEAKER_1,True,1.62,3.3,14,27,4,8,0.96075,0.996,0.9396249999999999,True,False,해보고 싶은 일은 없을까?,딱히 생각해 본 적 없어요. 아직 잘 모르겠어요.
2677,53,270410,272550,2140,2.14,SPEAKER_1,SPEAKER_1,False,2.58,0.501,23,4,7,1,0.9741428571428572,0.927,0.844,False,False,집에서 주로 나를 돌봐주는 어른 은 누구야,아빠요.
2677,63,322860,325000,2140,2.14,SPEAKER_0,SPEAKER_0,False,7.066,3.14,45,25,12,7,0.9964166666666666,0.988,0.9785714285714285,False,True,인터넷이나 휴대폰을 가지고 노는 시간은 하루에 몇 시간 정도야? 두 시간 정도요.,너무 많이 한다고 어른들이 뭐라 하시진 않아?
2677,74,393545,395685,2140,2.14,SPEAKER_0,SPEAKER_1,True,6.501,1.06,51,10,13,3,0.947,0.96,0.9923333333333333,True,False,어른들이 나를 집에서 쫓아내거나 버리겠다고 말하거나 어디에 가두고 못 나오게 한 적이 있어?,그런 적은 없어요.
3242,54,320545,322685,2140,2.14,SPEAKER_1,SPEAKER_1,False,1.62,4.66,13,38,3,9,0.996,0.993,0.9693333333333334,True,False,왜 불행하다고 느끼나요?,이런 무섭고 이상한 사람을 담임 선생님으로 만나서요. 정말 불행해요.
3242,97,571345,573485,2140,2.14,SPEAKER_0,SPEAKER_1,True,4.42,0.9,32,8,7,2,0.9937142857142857,0.999,0.7505,True,False,내가 싫다는데도 계속 연락하거나 따라다니는 사람이 있나요?,아니요 없어요.
3696,14,57250,59390,2140,2.14,SPEAKER_0,SPEAKER_1,True,2.98,2.9,28,27,8,7,0.99825,0.989,0.9994285714285714,True,False,그렇게 기분이 나쁠 때 어떻게 하면 마음이 풀려요?,게임을 하거나 매운 떡볶이 먹으면 기분이 풀려요.
3696,17,69855,71995,2140,2.14,SPEAKER_1,SPEAKER_0,True,1.94,2.261,21,21,7,6,0.9864285714285714,0.997,0.9973333333333333,False,True,열 한 시에 자고 일곱 시에 일어나요.,아침에 일어났을 때 몸 상태는 어때요?
3696,26,106150,108290,2140,2.14,SPEAKER_0,SPEAKER_1,True,2.26,3.06,23,24,7,5,0.9975714285714286,0.995,0.9702,True,False,그런 표정을 볼 때 친구는 기분이 어때요?,조금 섭섭했었는데 이제는 아무렇지도 않아요.
3696,39,161570,163710,2140,2.14,SPEAKER_1,SPEAKER_1,False,1.62,4.021,15,35,4,9,0.99525,0.988,0.9753333333333333,True,False,어떤 점에서 걱정이 되나요?,혹시 요즘 제가 싫어졌는지 걱정이 되는데 물어볼 연기가 없어요.
3696,41,172645,174785,2140,2.14,SPEAKER_0,SPEAKER_1,True,3.22,0.98,30,8,8,3,0.968375,0.977,0.7923333333333333,True,False,걱정 때문에 불편한 느낌이 일주일에 몇 번이나 되나요?,한 두 번이요.
3696,63,279845,281985,2140,2.14,SPEAKER_1,SPEAKER_0,True,1.301,3.14,13,29,4,8,0.9995,0.999,0.9975,False,True,하루에 두 시간 정도요.,어른들이 학부모 상담 같은 학교 행사에 잘 오시나요?
3696,70,320890,323030,2140,2.14,SPEAKER_1,SPEAKER_0,True,1.3,2.58,12,28,3,8,0.999,0.999,0.950125,False,True,그렇게 하지는 않아요.,마음이 힘들 때 가족에게 내 마음을 이야기 하나요?
3696,80,358315,360455,2140,2.14,SPEAKER_1,SPEAKER_1,False,0.5,0.74,5,8,1,2,1.0,1.0,0.997,False,False,손바닥으로,등을 맞았어요.
3696,86,388345,390485,2140,2.14,SPEAKER_0,SPEAKER_0,False,6.82,0.66,60,7,15,2,0.9929333333333333,0.954,0.9915,True,False,인터넷이나 휴대폰을 통해 성적인 목적으로 내 몸을 사진이나 영상을 찍어 누구에게 보내거나 올린 적이 있나요?,안 그랬어요.
3696,96,436205,438345,2140,2.14,SPEAKER_0,SPEAKER_0,False,4.18,0.5,44,4,12,1,0.9775,0.989,0.999,True,False,나쁜 기억 때문에 괴로워서 스스로 해치거나 죽고 싶다는 생각을 한 적이 있나요?,없어요.
3706,7,32960,35100,2140,2.14,SPEAKER_1,SPEAKER_0,True,1.46,1.3,14,14,4,4,0.88625,0.999,0.96025,False,True,아니요 다친 적은 없어요.,무엇을 할 때가 즐거워요?
3706,43,183190,185330,2140,2.14,SPEAKER_0,SPEAKER_0,False,1.38,1.461,12,13,3,4,0.8096666666666666,0.872,0.978,False,True,저녁 식사가 걱정돼요.,왜 그게 걱정이 되나요?
3706,48,206500,208640,2140,2.14,SPEAKER_0,SPEAKER_1,True,1.7,0.5,16,5,3,1,0.8673333333333333,0.907,0.866,True,False,"요즘 행복한가요, 불행한가요?",불행해요.
3706,51,220655,222795,2140,2.14,SPEAKER_1,SPEAKER_0,True,5.855,1.78,48,17,12,5,0.9085,0.991,0.9996,False,True,저녁식사 시간에 시설 선생님이 나만 쳐다보는 거 같아 눈치가 보여요. 그래서 불행해요.,커서 어떤 사람이 되고 싶어요?
3706,66,294690,296830,2140,2.14,SPEAKER_1,SPEAKER_0,True,5.7,5.14,47,41,12,9,0.9391666666666667,0.937,0.9256666666666666,False,True,"휴대전화는 없고, 인터넷은 하루 한 시간 정도 사용해요. 그 후에는 컴퓨터가 꺼져요.","시설 선생님이 운동회나 창단수업, 학부모상담생, 학교 행사에 잘 오시나요?"
3706,68,308275,310415,2140,2.14,SPEAKER_1,SPEAKER_0,True,4.26,3.94,38,36,12,10,0.9419166666666666,0.887,0.8894,False,True,전화상담은 항상 해요. 학교 행사로 치면 열 번 중 세 번 참여해요.,내 주위 어른들이나 선생님 때문에 기분이 안 좋아진 적이 있나요?
3706,73,345880,348020,2140,2.14,SPEAKER_0,SPEAKER_0,False,6.02,2.341,54,24,15,6,0.9773333333333333,0.951,0.9638333333333333,False,False,내가 무엇을 하려고 하면 무조건 안된다고 하지 말라고 하거나 하기 싫은데도 무조건 하라고 할 때가,있나요? 네. 밥을 빨리 먹으라고 강요해요.
3731,35,166790,168930,2140,2.14,SPEAKER_0,SPEAKER_1,True,1.941,4.18,17,39,5,12,0.9873999999999999,0.942,0.9688333333333333,True,False,요즘 제일 큰 고민거리가 뭐야?,전 지금 사는 곳이 좋은데 다시 원래 집으로 가라고 할까 봐 무서워요.
3821,35,199275,201415,2140,2.14,SPEAKER_0,SPEAKER_1,True,0.5,4.82,5,45,1,11,1.0,1.0,0.9793636363636363,True,False,어떤가요?,저희는 사이가 다 좋아요. 아빠가 돌봐주지 않아서 우리끼리 지낼 때가 많으니까요.
5036,13,59060,61200,2140,2.14,SPEAKER_0,SPEAKER_1,True,1.54,2.821,12,23,4,7,0.9984999999999999,0.994,0.9968571428571429,True,False,어떤 일로 짜증 났어?,엄마가 기분 나쁜 말을 해서 짜증 났어요.
5036,16,70235,72375,2140,2.14,SPEAKER_1,SPEAKER_0,True,0.98,4.021,6,31,2,9,0.977,0.954,0.9796666666666667,False,True,맨날 해요.,평소에 짜증이나 화가 났을 때 어떻게 하면 마음이 풀려?
5036,75,335575,337715,2140,2.14,SPEAKER_0,SPEAKER_1,True,1.86,3.38,16,25,5,8,0.9196,0.771,0.900625,True,False,얼마나 자주 그런 말을 하셔?,거의 매일 집에 오면 화나서 이런 말을 해요.
5036,76,341095,343235,2140,2.14,SPEAKER_1,SPEAKER_0,True,3.38,8.905,25,51,8,13,0.900625,0.532,0.9491538461538461,False,True,거의 매일 집에 오면 화나서 이런 말을 해요.,친구가 무엇을 하려고 하면 무조건 안된다고 하거나 하기 싫은데도 무조건 하라고 할때가 있어?
5036,104,500315,502455,2140,2.14,SPEAKER_0,SPEAKER_1,True,1.38,1.3,13,11,4,4,0.9369999999999999,0.955,0.80725,True,False,일주일에 몇 번 생각나?,두 번인 것 같아요.
5069,98,534550,536690,2140,2.14,SPEAKER_0,SPEAKER_1,True,2.9,5.14,28,46,9,14,0.9958888888888889,0.995,0.9177142857142857,True,False,그럴 때 괴로워서 죽고 싶다는 생각을 한 적 있어?,네. 집에만 가면 냄새 나고 그러니까 더 이상 살고 싶지 않다고 생각한 적 있어요.
0002,13,51816,53955,2139,2.139,SPEAKER_1,SPEAKER_0,True,3.861,2.34,29,21,8,6,0.990125,0.997,0.999,False,True,자고 일어나요? 열한 시에 자서 일곱 시에 일어나요.,아침에 일어났을 때 몸 상태는 어때요?
0004,13,51386,53525,2139,2.139,SPEAKER_0,SPEAKER_1,True,3.461,1.46,29,12,9,3,0.9516666666666667,0.99,0.947,True,False,최근 일주일 동안 짜증이 나 화가 날 때가 있었어요?,매일매일 짜증이 나요.
0004,57,257731,259870,2139,2.139,SPEAKER_0,SPEAKER_1,True,3.221,0.5,26,4,8,1,0.9355,0.997,0.86,True,False,배가 고픈데 먹을 게 없어서 굶은 적이 있어요?,아니요.
0006,0,2180,4319,2139,2.139,SPEAKER_0,SPEAKER_1,True,1.7,0.981,14,8,3,2,0.9993333333333333,1.0,0.9430000000000001,True,False,최근에 다치거나 아팠나요?,네. 다쳤어요.
1112,9,56036,58175,2139,2.139,SPEAKER_1,SPEAKER_0,True,1.861,1.7,13,14,5,4,0.8414,0.994,0.9319999999999999,False,False,네 짜증 난 적 있어요.,무엇 때문에 화가 났나요.
2076,70,308271,310410,2139,2.139,SPEAKER_0,SPEAKER_0,False,5.381,3.3,53,30,15,7,0.966,0.879,0.8654285714285714,True,False,내가 무엇을 하려고 할 때 무조건 안된다고 하거나 하기 싫은데도 무조건 하라고 할 때가 있나요?,아니요 엄마 아빠가 항상 예의바르게 행동하라고는 하셔요
3706,3,17085,19224,2139,2.139,SPEAKER_1,SPEAKER_0,True,0.82,1.621,9,15,3,4,0.998,0.997,0.883,False,True,한 달 넘었어요.,이전에는 소화가 잘 됐나요?
3706,13,57950,60089,2139,2.139,SPEAKER_1,SPEAKER_0,True,1.38,1.381,14,13,4,4,0.92075,0.889,0.93925,False,True,네. 짜증 나고 화났어요.,왜 짜증 나고 화났어요?
3706,21,95256,97395,2139,2.139,SPEAKER_1,SPEAKER_0,True,1.861,2.34,22,21,6,6,0.8821666666666667,0.992,0.9915,False,True,열두 시에 잠들어서 일곱 시에 일어나요.,아침에 일어났을 때 몸 상태는 어때요?
5036,50,216781,218920,2139,2.139,SPEAKER_0,SPEAKER_0,False,0.501,2.18,5,18,1,5,0.757,0.757,0.9248,False,True,모르겠어요,되고 싶다고 느낀 직업이 없을까?
5069,103,559601,561740,2139,2.139,SPEAKER_1,SPEAKER_0,True,1.621,3.46,14,35,5,10,0.9322,0.667,0.9774,False,True,꿈은 안 꾸는 것 같아요.,생각하고 싶지 않은데도 자꾸 안 좋은 기억이 떠오른 적이 있어?
5194,43,302405,304544,2139,2.139,SPEAKER_0,SPEAKER_0,False,0.98,0.501,7,3,2,1,0.997,0.998,0.997,False,True,아빠와 사이가,어때?
1136,18,102360,104495,2135,2.135,SPEAKER_0,SPEAKER_1,True,2.82,3.7,23,29,8,9,0.973,0.901,0.9123333333333333,True,False,아빠는 왜 화가 난 표정을 짓는 것 같아?,잘 모르겠어요 그냥 항상 화랑 불만이 많은 것 같아요
2076,60,258880,261015,2135,2.135,SPEAKER_1,SPEAKER_0,True,6.82,2.66,65,30,16,9,0.9921875,0.999,0.9732222222222222,False,True,수학 문제 못 풀었다고 친구들 앞에 세워두고 있다가 제 바지를 잡아당겨서 바지가 내려갔어요. 너무 창피해서 울었어요.,어른들이 나를 어디 가두고 못 나오게 한 적이 있나요?
3242,55,327345,329479,2134,2.134,SPEAKER_1,SPEAKER_0,True,4.66,2.101,38,17,9,5,0.9693333333333334,0.986,0.9654,False,True,이런 무섭고 이상한 사람을 담임 선생님으로 만나서요. 정말 불행해요.,커서 어떤 사람이 되고 싶어요?
3696,64,285125,287259,2134,2.134,SPEAKER_0,SPEAKER_1,True,3.14,4.421,29,40,8,11,0.9975,0.996,0.9401818181818182,True,False,어른들이 학부모 상담 같은 학교 행사에 잘 오시나요?,"아니요, 이런 거 있으면 엄마는 저보고 알아서 하라고 하고 매번 하나요."
1354,6,29515,31640,2125,2.125,SPEAKER_0,SPEAKER_0,False,3.861,1.54,22,12,6,4,0.9941666666666666,0.983,0.9895,False,True,학교에 있거나 집에 있으면 괜찮아? 네.,최근에 다친 곳 있어?
3316,83,280445,282570,2125,2.125,SPEAKER_0,SPEAKER_1,True,4.26,0.981,41,9,11,3,0.9907272727272727,0.999,0.9993333333333333,True,False,어른이 아닌 주변 사람들이 나를 자주 놀리거나 괴롭힌다고 느낀 적 있어요?,그런 적 없어요.
0002,37,156010,158125,2115,2.115,SPEAKER_1,SPEAKER_0,True,4.021,0.901,26,8,6,2,0.999,0.999,0.9975,False,True,화목한 가정을 꾸리고 대기업에 취업하고 싶어요.,이유가 뭐예요?
0005,108,544460,546575,2115,2.115,SPEAKER_0,SPEAKER_1,True,4.42,0.5,38,4,10,1,0.9785,1.0,0.901,True,False,어른들의 허락이나 말도 없이 집에서 오랫동안 나와 있었던 적 있나요?,아니요.
3706,65,286875,288990,2115,2.115,SPEAKER_0,SPEAKER_1,True,3.861,5.7,38,47,9,12,0.9853333333333333,0.988,0.9391666666666667,True,False,인터넷이나 휴대전화를 가지고 노는 시간은 하루에 몇 시간 정도인가요?,"휴대전화는 없고, 인터넷은 하루 한 시간 정도 사용해요. 그 후에는 컴퓨터가 꺼져요."
5036,74,331600,333715,2115,2.115,SPEAKER_1,SPEAKER_0,True,8.5,1.86,57,16,15,5,0.9313333333333333,0.656,0.9196,False,True,엄마가 맨날 같이 죽어버리자고 그러고 너만 없었으면 이렇게는 안 살았을 거라고 그러고 욕도 많이 해요.,얼마나 자주 그런 말을 하셔?
5036,87,402475,404590,2115,2.115,SPEAKER_0,SPEAKER_0,False,5.22,0.5,38,3,10,1,0.9614,0.911,0.304,True,False,원하지 않는데도 누군가가 친구 몸을 만지거나 보여달라고 한 적 있어?,아니요
5036,14,64021,66135,2114,2.114,SPEAKER_1,SPEAKER_0,True,2.821,1.38,23,12,7,4,0.9968571428571429,0.986,0.99825,False,True,엄마가 기분 나쁜 말을 해서 짜증 났어요.,그런 말을 자주 하셔?
2637,84,380465,382570,2105,2.105,SPEAKER_1,SPEAKER_0,True,0.98,6.981,8,53,2,12,0.7085,0.747,0.9815,False,True,아니요 없어요.,휴대폰이나 인터넷으로 나의 신체부위를 사진이나 영상을 찍어 누구에게 보내거나 올린 적이 있었어?
2674,8,37800,39905,2105,2.105,SPEAKER_0,SPEAKER_1,True,1.94,0.5,15,4,4,1,0.9875,0.992,0.922,True,False,최근에 다쳤던 적이 있나요?,아니요.
5069,75,398875,400980,2105,2.105,SPEAKER_0,SPEAKER_1,True,3.94,1.541,40,12,13,3,0.9765384615384616,0.938,0.792,True,False,친구가 뭘 할 때 무조건 안 된다고 하거나 무조건 하라고 할 때가 있어?,아니요 관심이 없어요.
3706,86,404021,406125,2104,2.104,SPEAKER_0,SPEAKER_0,False,6.981,3.38,58,33,16,9,0.938125,0.998,0.9137777777777778,False,True,"멱살을 잡아 일으켜 세워서 막 흔들고, 배를 주먹으로 막 때렸어요. 일주일에 한두 번은 맞는 거 같아요.",맞은 것 때문에 다치거나 병원에 가서 치료받은 적이 있나요?
0004,82,412475,414570,2095,2.095,SPEAKER_1,SPEAKER_0,True,5.3,6.18,47,44,15,13,0.9438666666666666,1.0,0.962,False,True,잘 모르겠어요. 새벽에 여러 번 계속 다시 잘 때도 있고 그대로 밤 샐 때도 있어요.,부모님의 허락 없이 아니면 말 안 하고 집에 오랫동안 나와 있었던 적이 있어요?
0006,122,560955,563050,2095,2.095,SPEAKER_0,SPEAKER_0,False,0.5,3.301,4,27,1,8,0.956,0.956,0.99625,False,True,아니요.,그렇게 싸울 때 친구에게 안 좋은 소리를 하나요?
0216,50,225670,227765,2095,2.095,SPEAKER_1,SPEAKER_0,True,1.06,2.42,10,17,2,4,0.9445,0.992,0.90025,False,False,예쁘고 멋있어서요.,친구를 돌봐주는 어른은 누군가요
2674,103,588275,590370,2095,2.095,SPEAKER_0,SPEAKER_1,True,2.1,1.38,18,13,6,4,0.9881666666666666,0.996,0.93075,True,False,잠잘 때 주로 어떤 꿈을 꾸나요?,꿈을 안 꿔요. 생각하고
3242,74,437495,439590,2095,2.095,SPEAKER_1,SPEAKER_0,True,5.38,2.82,41,22,12,5,0.9979166666666667,1.0,0.9988,False,True,학교 선생님이 나를 때려서 그 뒤로는 그 선생님만 보면 기분이 안 좋아요.,선생님이 때리시면서 어떤 말도 하셨나요?
0379,38,207025,209110,2085,2.085,SPEAKER_0,SPEAKER_1,True,3.06,4.18,20,26,5,6,0.9602,0.999,0.9745,True,False,아주머니가 웃으시면 내 기분은 어때?,좋아요. 관심 없는 부모님보다 아줌마가 훨씬요.
2677,28,150250,152335,2085,2.085,SPEAKER_1,SPEAKER_0,True,1.22,1.54,11,10,3,3,0.8346666666666667,0.991,0.8203333333333334,False,False,네. 언니가 있어요.,언니랑 사이는 어때
2677,96,496940,499025,2085,2.085,SPEAKER_0,SPEAKER_1,True,3.781,8.181,32,59,9,16,0.9698888888888889,0.945,0.9065625,True,False,괴로워서 스스로 해치거나 죽고 싶다는 생각을 한 적 있어?,죽고 싶다는 생각은 해본 적 있는데 아빠처럼 자해하거나 진짜 죽고 싶지는 않아요. 시도해 본 적도 없구요.
5069,4,25755,27840,2085,2.085,SPEAKER_1,SPEAKER_0,True,1.141,1.94,9,18,2,4,0.9815,0.968,0.99075,False,True,즐겁지가 않아요.,언제부터 즐겁다고 느끼지 못했어?
0005,85,432790,434865,2075,2.075,SPEAKER_0,SPEAKER_1,True,3.14,1.62,30,15,8,3,0.9213749999999999,0.766,0.9233333333333333,True,False,주로 혼날 땐 어떻게 얻나요? 누구한테 그렇게 얻나요?,할아버지가 말로 잔소리예요.
0184,9,38560,40635,2075,2.075,SPEAKER_1,SPEAKER_0,True,3.38,1.3,29,11,8,4,0.9159999999999999,0.978,0.99025,False,True,아니요. 그냥 보건실 가서 약 바르고 밴드 붙였어요.,뭘 할 때가 즐거워?
0184,32,135125,137200,2075,2.075,SPEAKER_0,SPEAKER_1,True,2.02,0.82,16,7,5,2,0.9998,1.0,0.998,True,False,그 표정을 보면 기분이 어때?,기분 좋아요.
1136,34,186250,188325,2075,2.075,SPEAKER_0,SPEAKER_1,True,2.181,1.78,15,12,4,4,0.978,0.993,0.72975,True,False,담임 선생님이랑은 잘 지내?,네 담임 선생님 좋아요
1786,75,382120,384195,2075,2.075,SPEAKER_0,SPEAKER_0,False,4.82,0.5,48,4,14,1,0.9612142857142857,0.957,0.963,True,False,내가 무엇을 하려고 할 때 무조건 안 된다고 하거나 하기 싫은데도 강요한 적이 있나요?,없어요.
3706,77,364855,366930,2075,2.075,SPEAKER_0,SPEAKER_1,True,2.9,1.86,28,21,8,4,0.9652499999999999,0.968,0.91575,True,False,마음이 힘들 때 누구에게 내 마음을 이야기 하나요?,아무한테도 이야기 못해요. 창피해서요.
3821,8,37840,39915,2075,2.075,SPEAKER_0,SPEAKER_0,False,1.78,5.62,16,29,4,7,0.99875,0.997,0.9391428571428572,True,False,즐겁지 않다고 느끼는 건가요?,맞아요 저는 즐겁지 않아요. 언제부터 즐겁지 못하다고
3821,22,129325,131400,2075,2.075,SPEAKER_1,SPEAKER_0,True,5.38,3.94,37,21,9,5,0.9881111111111112,0.998,0.9792,False,True,어때요? 몸도 마음도 너무 힘들어요. 매일 너무 피곤하고 괴로워요.,잠들기 힘들거나 잠자는 중간에 깨나요?
3891,87,524395,526470,2075,2.075,SPEAKER_0,SPEAKER_1,True,6.981,0.5,66,4,16,1,0.9925625,0.999,0.678,True,False,인터넷이나 휴대전화를 통해 성적인 목적으로 나의 신체 부위를 사진이나 영상을 찍어 누구에게 보내거나 올린 적이 있나요?,없어요.
3891,92,549385,551460,2075,2.075,SPEAKER_1,SPEAKER_0,True,6.82,4.66,62,45,18,12,0.953,0.998,0.994,False,True,"네, 일주일에 다섯 번도 넘게 마시는 것 같아요. 그래서 늦게 일어나고, 그래서 먹을 것도 안 주는 것 같아요.",삼촌이 술을 마시고 나면 본인에게 안 좋은 소리를 하거나 무섭게 대하기도 하나요?
0216,34,160395,162469,2074,2.074,SPEAKER_0,SPEAKER_0,False,5.06,1.781,31,16,7,4,0.8635714285714285,0.771,0.9495,False,True,평소에 부모님이 동생이랑 차별을 하실까? 교사: 아니요.,친구들이랑 주로 뭐하고 놀아?
1786,85,449926,452000,2074,2.074,SPEAKER_0,SPEAKER_0,False,3.781,0.5,38,4,9,1,0.872,0.998,0.984,True,False,없어요. 내가 싫다는데도 계속 연락하거나 따라 다니는 사람이 있나요?,아니요.
2076,96,445870,447944,2074,2.074,SPEAKER_0,SPEAKER_1,True,4.66,3.381,45,34,11,10,0.9631818181818181,0.733,0.8727,True,False,생각하고 싶지 않은데도 자꾸 괴롭힘이 떠오른 적이 있나요? 얼마나 자주 그런가요?,수학이랑 한 몸 공부할 때마다 그래요 일주일에 세 번은 그래요
3706,11,49535,51609,2074,2.074,SPEAKER_0,SPEAKER_0,False,3.86,2.981,36,28,10,9,0.9376,0.998,0.9301111111111111,False,True,취사 선생님이 저녁 식사 때마다 혼낸 후부터요. 한 달 넘었어요.,최근 일주일 동안 짜증이 나 화가 난 적이 있나요?
3706,74,350361,352435,2074,2.074,SPEAKER_0,SPEAKER_0,False,2.341,5.14,24,47,6,12,0.9638333333333333,0.977,0.95275,False,True,있나요? 네. 밥을 빨리 먹으라고 강요해요.,어른들이 나를 쫓아내거나 그러겠다고 하거나 어디에 가두고 못 나오게 한 적이 있나요?
0002,70,342945,345010,2065,2.065,SPEAKER_0,SPEAKER_1,True,2.42,2.58,21,15,6,4,0.9988333333333334,0.994,0.99925,True,False,꿈을 꾸고 일어나면 몸 상태는 어때요?,그냥 평소랑 똑같이 졸려요.
0184,42,191375,193440,2065,2.065,SPEAKER_0,SPEAKER_1,True,2.58,4.58,21,34,6,10,0.9935,0.988,0.9572,True,False,엄마는 친구한테 관심이 있는 것 같아?,엄마는 저 말고도 우리의 가족한테 다 관심이 많은 거 같아요.
2076,78,352926,354990,2064,2.064,SPEAKER_1,SPEAKER_0,True,2.501,4.1,22,42,5,12,0.9664,0.843,0.9463333333333334,False,True,발가락에 금이 가서 병원에서 깁스했어요.,내가 원하지 않는데도 누군가가 내 몸을 만지거나 보여 달라고 한 적 있어요?
3706,25,114360,116424,2064,2.064,SPEAKER_0,SPEAKER_0,False,4.34,2.341,40,19,11,5,0.9677272727272728,0.998,0.8436,False,True,그냥 우울한 기분 때문에 잠드는 게 힘들어요. 잠들면 잘 깨지는 않아요.,평소 시사 선생님의 표정은 어때요?
5036,108,518650,520714,2064,2.064,SPEAKER_0,SPEAKER_0,False,4.58,0.501,34,3,8,1,0.923625,0.785,0.736,True,False,어머니의 허락이나 말도 없이 집에 오랫동안 나와있었던적 있어?,아니요
0002,1,4580,6640,2060,2.06,SPEAKER_1,SPEAKER_0,True,0.98,0.98,8,9,2,2,0.956,1.0,0.9924999999999999,False,True,"네, 건강해요.",어디를 다쳤어요?
0002,34,142730,144790,2060,2.06,SPEAKER_0,SPEAKER_1,True,0.98,0.98,8,8,2,2,0.9984999999999999,0.997,0.997,True,False,이유가 뭐예요?,아빠 때문에요.
0002,42,178850,180910,2060,2.06,SPEAKER_0,SPEAKER_1,True,3.141,5.14,26,36,7,10,0.9895714285714285,0.945,0.9972,True,False,인터넷이나 핸드폰은 하루에 몇 시간 정도 해요?,여섯 시간에서 일곱 시간 정도 해서 아빠가 맨날 그만하라고 해요.
0002,68,332545,334605,2060,2.06,SPEAKER_0,SPEAKER_1,True,1.78,3.381,13,27,5,8,0.9908,0.954,0.948875,True,False,잘 때 어떤 꿈을 꿔요?,모르겠어요. 꿈은 꾸는 거 같은데 기억 안 나요.
0004,65,310690,312750,2060,2.06,SPEAKER_0,SPEAKER_1,True,4.42,3.54,30,24,9,6,0.9945555555555555,1.0,0.9913333333333333,True,False,주위 어른들 중에 나를 때린 적이 있는 사람이 있나요?,새아빠가 성적표가 나오면 저를 자주 때려요.
0005,30,144430,146490,2060,2.06,SPEAKER_1,SPEAKER_0,True,4.98,1.3,32,11,8,3,0.92425,0.976,0.8383333333333334,False,True,할아버지가 잘 챙겨주시니까 좋긴 한데 걱정이 되기도 해요.,형제 자매가 있나요?
0005,35,164960,167020,2060,2.06,SPEAKER_0,SPEAKER_1,True,2.82,0.98,28,7,7,2,0.9328571428571428,0.986,0.6034999999999999,True,False,할아버지가 동생과 나를 차별한다고 느낀 적 있어요?,아뇨 없어요.
0005,81,412295,414355,2060,2.06,SPEAKER_0,SPEAKER_1,True,2.74,4.42,28,36,8,8,0.972125,0.876,0.9785,True,False,마음이 힘들 때 가족에게 내 마음을 이야기 하나요?,아니요. 할아버지한테 말하면 걱정하실 것 같아서 혼자만 생각해요.
0005,84,427590,429650,2060,2.06,SPEAKER_1,SPEAKER_0,True,0.5,3.14,4,30,1,8,0.86,0.86,0.9213749999999999,False,True,아니요.,주로 혼날 땐 어떻게 얻나요? 누구한테 그렇게 얻나요?
0005,89,456810,458870,2060,2.06,SPEAKER_0,SPEAKER_0,False,7.46,1.781,59,18,14,7,0.9660714285714286,0.997,0.9758571428571429,True,False,인터넷이나 휴대폰을 통해 성적인 목적으로 나의 신체부위를 사진이나 영상을 찍어 보내거나 올린 적이 있나요?,그런 거 한 적 한 번도 없어요.
0005,100,511850,513910,2060,2.06,SPEAKER_2,SPEAKER_2,False,2.9,4.34,24,40,7,11,0.9478571428571428,0.965,0.9523636363636364,False,True,할아버지 몸이 안 좋거나 동생이 아플 때요.,그것 때문에 괴로워서 스스로 해치거나 죽고 싶다는 생각을 한 적 있나요?
0005,104,525885,527945,2060,2.06,SPEAKER_0,SPEAKER_2,True,1.86,1.46,18,11,6,4,0.9843333333333333,0.999,0.989,True,False,잠잘 때 주로 어떤 꿈을 꾸나요?,딱히 꿈을 안 꿔요.
0005,109,547075,549135,2060,2.06,SPEAKER_1,SPEAKER_0,True,0.5,2.42,4,22,1,6,0.901,0.901,0.9961666666666666,False,True,아니요.,친한 친구 중에 가출한 친구가 있을까요?
0006,121,558395,560455,2060,2.06,SPEAKER_0,SPEAKER_0,False,3.38,0.5,27,4,7,1,0.9988571428571429,0.999,0.956,True,False,어른들이 술을 마시고 무섭게 행동할 때가 있나요?,아니요.
0006,127,583445,585505,2060,2.06,SPEAKER_0,SPEAKER_1,True,3.14,0.5,28,4,9,1,0.9974444444444445,1.0,0.999,True,False,이런 일 때문에 집에 나와 있어야 한 적이 있나요?,없어요.
0018,75,285585,287645,2060,2.06,SPEAKER_1,SPEAKER_0,True,0.74,7.395,7,46,2,13,0.6135,0.547,0.9054615384615384,False,False,아뇨 없어요.,어른들이 운동회나 창간 수업 또는 학부모 상담 같은 학교 행사에 잘 오시니 할머니가
0184,1,8740,10800,2060,2.06,SPEAKER_1,SPEAKER_0,True,2.02,1.86,17,13,6,4,0.991,0.998,0.99925,False,True,딱히 아픈 곳 없는 것 같아요.,최근에 다친 곳은 없어?
0184,7,29120,31180,2060,2.06,SPEAKER_1,SPEAKER_0,True,2.9,2.18,25,19,5,5,0.9908,0.995,0.9394,False,True,친구들이랑 운동장에서 같이 뛰다가 넘어졌어요.,병원에 가서 치료할 정도로 다쳤어?
0184,34,143380,145440,2060,2.06,SPEAKER_0,SPEAKER_1,True,2.82,4.26,21,36,6,10,0.9956666666666667,0.986,0.9821,True,False,아빠는 친구한테 관심이 있는 것 같아?,"네, 그런 것 같아요. 가끔 제가 좋아하는 치킨도 사오고 그래요."
0184,69,325285,327345,2060,2.06,SPEAKER_1,SPEAKER_0,True,1.7,2.82,13,27,4,10,0.8845000000000001,1.0,0.9856,False,True,네. 행복한 것 같아요.,일 에서 오 사이에 몇 점 정도 행복한 것 같아?
0184,71,333160,335220,2060,2.06,SPEAKER_1,SPEAKER_0,True,0.74,1.78,6,15,2,5,0.996,0.992,0.9984,False,True,사 점이요.,어떤 점이 행복한 것 같아?
0184,81,376615,378675,2060,2.06,SPEAKER_1,SPEAKER_0,True,0.5,3.46,4,30,1,10,0.979,0.979,0.9002,False,True,아니요.,빨래가 안 돼서 냄새 나고 불쾌한 옷을 입은 적 있어?
0216,14,66050,68110,2060,2.06,SPEAKER_0,SPEAKER_0,False,2.18,0.5,18,5,5,1,0.8718,0.531,0.954,False,False,아침에 일어났을 때 몸상태는 어때,피곤해요.
0216,22,105775,107835,2060,2.06,SPEAKER_0,SPEAKER_1,True,2.9,1.3,18,12,5,3,0.9054,0.991,0.9873333333333333,True,False,그런 표정일때 친구 기분은 어때?,저도 마음이 좋아져요.
0216,41,189500,191560,2060,2.06,SPEAKER_1,SPEAKER_1,False,1.94,0.501,17,4,5,1,0.9014,0.977,0.763,False,False,네. 창피해서 학교 가기 싫어요,걱정거리
0216,72,368825,370885,2060,2.06,SPEAKER_0,SPEAKER_1,True,2.26,4.26,17,25,7,7,0.9164285714285715,0.935,0.9022857142857142,True,False,잠 잘 때 주로 어떤 꿈을 꿀까,꿈에서 자꾸 남자 아저씨가 제 바지로 벗겨요.
0379,78,459565,461625,2060,2.06,SPEAKER_0,SPEAKER_0,False,5.14,0.82,41,7,12,2,0.9921666666666666,0.957,0.8,True,False,내가 원하지 않는데도 누군가가 내 몸을 만지거나 보여 달라고 한 적 있어?,"네, 있어요."
1136,38,206630,208690,2060,2.06,SPEAKER_0,SPEAKER_1,True,2.02,3.54,15,29,5,7,0.9833999999999999,0.968,0.9047142857142857,True,False,요즘 제일 큰 고민이 뭐야?,부모님이 제발 안 싸우고 행복하게 살았으면 좋겠어요.
1786,1,8740,10800,2060,2.06,SPEAKER_0,SPEAKER_0,False,4.74,0.5,16,1,5,1,0.926,0.997,0.938,True,False,네 최근에 다친 곳이 있나요?,네
1786,53,268280,270340,2060,2.06,SPEAKER_0,SPEAKER_0,False,5.78,1.78,34,15,9,4,0.9701111111111111,0.883,0.94975,False,True,커서 어떤 사람이 되고 싶은가요? 저 바리스타가 되고 싶어요.,왜 바리스타가 되고 싶나요?
1786,58,295840,297900,2060,2.06,SPEAKER_0,SPEAKER_0,False,2.82,0.5,27,4,8,1,0.99575,0.978,0.994,True,False,학교나 학원 끝나고 집에 가면 항상 누가 있나요?,엄마요.
1786,95,501085,503145,2060,2.06,SPEAKER_0,SPEAKER_0,False,1.14,3.22,11,32,3,8,0.9776666666666667,0.938,0.94,True,False,어떤 것을 해봤나요?,너무 스트레스 받으면 제 머리카락을 막 뽑아서 뜯어버려요.
2076,9,34240,36300,2060,2.06,SPEAKER_1,SPEAKER_0,True,1.22,2.82,11,28,3,8,0.9796666666666667,0.979,0.94125,False,True,동물들 너무 귀여워요,최근 일주일 동안 짜증이나 화가 난 적이 있을까요?
2076,30,124245,126305,2060,2.06,SPEAKER_0,SPEAKER_0,False,0.9,1.3,7,11,2,3,0.9119999999999999,0.826,0.8683333333333333,False,True,저도 좋아요.,형제 자매가 있나요?
2076,59,250000,252060,2060,2.06,SPEAKER_0,SPEAKER_1,True,1.86,6.82,16,65,4,16,0.99975,0.999,0.9921875,True,False,학원 선생님이 어떻게 했어요?,수학 문제 못 풀었다고 친구들 앞에 세워두고 있다가 제 바지를 잡아당겨서 바지가 내려갔어요. 너무 창피해서 울었어요.
2315,22,108610,110670,2060,2.06,SPEAKER_0,SPEAKER_0,False,0.501,2.98,4,27,1,7,0.94,0.94,0.9658571428571429,False,False,좋아요.,잠들기 힘들거나 잠자는 중간에 깨는 일이 있을까요
2315,74,366070,368130,2060,2.06,SPEAKER_0,SPEAKER_0,False,4.901,0.5,51,4,14,1,0.9677857142857142,0.973,0.994,True,False,내가 무엇을 하려고 하면 무조건 안 된다고 하거나 하기 싫은데도 하라고 강요할 때가 있나요?,없어요.
2637,25,118910,120970,2060,2.06,SPEAKER_1,SPEAKER_0,True,2.74,1.7,23,12,6,4,0.965,0.998,0.994,False,True,저를 재미있게 해주려고 그러는 것 같아요.,그럴 때 기분이 어때?
2637,74,335410,337470,2060,2.06,SPEAKER_1,SPEAKER_0,True,4.42,6.745,37,44,9,11,0.9488888888888889,0.751,0.9732727272727273,False,False,공부하라는 건 하는데 말씀만 하시고 무조건 하라고 하지는 않으세요.,어른들이 나를 집에서 쫓아내거나 버리겠다고 말하거나 어디에 가두고 못 나오게 한
2637,98,460295,462355,2060,2.06,SPEAKER_1,SPEAKER_0,True,1.62,2.58,13,17,5,7,0.9212,0.802,0.9071428571428571,False,True,그런 생각 한 적 없어요,잠 잘 땐 주로 무슨 꿈을 꿔?
2674,0,4420,6480,2060,2.06,SPEAKER_0,SPEAKER_1,True,2.9,1.38,21,10,5,3,0.9456,0.997,0.8603333333333333,True,False,최근에 건강한가요? 아픈 곳은 없나요?,머리가 좀 아파요.
2674,6,29400,31460,2060,2.06,SPEAKER_0,SPEAKER_1,True,3.14,2.02,26,17,7,6,0.9887142857142857,0.954,0.9956666666666667,True,False,한 번 아프기 시작하면 얼마나 오랫동안 아파요?,십오 분에서 삼 십 분 정도요.
2677,21,117640,119700,2060,2.06,SPEAKER_0,SPEAKER_1,True,2.5,2.821,21,22,7,6,0.9935714285714285,0.972,0.9473333333333334,True,False,아빠가 왜 그런 표정을 짓는 것 같아?,우울증이 있거든요. 좀 왔다 갔다 해요.
2677,31,166620,168680,2060,2.06,SPEAKER_0,SPEAKER_1,True,3.301,1.62,26,14,7,4,0.932,0.648,0.88925,True,False,부모님이 언니랑 나를 차별한다고 느낀 적 있어?,아니요 그런 적은 없어요.
2677,35,183585,185645,2060,2.06,SPEAKER_0,SPEAKER_1,True,1.62,2.1,12,18,4,5,0.99225,0.999,0.9644,True,False,주로 몇 명이랑 놀아?,친한 친구는 저까지 네 명이에요.
2677,56,282345,284405,2060,2.06,SPEAKER_1,SPEAKER_0,True,1.86,3.7,16,32,5,9,0.8332,0.971,0.9524444444444444,False,True,아니요 집에 먹을 거 많아요.,저녁에 친구를 집에 혼자 두고 어른들이 나갔던 적 있을까?
2677,68,353140,355200,2060,2.06,SPEAKER_0,SPEAKER_1,True,3.3,6.261,27,47,8,13,0.9,0.929,0.9445384615384615,True,False,아빠나 선생님 때문에 기분이 안 좋아진 적 있어?,네. 아빠가 칼로 자기 목이랑 배 부분을 그었어요. 피도 나고 해서 너무 무서웠어요.
2677,83,432940,435000,2060,2.06,SPEAKER_1,SPEAKER_0,True,0.5,7.861,4,58,1,15,0.593,0.593,0.9512666666666667,False,False,아니요.,인터넷이나 휴대폰을 통해 성적인 목적으로 나의 신체 부위를 사진이나 영상을 찍어 누구에게 보낸 적이 있어
2677,92,478045,480105,2060,2.06,SPEAKER_0,SPEAKER_1,True,4.02,0.5,32,4,8,1,0.9495,0.996,0.882,True,False,친구들이 나를 자주 놀리거나 괴롭힌다고 느낀 적이 있을까?,아니요.
3242,17,102805,104865,2060,2.06,SPEAKER_1,SPEAKER_0,True,9.46,1.54,69,14,19,4,0.9626315789473684,0.987,0.9505,False,True,제가 수업 시간에 조금 뻗은 건 사실인데 그렇다고 이렇게 다치게 하는 선생님이 어디 있어요. 선생님 때문에 정말 화가 나요.,그런 일이 자주 일어나요?
3242,35,210545,212605,2060,2.06,SPEAKER_0,SPEAKER_1,True,1.86,1.061,13,8,3,2,0.9666666666666667,0.995,0.8454999999999999,True,False,혹시 형제자매가 있나요?,아니요 없어요.
3242,53,316865,318925,2060,2.06,SPEAKER_1,SPEAKER_1,False,0.5,1.62,5,13,1,3,0.994,0.994,0.996,False,True,불행해요.,왜 불행하다고 느끼나요?
3242,66,381720,383780,2060,2.06,SPEAKER_0,SPEAKER_1,True,4.66,0.5,39,4,11,1,0.9815454545454545,0.999,0.968,True,False,빨래가 되어 있지 않아서 더럽고 냄새나는 옷을 입어야 한 적이 있나요?,아니요.
3242,96,564865,566925,2060,2.06,SPEAKER_1,SPEAKER_0,True,0.5,4.42,4,32,1,7,0.829,0.829,0.9937142857142857,False,True,아니요.,내가 싫다는데도 계속 연락하거나 따라다니는 사람이 있나요?
3242,107,622575,624635,2060,2.06,SPEAKER_0,SPEAKER_1,True,3.22,0.5,27,4,8,1,0.996,1.0,0.922,True,False,그럼 혹시 죽고 싶다는 생각을 해본 적이 있나요?,아니요.
3316,88,298135,300195,2060,2.06,SPEAKER_1,SPEAKER_0,True,1.14,1.861,9,18,3,6,0.9973333333333333,1.0,0.9865,False,True,없는 것 같아요.,잠잘 때 주로 어떤 꿈을 꾸나요?
3696,8,32850,34910,2060,2.06,SPEAKER_0,SPEAKER_1,True,2.82,1.22,28,12,9,3,0.9634444444444444,0.998,0.9483333333333334,True,False,최근 일주일 동안 짜증이 나 화가 난 적이 있나요?,"네, 짜증이 났었어요."
3696,10,39955,42015,2060,2.06,SPEAKER_0,SPEAKER_1,True,1.62,2.26,16,22,4,5,0.999,0.998,0.9388,True,False,무엇 때문에 기분이 상했나요?,친구가 약속에 온다고 했다가 취소해서요.
3696,51,212870,214930,2060,2.06,SPEAKER_0,SPEAKER_1,True,2.58,0.5,25,4,6,1,0.9906666666666667,0.996,0.994,True,False,집에서 주로 나를 돌봐주는 어른은 누구인가요?,엄마요.
3696,69,317530,319590,2060,2.06,SPEAKER_0,SPEAKER_1,True,5.46,1.3,52,12,13,3,0.9683076923076923,0.993,0.999,True,False,어른들이 나를 집에서 쫓아내거나 버리겠다고 말하거나 어디에 가두고 못 나오게 한 적이 있나요?,그렇게 하지는 않아요.
3696,72,330545,332605,2060,2.06,SPEAKER_1,SPEAKER_0,True,1.94,3.381,15,33,4,10,0.99775,0.995,0.9931,False,True,가끔 엄마한테 말하긴 해요.,주위 어른이나 가족 중 나를 때린 적이 있는 사람이 있나요?
3696,85,379465,381525,2060,2.06,SPEAKER_1,SPEAKER_0,True,0.5,6.82,4,60,1,15,0.998,0.998,0.9929333333333333,False,True,없어요.,인터넷이나 휴대폰을 통해 성적인 목적으로 내 몸을 사진이나 영상을 찍어 누구에게 보내거나 올린 적이 있나요?
3706,16,70925,72985,2060,2.06,SPEAKER_0,SPEAKER_0,False,1.22,1.381,14,13,4,4,0.96975,0.889,0.86075,True,False,그런 일이 자주 일어나요?,네. 거의 매일 그래요.
3706,23,103720,105780,2060,2.06,SPEAKER_0,SPEAKER_0,False,2.101,2.34,17,21,4,5,0.993,0.996,0.9624,False,True,몸도 피곤하고 기분도 우울해요.,잠들기 힘들거나 잠자는 중간에 깨나요?
3706,29,130820,132880,2060,2.06,SPEAKER_1,SPEAKER_0,True,2.26,3.06,20,29,6,8,0.9903333333333333,0.988,0.975625,False,True,우리를 돌보는 일이 싫은 거 같아요.,시설 선생님의 그런 표정을 보면 어떤 기분이 들어요?
3706,30,135940,138000,2060,2.06,SPEAKER_0,SPEAKER_1,True,3.06,1.62,29,13,8,3,0.975625,0.838,0.9956666666666667,True,False,시설 선생님의 그런 표정을 보면 어떤 기분이 들어요?,무섭고 도망가고 싶어요.
3706,37,160090,162150,2060,2.06,SPEAKER_1,SPEAKER_0,True,1.22,1.7,10,16,3,4,0.9983333333333333,0.999,0.7575000000000001,False,True,세 명이랑 놀아요.,담임 선생님 좋아요? 싫어요?
3706,40,170955,173015,2060,2.06,SPEAKER_0,SPEAKER_1,True,1.621,1.94,13,17,3,5,0.9786666666666667,0.989,0.948,True,False,담임선생님이 왜 좋아요?,항상 저를 잘 다독여 주셔서요.
3706,79,374870,376930,2060,2.06,SPEAKER_0,SPEAKER_1,True,4.9,1.62,29,16,8,4,0.989625,0.998,0.837,True,False,주위 어른이나 가족들 중 나를 때렸던 사람이 있나요?,네. 시설 선생님이 때렸어요.
3706,90,449490,451550,2060,2.06,SPEAKER_0,SPEAKER_1,True,3.94,0.74,34,9,9,2,0.8971111111111111,0.998,0.9065,True,False,가족들끼리 소리를 지르면서 싸우는 걸 듣거나 본 적이 있나요?,아니요. 없어요.
3706,93,462005,464065,2060,2.06,SPEAKER_1,SPEAKER_0,True,0.5,2.02,2,17,1,4,0.346,0.346,0.99325,False,True,어떨,때 마음이 복잡하거나 힘든가요?
3821,34,196715,198775,2060,2.06,SPEAKER_0,SPEAKER_0,False,1.06,0.5,8,5,2,1,0.9924999999999999,0.988,1.0,False,True,동생들과 사이는,어떤가요?
5036,68,298530,300590,2060,2.06,SPEAKER_0,SPEAKER_0,False,0.5,1.86,5,17,1,5,0.841,0.841,0.9982,False,True,있었어요.,누구 때문에 기분이 안 좋았어?
5036,101,486060,488120,2060,2.06,SPEAKER_1,SPEAKER_0,True,1.94,3.86,12,34,5,10,0.9644,0.954,0.9457,False,True,꿈 안 꾸고 깊이 자요,생각하고 싶지 않은데도 자꾸 안 좋은 기억이 떠오른 적 있어?
5069,1,15835,17895,2060,2.06,SPEAKER_0,SPEAKER_0,False,1.621,0.5,14,4,4,1,0.99025,0.995,0.629,True,False,최근에 다친 적이 있었어?,아니요.
5069,5,29780,31840,2060,2.06,SPEAKER_0,SPEAKER_0,False,1.94,0.9,18,9,4,3,0.99075,0.969,0.977,True,False,언제부터 즐겁다고 느끼지 못했어?,일 년 넘었어요.
0004,63,295205,297264,2059,2.059,SPEAKER_0,SPEAKER_1,True,4.34,6.581,31,50,8,15,0.997375,0.999,0.9332666666666667,True,False,부모님이나 선생님 때문에 슬프거나 화가 난 적이 있어요?,제 아빠가 성적이 났다고 시험을 볼 때마다 화내고 소리 지르면서 혼낼 때 화가 많이 나요.
0005,9,47805,49864,2059,2.059,SPEAKER_1,SPEAKER_0,True,1.06,1.781,8,15,2,4,0.9884999999999999,0.983,0.971,False,True,짜증이 났어요.,무엇 때문에 짜증이 났어요?
0006,115,532275,534334,2059,2.059,SPEAKER_0,SPEAKER_1,True,1.941,1.301,17,12,6,4,0.9711666666666666,0.876,0.99625,True,False,한 달에 몇 번 정도 그러나요?,세 번 정도 들었어요.
0006,126,578246,580305,2059,2.059,SPEAKER_1,SPEAKER_0,True,0.501,3.14,4,28,1,9,0.839,0.839,0.9974444444444445,False,True,아니요.,이런 일 때문에 집에 나와 있어야 한 적이 있나요?
0006,148,684856,686915,2059,2.059,SPEAKER_1,SPEAKER_1,False,0.901,1.86,5,14,2,4,0.9410000000000001,0.882,0.84475,False,False,엄마가 저,때리는 꿈꿀 때 자줄게요.
0216,39,180975,183034,2059,2.059,SPEAKER_1,SPEAKER_0,True,1.781,2.341,16,18,4,5,0.84875,0.873,0.9498,False,True,담임 선생님은 착해서 좋아요.,요즘 가장 큰 걱정거리가 있을까?
0379,75,443510,445569,2059,2.059,SPEAKER_1,SPEAKER_0,True,4.26,3.541,30,29,7,9,0.9282857142857143,0.998,0.9561111111111111,False,True,아니요. 서로 관심이 없어서 슬프거나 그렇지도 않아요.,주위 어른들 중에 나를 때린 적이 있는 사람이 있어?
0379,85,498920,500979,2059,2.059,SPEAKER_0,SPEAKER_1,True,1.541,1.621,13,15,4,3,0.9835,0.998,0.9323333333333333,True,False,이런 일이 자주 있었어?,"아니요, 이때가 처음이에요."
1354,10,46015,48074,2059,2.059,SPEAKER_1,SPEAKER_1,False,1.14,3.261,10,18,3,4,0.999,0.998,0.79675,True,False,어떤 점이 즐거워?,귀엽고 변화부치 키우기 재밌어요.
1354,45,194635,196694,2059,2.059,SPEAKER_0,SPEAKER_0,False,3.941,2.501,28,24,7,8,0.9734285714285714,0.886,0.99675,False,True,집에서 주로 나를 돌봐주는 어른은 누구야? 엄마요.,배가 고픈데 먹을 게 없어서 굶은 적 있어?
1354,70,301736,303795,2059,2.059,SPEAKER_1,SPEAKER_0,True,0.501,1.46,7,11,1,3,0.898,0.898,0.9976666666666667,False,True,처음이었어요.,혹시 부모님은 아셔?
1354,75,321200,323259,2059,2.059,SPEAKER_1,SPEAKER_0,True,0.501,1.781,4,16,1,6,0.891,0.891,0.9988333333333334,True,True,아니야?,누가 내 몸을 찍은 적 있어?
2076,97,451325,453384,2059,2.059,SPEAKER_1,SPEAKER_0,True,3.381,2.341,34,24,10,7,0.8727,0.973,0.9855714285714285,False,True,수학이랑 한 몸 공부할 때마다 그래요 일주일에 세 번은 그래요,이런 싫은 기억이 떠오를 때 어떻게 하나요?
2637,77,351236,353295,2059,2.059,SPEAKER_0,SPEAKER_1,True,2.021,2.58,19,20,5,5,0.9832,0.962,0.9104,True,False,마음이 힘들 때 누구한테 이야기해?,친구들이나 아빠한테 얘기 많이 해요.
2677,61,309735,311794,2059,2.059,SPEAKER_0,SPEAKER_1,True,6.275,1.461,52,13,16,4,0.9574374999999999,0.972,0.779,True,False,더럽고 냄새 나는 옷을 입어야 한 적이 있거나 작은 옷이나 신발을 입거나 신고 다닌 적 있어?,아니요 그런 적 없어요.
2677,64,328140,330199,2059,2.059,SPEAKER_0,SPEAKER_1,True,3.14,4.341,25,35,7,9,0.9785714285714285,0.964,0.9681111111111111,True,False,너무 많이 한다고 어른들이 뭐라 하시진 않아?,아빠가 두 시간 정도까진 괜찮다고 했어요. 그 이상은 안된대요.
3696,57,243041,245100,2059,2.059,SPEAKER_0,SPEAKER_1,True,3.301,0.5,34,4,9,1,0.983,0.998,0.966,True,False,아픈 곳이 있는데 어른들이 병원에 데려가지 않은 적이 있나요?,아니요.
3696,62,276485,278544,2059,2.059,SPEAKER_0,SPEAKER_1,True,3.3,1.301,42,13,10,4,0.894,0.997,0.9995,True,False,아니요. 인터넷이나 휴대폰을 가지고 노는 시간은 하루에 몇 시간 정도인가요?,하루에 두 시간 정도요.
3706,38,163850,165909,2059,2.059,SPEAKER_0,SPEAKER_0,False,1.7,1.381,16,12,4,3,0.7575000000000001,0.934,0.9833333333333333,True,False,담임 선생님 좋아요? 싫어요?,담임 선생님은 좋아요.
3706,70,319211,321270,2059,2.059,SPEAKER_1,SPEAKER_0,True,2.581,3.941,24,33,7,9,0.9065714285714286,0.993,0.9636666666666667,False,True,네. 시설 선생님 때문에 기분이 안 좋아요.,시설 선생님의 어떤 말과 행동이 기분을 안 좋아지게 했나요?
3706,81,382485,384544,2059,2.059,SPEAKER_0,SPEAKER_1,True,1.7,0.821,18,6,5,2,0.9511999999999999,0.821,0.998,False,False,시설 선생님이 나를 왜 때렸어요.,제가 일부러
3706,87,409505,411564,2059,2.059,SPEAKER_0,SPEAKER_0,False,3.38,10.676,33,84,9,22,0.9137777777777778,0.942,0.960590909090909,True,False,맞은 것 때문에 다치거나 병원에 가서 치료받은 적이 있나요?,아니요. 상처가 나거나 하진 않고 그냥 아파서 치료 안 받았어요. 내가 원하지 않는데도 누군가가 내 몸을 만지거나 보여달라고 한 적이 있나요? 아니요.
3731,63,288705,290764,2059,2.059,SPEAKER_1,SPEAKER_0,True,5.025,4.021,52,43,14,12,0.9805714285714285,0.989,0.9620833333333333,False,True,아빠는 제가 싫다고 해도 무조건 따르라고 해서 벽이랑 대화하는 것 같다고 생각한 적이 있어요.,어른들이 무조건 안 된다고 하거나 하기 싫은데도 무조건 하라고 할 때가 있어?
3821,56,320331,322390,2059,2.059,SPEAKER_1,SPEAKER_0,True,1.541,1.221,12,11,3,3,0.9763333333333334,0.93,0.9986666666666667,False,True,전혀 행복하지 않아요.,왜 그렇게 느끼나요?
5036,84,385200,387259,2059,2.059,SPEAKER_1,SPEAKER_0,True,0.501,1.781,3,15,1,5,0.765,0.765,0.9448,False,True,아니요,주로 혼날 땐 어떻게 웃나?
5058,105,412420,414479,2059,2.059,SPEAKER_1,SPEAKER_0,True,3.14,3.701,29,37,8,11,0.987,0.984,0.984,False,True,가끔 나이 많은 아저씨가 지나가면 놀랄 때가 있어요.,부모님한테 말 안 하고서 오랫동안 집 밖으로 나와 있었던 적 있어?
0002,17,71120,73175,2055,2.055,SPEAKER_1,SPEAKER_0,True,0.5,1.941,6,14,1,5,0.934,0.934,0.9976,False,False,화풀이에요.,그 표정을 지을 때 기분이
2677,19,107405,109460,2055,2.055,SPEAKER_0,SPEAKER_1,True,2.82,3.781,21,29,6,7,0.8845,0.383,0.9892857142857143,False,False,아빠는 평상시에 어떤 표정을 자주 지어,우울한 표정이다가 갑자기 무서운 표정을 짓기도 해요.
3696,37,153335,155390,2055,2.055,SPEAKER_0,SPEAKER_1,True,2.34,2.261,20,21,5,6,0.984,0.997,0.9964999999999999,True,False,요즘 가장 큰 걱정거리는 무엇인가요?,요즘 어떤 친구의 마음을 잘 몰라서요.
3891,64,384510,386565,2055,2.055,SPEAKER_1,SPEAKER_0,True,5.06,3.38,44,33,12,10,0.9365,0.997,0.9889,False,True,네. 밖에 나가지도 않으니까 그냥 입으라고 해서 일주일 내내 입은 적도 있어요.,옷이나 신발 크기가 작은 걸 입거나 신고 다닌 적이 있나요?
3696,102,464575,466622,2047,2.047,SPEAKER_0,SPEAKER_1,True,4.74,1.061,46,10,13,3,0.9733846153846154,0.998,0.9996666666666667,True,False,부모님의 허락 없이 또는 말도 하지 않고 오랫동안 집에서 나와 있었던 적이 있나요?,그런 적은 없어요.
0005,71,353580,355625,2045,2.045,SPEAKER_1,SPEAKER_0,True,1.78,2.82,15,26,5,7,0.989,0.996,0.9882857142857143,False,True,두 시간 정도인 것 같아요.,너무 많이 한다고 어른들이 뭐라 하시진 않나요?
2076,94,435085,437130,2045,2.045,SPEAKER_0,SPEAKER_1,True,4.98,2.34,45,22,11,5,0.9518181818181818,0.984,0.8602,True,False,잠자는 중간에 자주 깼던 이유가 무섭거나 끔찍하거나 힘들었던 경험 때문인 건가요?,네. 학원 선생님한테 혼나고부터 그래요.
3696,50,208245,210290,2045,2.045,SPEAKER_1,SPEAKER_0,True,2.181,2.58,21,25,6,6,0.9981666666666666,0.991,0.9906666666666667,False,True,멋진 춤을 만드는 일을 하고 싶거든요.,집에서 주로 나를 돌봐주는 어른은 누구인가요?
3706,67,301970,304015,2045,2.045,SPEAKER_0,SPEAKER_1,True,5.14,4.26,41,38,9,12,0.9256666666666666,0.994,0.9419166666666666,True,False,"시설 선생님이 운동회나 창단수업, 학부모상담생, 학교 행사에 잘 오시나요?",전화상담은 항상 해요. 학교 행사로 치면 열 번 중 세 번 참여해요.
0216,12,57265,59309,2044,2.044,SPEAKER_0,SPEAKER_1,True,2.581,2.021,24,19,8,6,0.9622499999999999,0.844,0.9545,False,False,우리 친구는 몇 시에 자고 몇 시에 일어나요,열 시에 자고 일곱 시에 일어나요.
1136,56,314406,316450,2044,2.044,SPEAKER_0,SPEAKER_1,True,3.781,0.74,32,4,9,2,0.9947777777777778,0.99,0.935,True,False,몸이 아플 때 어른들이 병원에 데려가지 않았던 적이 있어?,그런 적
2674,91,523221,525265,2044,2.044,SPEAKER_0,SPEAKER_1,True,4.581,0.981,34,8,7,2,0.9388571428571428,0.973,0.6165,True,False,내가 싫다는데도 계속해서 연락하거나 따라다니는 사람이 있나요?,아니요 없어요.
3706,39,167290,169334,2044,2.044,SPEAKER_0,SPEAKER_0,False,1.381,1.621,12,13,3,3,0.9833333333333333,0.994,0.9786666666666667,False,True,담임 선생님은 좋아요.,담임선생님이 왜 좋아요?
3706,101,500486,502530,2044,2.044,SPEAKER_0,SPEAKER_1,True,3.941,0.5,36,4,10,1,0.9742999999999999,1.0,0.974,True,False,생각하고 싶지 않은데도 자꾸 안 좋은 기억이 떠오른 적이 있나요?,아니요.
0184,50,234541,236584,2043,2.043,SPEAKER_1,SPEAKER_1,False,3.541,4.901,25,38,6,9,0.9888333333333333,0.998,0.924,True,False,부모님이 여동생이랑 차별한다고 느낀 적 있어?,아니요. 여동생이 애기라서 동생도 봐줘도 되는데 같이 잘 챙겨주세요.
0216,59,283670,285705,2035,2.035,SPEAKER_0,SPEAKER_0,False,5.22,3.541,30,29,10,7,0.8454,0.711,0.9702857142857143,False,True,어른들이 와야 하는 학교 행사가 있을 때 잘 오실까 네,부모님이나 선생님 때문에 슬프거나 화난 적이 있을까?
3706,105,516550,518585,2035,2.035,SPEAKER_0,SPEAKER_0,False,4.34,0.501,39,4,11,1,0.9762727272727273,0.998,0.975,True,False,어른들의 허락 없이 또는 말도 없이 오랫동안 나와 있었던 적이 있나요?,아니요.
0216,64,309301,311335,2034,2.034,SPEAKER_0,SPEAKER_0,False,5.541,15.54,43,83,11,21,0.9688181818181818,0.995,0.9249999999999999,True,True,내가 원하지 않았는데도 누군가가 내 몸을 만지거나 보여달라고 한 적이 있을까?,그런 적은 없는데. 저번에 체육관 선생님이 친구들 앞에서 바지랑 팬티를 벗겼어요. 집에서 어른들끼리 소리 지르면서 싸우는 걸 듣거나 본 적이 있을까?
2677,79,415380,417414,2034,2.034,SPEAKER_1,SPEAKER_0,True,0.5,2.101,4,17,1,5,0.733,0.733,0.9062,False,True,아니요.,혼날 땐 누구한테 어떻게 혼나?
5069,0,12180,14214,2034,2.034,SPEAKER_0,SPEAKER_0,False,6.26,1.621,30,14,8,4,0.871125,0.529,0.99025,False,True,최근에 건강하니 아니면 아픈 적이 있었어? 안 아파요.,최근에 다친 적이 있었어?
0005,25,118060,120085,2025,2.025,SPEAKER_2,SPEAKER_2,False,3.22,2.1,24,17,6,4,0.9801666666666666,0.966,0.93275,True,False,평소에 할아버지는 어떤 표정을 자주 짓나요?,웃는 표정이랑 찡그린 표정이요.
2076,2,12740,14765,2025,2.025,SPEAKER_0,SPEAKER_1,True,1.62,1.221,15,11,4,3,0.99675,0.997,0.919,True,False,최근에 다친 적이 있었나요?,발가락에 금이 갔어요
3242,95,562340,564365,2025,2.025,SPEAKER_0,SPEAKER_1,True,8.02,0.5,65,4,18,1,0.9837222222222222,1.0,0.829,True,False,나의 신체 부위를 사진 영상을 찍어 어디에 올리거나 보낸 적이 있나요? 아니면 누가 그렇게 해달라고 한 적이 있나요?,아니요.
3242,106,617330,619355,2025,2.025,SPEAKER_1,SPEAKER_0,True,0.5,3.22,4,27,1,8,0.987,0.987,0.996,False,True,아니요.,그럼 혹시 죽고 싶다는 생각을 해본 적이 있나요?
0184,35,149700,151724,2024,2.024,SPEAKER_1,SPEAKER_1,False,4.26,1.861,36,14,10,4,0.9821,0.999,0.9995,False,True,"네, 그런 것 같아요. 가끔 제가 좋아하는 치킨도 사오고 그래요.",평소 엄마의 표정은 어때?
5036,45,197901,199924,2023,2.023,SPEAKER_0,SPEAKER_1,True,2.741,1.221,20,9,7,3,0.9224285714285714,0.531,0.8736666666666667,False,False,요즘 행복한 것 같아 불행한 것 같아,불행한 것 같아요
3706,5,25805,27820,2015,2.015,SPEAKER_1,SPEAKER_0,True,2.741,1.78,24,15,7,4,0.9414285714285714,0.998,0.9935,False,True,네. 그전에는 소화 안 되는 일이 없었어요.,최근에 다쳤던 적이 있나요?
3706,54,231855,233870,2015,2.015,SPEAKER_0,SPEAKER_1,True,1.7,4.58,16,40,5,10,0.9972,0.992,0.9098,True,False,하고 싶은 일이 아예 없어요?,네. 당장 없어요. 매일 멍하고 우울해서 장래희만 신경쓰고 싶지 않아요.
2677,84,442861,444865,2004,2.004,SPEAKER_0,SPEAKER_1,True,7.861,0.98,58,8,15,2,0.9512666666666667,0.963,0.77,False,False,인터넷이나 휴대폰을 통해 성적인 목적으로 나의 신체 부위를 사진이나 영상을 찍어 누구에게 보낸 적이 있어,아니요 없어요.
0005,105,529405,531400,1995,1.995,SPEAKER_2,SPEAKER_0,True,1.46,3.62,11,36,4,10,0.989,0.962,0.9835,False,True,딱히 꿈을 안 꿔요.,생각하고 싶지 않은데도 자꾸 안 좋은 기억이 떠오른 적이 있나요?
0184,62,288440,290435,1995,1.995,SPEAKER_1,SPEAKER_1,False,2.34,7.14,18,52,6,15,0.9111666666666667,0.987,0.9296666666666666,True,True,뭐 때문에 그게 걱정인 것 같아?,여동생이 좀 더 크면 어린이집 같은 곳 가는데 제가 못 지켜 주잖아요. 가서 다치면 어떡해요?
1786,25,128605,130600,1995,1.995,SPEAKER_0,SPEAKER_0,False,1.86,0.9,18,7,5,2,0.9984,0.999,0.999,True,False,그 표정을 보면 기분은 어떤가요?,저도 좋아요.
1786,59,298400,300395,1995,1.995,SPEAKER_0,SPEAKER_0,False,0.5,3.3,4,33,1,10,0.994,0.994,0.9138,False,True,엄마요.,배가 고픈데 먹을 게 없어서 굶은 적이 있나요 왜 그랬나요?
1786,77,393815,395810,1995,1.995,SPEAKER_0,SPEAKER_0,False,4.9,8.66,51,65,13,18,0.9641538461538461,0.993,0.9277777777777778,True,True,어른들이 나를 집에서 쫓아내거나 버리겠다고 하거나 어디에 가두고 못 나오게 한 적이 있나요?,"네, 엄마가 화나면 너 이 집에서 나가라고 소리 지를 때가 있어요. 마음이 힘들 때 내 마음을 가족에게 이야기하나요?"
2560,80,405975,407970,1995,1.995,SPEAKER_0,SPEAKER_1,True,4.02,0.5,39,4,10,1,0.9626,0.938,0.999,True,False,집에서 쫓아내거나 버리겠다고 하거나 가두고 못 나오게 한 적이 있어요?,없어요.
2637,39,176530,178525,1995,1.995,SPEAKER_1,SPEAKER_0,True,6.74,2.9,54,24,16,6,0.935625,0.987,0.8996666666666666,False,False,"두 명이랑 놀아요. 한 명은 저희 반이고, 한 명은 저희 반은 아닌데 학원을 같이 다녀서 친해요.",담임 선생님은 좋아해? 싫어해? 담임 선생님
5036,6,34450,36445,1995,1.995,SPEAKER_1,SPEAKER_0,True,1.06,2.02,6,18,2,4,0.766,0.957,0.98875,False,True,네 없어요.,언제부터 즐거움을 느끼지 못했어?
5036,36,156475,158470,1995,1.995,SPEAKER_1,SPEAKER_0,True,0.5,1.701,4,15,1,5,0.987,0.987,0.9728,False,True,좋아요.,어떤 점에서 좋은 것 같아?
5036,106,507675,509670,1995,1.995,SPEAKER_0,SPEAKER_1,True,2.101,1.62,20,6,6,2,0.9470000000000001,0.918,0.869,False,False,이런 안 좋은 기억이 떠오르면 어떻게,그냥 참아요
0006,58,257851,259845,1994,1.994,SPEAKER_1,SPEAKER_0,True,0.822,1.3,9,10,2,2,0.9955,0.991,0.9530000000000001,False,True,엄마가 때려서요.,다치거나 아팠나요?
2076,6,24705,26699,1994,1.994,SPEAKER_0,SPEAKER_0,False,1.06,1.301,12,10,4,3,0.98625,0.993,0.7203333333333333,True,False,뭘 할 때가 즐거워요?,동물원 가면 좋아요
2677,17,92271,94265,1994,1.994,SPEAKER_0,SPEAKER_1,True,4.581,7.46,32,55,10,15,0.9463,0.869,0.8544666666666667,False,False,평소에 잠이 들기 힘들거나 잠 자는 중간에 자주 깨기도 해,잠이 들면 깊게 자는데 잠에 들기 까지가 좀 힘들어요. 이유는 잘 모르겠는데 잠들기가 좀 어려워요.
2677,98,512166,514160,1994,1.994,SPEAKER_0,SPEAKER_1,True,2.021,1.62,15,16,6,5,0.9748333333333333,0.981,0.9954,False,False,잠잘 때 주로 어떤 꿈을 꿔,꿈을 아예 안 꾸는 편이에요.
0005,88,447365,449350,1985,1.985,SPEAKER_1,SPEAKER_0,True,1.46,7.46,14,59,4,14,0.8625,0.997,0.9660714285714286,False,True,"아니요, 그런 적 없어요.",인터넷이나 휴대폰을 통해 성적인 목적으로 나의 신체부위를 사진이나 영상을 찍어 보내거나 올린 적이 있나요?
0184,64,302535,304520,1985,1.985,SPEAKER_0,SPEAKER_1,True,2.98,3.54,27,31,10,11,0.9729,0.985,0.9031818181818182,True,False,한 달에 몇 번 정도 그런 걱정이 되는 것 같아?,가끔 그런 걱정 되는 거라서 한 번 정도 인 것 같아요.
2677,15,81385,83370,1985,1.985,SPEAKER_0,SPEAKER_1,True,2.66,1.38,19,12,6,3,0.961,0.886,0.97,False,False,아침에 일어났을 때 몸 상태는 어때,몸이 갈렸고 상쾌해요.
0002,21,88560,90540,1980,1.98,SPEAKER_1,SPEAKER_0,True,2.261,2.34,16,21,4,5,0.9685,1.0,0.9956,False,True,동생이랑은 잘 지내고 있어요.,아버지가 동생이랑 차별하는 것 같아요?
0002,27,115810,117790,1980,1.98,SPEAKER_1,SPEAKER_0,True,2.82,1.78,20,13,5,4,0.8812,1.0,0.99975,False,True,"담임 선생님 착하고 좋아해요, 제가.",가장 큰 걱정이 있나요?
0002,30,127865,129845,1980,1.98,SPEAKER_1,SPEAKER_1,False,2.1,3.78,17,22,4,6,0.999,0.998,0.9626666666666667,True,False,아빠가 걱정되는 이유가 뭐예요?,저랑 동생 그만 때렸으면 좋겠어요. 요즘
0002,51,234630,236610,1980,1.98,SPEAKER_1,SPEAKER_0,True,9.706,2.1,54,18,15,4,0.9794,1.0,0.99875,False,True,그냥 막 갑자기 한숨 쉬시면서 술 드시다가 또 화내고 욕 하다가 때리세요. 이유는 잘 모르겠어요.,아빠한테 맞아서 얼마나 다쳤어요?
0002,72,354230,356210,1980,1.98,SPEAKER_0,SPEAKER_1,True,3.54,1.54,29,15,8,4,0.998375,0.999,0.91875,True,False,아빠한테 말도 없이 집에서 오랫동안 나온 적 있어요?,"아니요, 그런 적 없었어요."
0004,5,21235,23215,1980,1.98,SPEAKER_1,SPEAKER_0,True,2.12,0.82,14,8,3,2,0.82,0.854,0.9984999999999999,False,True,누나가 찢어져서 꿰맸어요.,언제 다쳤어요?
0004,48,212685,214665,1980,1.98,SPEAKER_0,SPEAKER_0,False,0.5,2.02,5,13,1,3,0.978,0.978,0.9456666666666667,False,True,힘들어요.,요즘 행복하다고 느껴요?
0005,4,20985,22965,1980,1.98,SPEAKER_0,SPEAKER_1,True,2.02,2.5,18,20,6,6,0.9823333333333333,0.994,0.9761666666666666,True,False,우리 친구는 뭘 할 때 즐거워요?,제가 좋아하는 물고기 영상 볼 때요.
0005,8,44765,46745,1980,1.98,SPEAKER_0,SPEAKER_1,True,3.061,1.06,28,8,8,2,0.91125,0.979,0.9884999999999999,True,False,최근 일주일 동안 짜증이나 화가 난 적이 있을까요?,짜증이 났어요.
0005,14,74135,76115,1980,1.98,SPEAKER_0,SPEAKER_1,True,3.06,2.74,27,25,8,6,0.9775,0.979,0.9818333333333333,True,False,그렇게 짜증이 나면 어떻게 할 땐 마음이 풀려요?,그냥 참아요. 어떻게 해야 할지 모르겠어서요.
0005,17,88060,90040,1980,1.98,SPEAKER_1,SPEAKER_0,True,2.26,2.5,22,21,8,6,0.953875,0.984,0.9921666666666666,False,True,열 한 시 쯤 자고 일곱 시에 일어나요.,아침에 일어났을 때 몸 상태는 어때요?
0005,29,137470,139450,1980,1.98,SPEAKER_0,SPEAKER_1,True,1.7,4.98,14,32,4,8,0.9555,0.996,0.92425,True,False,그럼 친구 기분은 어때요?,할아버지가 잘 챙겨주시니까 좋긴 한데 걱정이 되기도 해요.
0005,32,151505,153485,1980,1.98,SPEAKER_1,SPEAKER_0,True,1.94,0.901,16,8,5,2,0.9067999999999999,0.984,0.994,False,True,"네, 여동생이 한 명 있어요.",사이가 어때요?
0005,38,176155,178135,1980,1.98,SPEAKER_1,SPEAKER_0,True,1.78,2.02,14,16,4,6,0.9672499999999999,0.891,0.8108333333333333,False,False,같이 노는 친구가 없어요.,왜 못 노는지 이야기 해줄 수
0005,77,392865,394845,1980,1.98,SPEAKER_0,SPEAKER_1,True,5.94,1.54,52,13,14,5,0.9746428571428571,0.98,0.9526,True,False,내가 무엇을 하려고 하면 무조건 안된다고 하거나 하기 싫은데도 무조건 하라고 할 때가 있나요?,그런 적 없는 것 같아요
0005,83,425110,427090,1980,1.98,SPEAKER_0,SPEAKER_1,True,3.78,0.5,34,4,10,1,0.981,0.951,0.86,True,False,주위 어른이나 가족들 중 나를 때린 적이 있는 사람이 있나요?,아니요.
0184,3,15105,17085,1980,1.98,SPEAKER_1,SPEAKER_0,True,0.82,0.98,8,8,2,2,0.983,0.966,0.9984999999999999,False,True,어제 다쳤어요.,어디를 다쳤어?
0184,10,41935,43915,1980,1.98,SPEAKER_0,SPEAKER_1,True,1.3,1.221,11,13,4,4,0.99025,1.0,0.99275,True,False,뭘 할 때가 즐거워?,학교 올 때가 즐거워요.
0184,14,58270,60250,1980,1.98,SPEAKER_0,SPEAKER_1,True,3.141,1.62,26,14,9,5,0.9705555555555555,0.995,0.9908,True,False,최근 일주일 동안 짜증이 나 화가 난 적 있어?,"네, 짜증 난 적 있어요."
0184,30,126805,128785,1980,1.98,SPEAKER_0,SPEAKER_1,True,2.58,2.5,22,21,7,6,0.9598571428571429,0.994,0.9561666666666666,True,False,어떨 때 그런 표정을 지으시는 거 같아?,그냥 평소에 그런 표정이신 거 같아요.
0184,63,297575,299555,1980,1.98,SPEAKER_1,SPEAKER_0,True,7.14,2.98,52,27,15,10,0.9296666666666666,0.953,0.9729,True,True,여동생이 좀 더 크면 어린이집 같은 곳 가는데 제가 못 지켜 주잖아요. 가서 다치면 어떡해요?,한 달에 몇 번 정도 그런 걱정이 되는 것 같아?
0184,83,384775,386755,1980,1.98,SPEAKER_1,SPEAKER_0,True,0.5,5.035,4,34,1,10,0.978,0.978,0.9852,False,False,아니요.,크기가 맞지 않는 옷을 입거나 신발을 신은 적 있어? 없어요.
0184,107,527025,529005,1980,1.98,SPEAKER_1,SPEAKER_1,False,12.145,0.98,72,10,24,2,0.9784166666666667,0.971,0.9035,True,False,갑자기 어디서 떨어지는 꿈 꿀 때도 있고 하늘 나는 꿈 꿀 때도 있고 공룡 나오는 꿈 꿀 때도 있어요. 기분 나쁜 꿈인 것 같아?,"아니요, 재밌어요."
0216,25,119930,121910,1980,1.98,SPEAKER_0,SPEAKER_0,False,3.22,2.181,25,20,7,7,0.9942857142857143,0.994,0.9937142857142857,False,True,엄마는 엄청 즐거운 표정을 많이 하고 있어요.,왜 그런 표정을 하고 있는 것 같아?
0216,58,276470,278450,1980,1.98,SPEAKER_1,SPEAKER_0,True,0.5,5.22,4,30,1,10,0.741,0.741,0.8454,False,False,안가요.,어른들이 와야 하는 학교 행사가 있을 때 잘 오실까 네
0216,70,361720,363700,1980,1.98,SPEAKER_0,SPEAKER_1,True,3.3,0.5,29,4,9,1,0.9223333333333333,0.548,0.397,False,False,그렇게 힘들 때 죽고 싶다는 생각을 한 적이 있나요.,아니요.
0216,75,383700,385680,1980,1.98,SPEAKER_0,SPEAKER_1,True,2.34,1.941,18,15,5,3,0.9724,0.975,0.9536666666666667,True,False,꿈꾸고 일어나면 몸 상태가 어때?,땀나고 무서워서 두근거려요.
0379,70,416340,418320,1980,1.98,SPEAKER_0,SPEAKER_0,False,5.38,1.22,38,8,10,3,0.9514,0.775,0.8863333333333333,False,False,인터넷이나 휴대폰 게임을 너무 많이 한다고 어른들이 뭐라고 하지 않아,네. 안 해요.
1136,92,515620,517600,1980,1.98,SPEAKER_0,SPEAKER_1,True,4.5,0.5,38,4,11,1,0.9805454545454545,0.983,0.763,True,False,부모님이 싸운 것 때문에 경찰이 오거나 다른 사람들이 온 적이 있니?,아니요.
1354,25,111115,113095,1980,1.98,SPEAKER_1,SPEAKER_0,True,0.82,1.3,9,12,2,4,0.707,0.985,0.9984999999999999,False,True,묻는 표정이에요.,그럴 때 기분이 어때?
1354,42,178130,180110,1980,1.98,SPEAKER_0,SPEAKER_1,True,1.861,0.74,16,7,5,2,0.9992,0.999,0.5975,True,False,커서 어떤 사람이 되고 싶어?,이러고 싶어요
1786,33,165890,167870,1980,1.98,SPEAKER_0,SPEAKER_0,False,1.621,0.5,13,4,3,1,0.958,0.995,0.859,True,False,형제자매는 몇 명인가요?,없어요.
2076,7,28000,29980,1980,1.98,SPEAKER_0,SPEAKER_0,False,1.301,1.14,10,11,3,3,0.7203333333333333,0.506,0.986,False,True,동물원 가면 좋아요,어떤 점이 즐거워요?
2076,12,47175,49155,1980,1.98,SPEAKER_0,SPEAKER_1,True,0.9,5.38,8,50,3,14,0.9973333333333333,1.0,0.9376428571428571,False,False,그런 일이 자주,일어나요? 아니요 원래는 안 그런데 학원 쌤한테 혼나고 나서는 문제가 안 풀리면 화가 나요
2076,15,62190,64170,1980,1.98,SPEAKER_0,SPEAKER_0,False,1.78,1.62,16,18,4,4,0.98125,0.976,0.975,False,True,게임하거나 종이를 막 찢어요.,그렇게 하면 기분이 괜찮아지나요?
2076,28,117520,119500,1980,1.98,SPEAKER_1,SPEAKER_0,True,0.901,2.34,9,21,2,6,0.9964999999999999,0.993,0.9971666666666666,False,True,저를 좋아해서요.,그런 표정을 보면 친구 기분은 어때요?
2076,66,289175,291155,1980,1.98,SPEAKER_0,SPEAKER_1,True,1.86,0.5,22,4,5,1,0.947,0.781,0.62,True,False,어른들이 나를 다른 아이들과 비교하나요?,아니요.
2076,101,466970,468950,1980,1.98,SPEAKER_1,SPEAKER_0,True,1.62,1.3,13,13,4,4,0.99725,0.992,0.97125,False,True,심장이 엄청 빨리 뛰어요,가출해 본 적이 있나요?
2315,85,437355,439335,1980,1.98,SPEAKER_0,SPEAKER_0,False,4.82,0.5,38,4,10,1,0.9803999999999999,0.985,0.811,True,False,없어요. 가족들끼리 소리를 지르면서 싸우는 걸 듣거나 본 적 있어요?,아니요.
2315,98,503510,505490,1980,1.98,SPEAKER_0,SPEAKER_0,False,2.9,0.501,25,4,7,1,0.9404285714285714,0.997,0.572,True,False,없어요. 친한 친구 중 가출한 친구가 있나요?,아니요.
2637,4,17795,19775,1980,1.98,SPEAKER_0,SPEAKER_1,True,2.1,2.18,15,19,5,5,0.9718,0.989,0.8724,True,False,친구는 뭘 할 때가 즐거워?,아빠랑 보드게임 하는 게 즐거워요.
2637,5,21955,23935,1980,1.98,SPEAKER_1,SPEAKER_0,True,2.18,1.22,19,10,5,3,0.8724,0.979,0.9966666666666667,False,True,아빠랑 보드게임 하는 게 즐거워요.,어떤 점이 즐거워?
2637,27,125615,127595,1980,1.98,SPEAKER_1,SPEAKER_0,True,1.54,2.42,12,17,4,5,0.96375,0.932,0.9964,False,True,저야 엄청 기분 좋죠.,엄마는 어떤 표정을 자주 지어?
2637,32,144700,146680,1980,1.98,SPEAKER_0,SPEAKER_1,True,1.78,2.02,17,15,5,4,0.9114,0.999,0.99675,True,False,한데요. 그럴 때 기분이 어때?,엄마가 좋아서 저도 좋아요.
2637,53,239065,241045,1980,1.98,SPEAKER_1,SPEAKER_0,True,5.38,2.98,47,23,13,6,0.9513846153846154,0.986,0.993,False,True,"그림 그리는 것도 재미있고, 제가 보는 웹툰이 너무 잘 그려서 그렇게 그리고 싶어요.",집에서 주로 나를 돌봐주는 어른은 누구야?
2637,102,479355,481335,1980,1.98,SPEAKER_1,SPEAKER_0,True,0.661,6.1,4,45,2,13,0.9955,0.995,0.9558461538461538,False,True,없는 것,같아요 부모님의 허락 없이 또는 말도 없이 오랫동안 집에서 나와 있었던 적 있어?
2674,45,247000,248980,1980,1.98,SPEAKER_0,SPEAKER_1,True,1.94,6.835,14,47,4,10,0.99925,1.0,0.9251,False,False,어떤 점에서 선생님이 싫은,거에요? 나이가 많고 할아버지랑 닮았거든요. 보수적이고 자기 말을 따르라고 강요해요.
2677,59,298600,300580,1980,1.98,SPEAKER_0,SPEAKER_1,True,4.1,0.5,36,4,10,1,0.9444,0.863,0.792,True,False,어디 아픈 곳이 있는데 어른들이 병원에 데려가지 않은 적이 있어?,아니요.
2677,70,365935,367915,1980,1.98,SPEAKER_0,SPEAKER_1,True,1.94,3.94,15,29,4,9,0.978,0.958,0.9714444444444444,True,False,아빠가 얼마나 자주 그러셔?,자주는 아닌데 가끔 그래요. 한 달에 한 번 정도요.
2677,72,382090,384070,1980,1.98,SPEAKER_0,SPEAKER_1,True,7.06,0.5,58,4,16,1,0.9620625,0.952,0.861,True,False,내가 무엇을 하려고 하면 무조건 안된다고 하지 말라고 하거나 하기 싫은데도 무조건 하라고 할 때가 있어?,아니요.
2677,86,452565,454545,1980,1.98,SPEAKER_0,SPEAKER_1,True,4.42,1.141,33,10,7,3,0.9702857142857143,0.883,0.9926666666666667,True,False,내가 싫다는데도 계속해서 연락하거나 따라다니는 사람이 있어?,그런 사람 없어요.
2677,89,464860,466840,1980,1.98,SPEAKER_1,SPEAKER_0,True,0.5,2.58,4,20,1,6,0.921,0.921,0.9883333333333333,False,True,아니요.,부모님이 술을 자주 마시는 것 같아?
3242,6,30370,32350,1980,1.98,SPEAKER_0,SPEAKER_1,True,2.1,7.7,17,54,5,11,0.9954,0.999,0.9887272727272727,True,False,왜 다쳤는지 말해줄 수 있어요?,선생님 때문에요. 선생님이 제가 떠들었다고 스테이플러를 얼굴에 던졌거든요. 그래서 많이 다쳤어요.
3242,30,181155,183135,1980,1.98,SPEAKER_1,SPEAKER_0,True,3.62,3.22,30,26,7,8,0.945,0.998,0.9655,False,True,원래 활짝 웃어주시는데 요즘엔 좀 걱정하는 얼굴이에요.,왜 시설 선생님이 그런 표정을 짓는 거 같아요?
3242,101,591245,593225,1980,1.98,SPEAKER_0,SPEAKER_1,True,4.865,0.9,43,9,12,2,0.92575,0.997,0.9924999999999999,False,False,어른이 아닌 주변 사람들이 나를 자주 놀리거나 괴롭힌다고 느낀 적이 느낀 적이,있나요? 아니요.
3242,102,594125,596105,1980,1.98,SPEAKER_1,SPEAKER_1,False,0.9,2.34,9,20,2,5,0.9924999999999999,0.986,0.9972,False,True,있나요? 아니요.,어떨 때 마음이 복잡하거나 힘든가요?
3242,113,651755,653735,1980,1.98,SPEAKER_0,SPEAKER_1,True,3.3,2.82,27,22,8,4,0.975625,0.999,0.95675,True,False,만약 싫은 기억이 떠오르면 어떻게 할 것 같아요?,친구들이랑 얘기하고 놀면서 잊어버릴래요.
3316,86,289390,291370,1980,1.98,SPEAKER_1,SPEAKER_0,True,0.82,4.181,8,45,2,13,0.9995,0.999,0.9811538461538462,False,True,잘 모르겠어요.,안 좋은 기억 때문에 괴로워서 스스로 해치거나 죽고 싶다는 생각을 한 적 있나요?
3696,6,21875,23855,1980,1.98,SPEAKER_0,SPEAKER_1,True,1.14,4.276,12,43,3,11,0.9946666666666667,0.987,0.939,True,False,어떤 점이 즐거운가요?,친구들이랑 친구들이랑 같이 놀 수도 있고 수업 시간에 재미있는 곳을 가니까요.
3696,65,291680,293660,1980,1.98,SPEAKER_1,SPEAKER_0,True,4.421,4.755,40,36,11,9,0.9401818181818182,0.631,0.9907777777777778,False,False,"아니요, 이런 거 있으면 엄마는 저보고 알아서 하라고 하고 매번 하나요.",부모님이나 선생님 때문에 기분이 안 좋아진 적이 있나요? 아니요.
3696,88,397000,398980,1980,1.98,SPEAKER_0,SPEAKER_1,True,3.46,0.5,33,4,7,1,0.9602857142857143,0.997,0.957,True,False,내가 싫어하는데도 계속 연락하거나 따라다니는 사람이 있나요?,아니요.
3706,12,54590,56570,1980,1.98,SPEAKER_0,SPEAKER_1,True,2.981,1.38,28,14,9,4,0.9301111111111111,0.615,0.92075,True,False,최근 일주일 동안 짜증이 나 화가 난 적이 있나요?,네. 짜증 나고 화났어요.
3706,33,145985,147965,1980,1.98,SPEAKER_1,SPEAKER_0,True,0.981,2.1,8,19,2,5,0.7525,0.908,0.9358,False,True,아니요 없어요.,친구들이랑은 주로 뭐 하고 놀아요?
3706,50,212820,214800,1980,1.98,SPEAKER_0,SPEAKER_1,True,1.46,5.855,13,48,3,12,0.991,0.986,0.9085,True,False,왜 불행하다고 느끼나요?,저녁식사 시간에 시설 선생님이 나만 쳐다보는 거 같아 눈치가 보여요. 그래서 불행해요.
3706,75,357575,359555,1980,1.98,SPEAKER_0,SPEAKER_1,True,5.14,0.5,47,4,12,1,0.95275,0.981,0.882,True,False,어른들이 나를 쫓아내거나 그러겠다고 하거나 어디에 가두고 못 나오게 한 적이 있나요?,아니요.
3731,9,42285,44265,1980,1.98,SPEAKER_1,SPEAKER_0,True,3.3,2.9,29,21,8,7,0.981875,0.974,0.9848571428571429,False,True,그냥 기분 나쁘다고 바로 말하고 사과 받으면 풀려요.,평소에 몇 시에 자고 몇 시에 일어나?
3891,109,644985,646965,1980,1.98,SPEAKER_1,SPEAKER_0,True,4.58,4.1,38,44,9,12,0.9404444444444444,0.983,0.9309166666666666,False,True,"큰 소리로 외치는 연습하는데, 삼촌에게 걸리면 조용히 하라고 혼나요.",부모님이 허락 없이 또는 말도 없이 오랫동안 집에서 나와 있었던 적이 있었어요?
5036,1,8820,10800,1980,1.98,SPEAKER_0,SPEAKER_1,True,1.461,0.5,14,4,4,1,0.99725,0.993,0.984,True,False,없어요. 다친 곳은 있어?,아니요.
5069,8,41915,43895,1980,1.98,SPEAKER_1,SPEAKER_0,True,1.62,2.66,12,18,4,5,0.992,0.995,0.9004,False,True,짜증이랑 화 다 나요.,무엇 때문에 짜증이랑 화가 났어?
5069,50,252410,254390,1980,1.98,SPEAKER_1,SPEAKER_0,True,0.5,1.701,4,14,1,4,0.899,0.899,0.99975,False,True,아니요.,어떤 점에서 그렇게 느껴?
5069,104,565200,567180,1980,1.98,SPEAKER_0,SPEAKER_1,True,3.46,0.5,35,3,10,1,0.9774,0.909,0.617,True,False,생각하고 싶지 않은데도 자꾸 안 좋은 기억이 떠오른 적이 있어?,아니요
0002,36,150010,151989,1979,1.979,SPEAKER_1,SPEAKER_1,False,1.62,4.021,13,26,3,6,0.998,0.996,0.999,True,False,꿈꾸는 미래가 있을까요?,화목한 가정을 꾸리고 대기업에 취업하고 싶어요.
0005,27,126185,128164,1979,1.979,SPEAKER_0,SPEAKER_1,True,2.1,5.781,18,42,6,11,0.9915,0.996,0.9497272727272728,True,False,왜 그런 표정을 짓는 것 같아요?,저를 엄청 아껴주시고 챙겨 주시는데 몸이 안 좋으셔서 가끔 찡그리는 거예요.
0005,97,498315,500294,1979,1.979,SPEAKER_0,SPEAKER_1,True,4.66,1.861,42,18,11,5,0.991,0.993,0.881,True,False,어른이 아닌 주변 사람들이 나를 자주 놀리거나 괴롭힌다고 느낀 적이 있나요?,아니요. 그렇게 느낀 적 없어요.
0018,22,86280,88259,1979,1.979,SPEAKER_0,SPEAKER_1,True,3.78,2.101,29,13,8,4,0.948625,0.953,0.98475,True,False,평소에 잠이 들기 힘들거나 잠자는 중간에 자주 깨니?,잠이 금방 오지 않아요.
0018,47,179105,181084,1979,1.979,SPEAKER_1,SPEAKER_0,True,2.82,2.741,21,20,6,6,0.8896666666666667,0.915,0.9568333333333333,False,True,"네, 동생을 더 예뻐하시는 것 같아요.",친구는 몇 명이고 주로 뭐하고 놀아?
0184,12,49296,51275,1979,1.979,SPEAKER_0,SPEAKER_1,True,1.861,1.7,15,15,5,4,0.9744,0.999,0.9259999999999999,True,False,어떤 점이 즐거운 것 같아?,학교 맨 친구들이 많아서요.
2076,75,341646,343625,1979,1.979,SPEAKER_0,SPEAKER_0,False,0.821,2.34,9,26,2,8,0.9784999999999999,0.959,0.885625,True,False,자주 때리시나요?,학원 다닌 지 얼마 안 돼서 입원이 처음이에요.
2315,4,18596,20575,1979,1.979,SPEAKER_0,SPEAKER_0,False,1.301,1.38,13,13,3,3,0.994,1.0,0.9503333333333334,True,False,어디를 얼마나 다쳤나요?,손가락을 살짝 데었어요.
2637,11,50985,52964,1979,1.979,SPEAKER_1,SPEAKER_0,True,3.22,2.181,20,17,5,6,0.9768,0.992,0.981,False,True,그냥 아빠랑 놀거나 게임하면 풀려요.,몇 시에 자고 몇 시에 일어나?
2637,61,275121,277100,1979,1.979,SPEAKER_1,SPEAKER_0,True,1.061,4.1,8,31,3,9,0.8986666666666666,0.722,0.9718888888888889,False,True,없는 것 같아요,사이즈가 작은 옷이나 신발을 입거나 신고 다닌 적 있어?
2637,90,416961,418940,1979,1.979,SPEAKER_1,SPEAKER_0,True,6.261,4.021,44,35,12,9,0.9691666666666666,0.992,0.9603333333333334,False,True,아니요 엄마 아빠가 싸우는 건 봤는데 두분이서 그냥 얘기하고 화해하는 것 같아요,평상시에 어른들이 술을 마시고 집에서 무섭게 행동할 때가 있어?
2637,104,491289,493268,1979,1.979,SPEAKER_1,SPEAKER_0,True,2.021,2.741,17,20,5,6,0.8558,0.632,0.9421666666666666,False,True,아니요 저는 집이 제일 좋아요.,친한 친구 중에 가출한 친구가 있어?
2677,106,557531,559510,1979,1.979,SPEAKER_0,SPEAKER_1,True,2.581,0.981,20,9,6,2,0.9766666666666667,0.908,0.827,True,False,친한 친구 중에 가출한 친구가 있어?,"아니요, 없어요."
3242,0,6660,8639,1979,1.979,SPEAKER_0,SPEAKER_1,True,2.58,0.501,21,5,5,1,0.9722,0.997,0.999,True,False,"최근에 건강한가요, 아픈 곳이 있나요?",건강해요.
3696,5,18756,20735,1979,1.979,SPEAKER_1,SPEAKER_0,True,2.741,1.14,23,12,6,3,0.8696666666666667,0.956,0.9946666666666667,False,True,학교에서 현장 체험 학습 가면 재미있어요.,어떤 점이 즐거운가요?
3696,48,200165,202144,1979,1.979,SPEAKER_1,SPEAKER_0,True,1.62,1.541,19,14,4,5,0.99525,0.998,0.9946,False,True,무엇인가요? 안무가가 되고 싶어요.,왜 그 일을 하고 싶나요?
3706,32,143025,145004,1979,1.979,SPEAKER_0,SPEAKER_1,True,1.62,0.981,13,8,3,2,0.9413333333333334,0.972,0.7525,True,False,혹시 형제자매가 있나요?,아니요 없어요.
3706,44,186791,188770,1979,1.979,SPEAKER_0,SPEAKER_1,True,1.461,2.42,13,24,4,6,0.978,0.952,0.9675,True,False,왜 그게 걱정이 되나요?,빠르게 먹으려고 노력해도 잘 안 넘어가서요.
3706,64,281035,283014,1979,1.979,SPEAKER_1,SPEAKER_0,True,0.98,3.861,9,38,2,9,0.9470000000000001,0.898,0.9853333333333333,False,True,있나요? 아니요.,인터넷이나 휴대전화를 가지고 노는 시간은 하루에 몇 시간 정도인가요?
3706,95,477940,479919,1979,1.979,SPEAKER_0,SPEAKER_1,True,4.58,0.501,43,4,12,1,0.98225,0.996,0.946,True,False,안 좋은 기억 때문에 괴로워서 스스로를 해치고 싶은 생각을 해본 적이 있나요?,아니요.
3821,108,675662,677641,1979,1.979,SPEAKER_1,SPEAKER_0,True,0.901,2.021,8,15,2,5,0.9415,0.996,0.9994,False,False,아니요 없어요.,친한 친구 중 가출한 친구가
3891,86,515435,517414,1979,1.979,SPEAKER_1,SPEAKER_0,True,0.501,6.981,4,66,1,16,0.969,0.969,0.9925625,False,True,아니요.,인터넷이나 휴대전화를 통해 성적인 목적으로 나의 신체 부위를 사진이나 영상을 찍어 누구에게 보내거나 올린 적이 있나요?
5036,35,153996,155975,1979,1.979,SPEAKER_0,SPEAKER_1,True,3.621,0.5,27,4,8,1,0.94275,0.998,0.987,True,False,담임 선생님은 어떤 것 같아? 좋아 아니면 싫어?,좋아요.
5036,47,204025,206004,1979,1.979,SPEAKER_0,SPEAKER_1,True,1.22,2.341,11,16,3,5,0.9636666666666667,0.941,0.9302,True,False,어떤 점에서 불행해?,그냥 행복한 일이 안 생겨서요
5036,57,249291,251270,1979,1.979,SPEAKER_0,SPEAKER_1,True,4.341,0.5,34,4,9,1,0.9882222222222222,0.989,0.917,True,False,우리 친구가 아픈데 어른들이 병원에 데려가지 않았던 적 있어?,아니요.
5036,109,521215,523194,1979,1.979,SPEAKER_0,SPEAKER_0,False,0.501,2.821,3,21,1,7,0.736,0.736,0.9074285714285715,False,True,아니요,친한 친구 중 가출해 본 친구가 있어?
5069,65,350151,352130,1979,1.979,SPEAKER_1,SPEAKER_0,True,12.436,2.26,87,25,27,7,0.9395555555555556,0.824,0.9908571428571429,False,True,엄마가 집 청소 안 한지는 일 년 넘은 것 같아요 빨래도 너무 많이 쌓여 있고 집도 너무 냄새 나서 제가 조금씩 하는데 그래도 똑같아요 너무 스트레스 받아요,휴대폰을 하는 시간은 하루에 몇 시간 정도야?
5069,108,582962,584941,1979,1.979,SPEAKER_0,SPEAKER_1,True,2.581,0.501,20,4,6,1,0.9316666666666666,0.991,0.678,True,False,지난 친구 중에 가출한 친구가 있어?,아니요.
0002,64,311945,313910,1965,1.965,SPEAKER_0,SPEAKER_1,True,2.26,3.46,20,22,5,6,0.9988,0.994,0.9996666666666667,True,False,어떨 때 마음이 복잡하거나 힘들어요?,아빠가 화내면 마음이 좀 슬프고 그래요.
0184,25,107445,109410,1965,1.965,SPEAKER_1,SPEAKER_0,True,2.42,1.62,22,16,8,4,0.967375,1.0,0.98775,False,True,"네, 그런 거 없이 잘 사는 것 같아요.",같이 사는 가족은 누구누구야?
2076,54,230291,232254,1963,1.963,SPEAKER_1,SPEAKER_0,True,2.181,2.421,17,24,6,6,0.8826666666666667,0.476,0.9328333333333333,False,True,두 시간 정도요. 많이 안 해요,어른들이 참여하는 학교 행사에 잘 오시나요?
3696,43,180806,182769,1963,1.963,SPEAKER_0,SPEAKER_1,True,1.861,1.221,14,12,4,3,0.9955,0.994,0.8923333333333333,True,False,요즘에 행복한 것 같나요?,"네, 그래도 행복해요."
0002,43,186050,188005,1955,1.955,SPEAKER_1,SPEAKER_0,True,5.14,3.22,36,29,10,8,0.9972,0.997,0.992125,False,True,여섯 시간에서 일곱 시간 정도 해서 아빠가 맨날 그만하라고 해요.,아빠나 선생님 때문에 슬프거나 화가 난 적이 있어요?
0006,24,109715,111670,1955,1.955,SPEAKER_0,SPEAKER_1,True,2.1,1.62,16,13,4,4,0.99425,1.0,0.902,True,False,잠들기 힘들거나 자주 깨나요?,자다가 깰 데가 많아요.
3731,95,452440,454395,1955,1.955,SPEAKER_1,SPEAKER_0,True,7.301,4.66,62,43,19,12,0.951421052631579,0.999,0.9881666666666666,False,True,"아빠랑 같이 살 때는 제 말 제 말 좀 들어줬으면 좋겠다고 생각했는데, 지금은 같이 안 살아서 힘든 거 없어요.",그런 생각들 때문에 괴로워서 스스로 해치거나 죽고 싶다는 생각을 한 적 있어?
0006,125,575791,577745,1954,1.954,SPEAKER_0,SPEAKER_1,True,2.261,0.501,18,4,5,1,0.999,0.998,0.839,True,False,그런 상황에서 다친 적이 있나요?,아니요.
3731,54,244795,246740,1945,1.945,SPEAKER_0,SPEAKER_1,True,3.461,0.5,36,4,11,1,0.9927272727272727,0.997,0.983,True,False,아니요. 깨끗하지 않은 옷이나 안 맞는 옷을 입고 다닌 적 있어?,아니요.
2637,91,422961,424895,1934,1.934,SPEAKER_0,SPEAKER_1,True,4.021,2.66,35,21,9,6,0.9603333333333334,0.677,0.9695,True,False,평상시에 어른들이 술을 마시고 집에서 무섭게 행동할 때가 있어?,아니요 술 마시면 씻고 자러 들어가세요
2677,22,122521,124455,1934,1.934,SPEAKER_1,SPEAKER_0,True,2.821,2.5,22,22,6,6,0.9473333333333334,0.872,0.9806666666666667,False,True,우울증이 있거든요. 좀 왔다 갔다 해요.,아빠가 그런 표정을 지으면 기분이 어때?
0184,67,317660,319585,1925,1.925,SPEAKER_1,SPEAKER_0,True,1.54,1.7,13,12,3,4,0.9346666666666666,0.994,0.995,False,True,"아니요, 그건 아니에요.",요즘 행복한 것 같아?
2677,49,252690,254614,1924,1.924,SPEAKER_0,SPEAKER_1,True,3.14,0.981,27,7,8,2,0.961625,0.923,0.989,True,False,친구는 커서 어떤 사람이 되고 싶어 꿈이 있을까?,꿈이 없어요.
0018,20,76825,78740,1915,1.915,SPEAKER_0,SPEAKER_1,True,2.581,2.1,20,14,6,3,0.969,0.993,0.9573333333333334,True,False,아침에 일어났을 때 몸 상태는 어때?,아침에 일어나면 피곤해요.
0379,49,274880,276795,1915,1.915,SPEAKER_0,SPEAKER_1,True,2.181,1.46,15,14,5,4,0.9358,0.697,0.957,True,False,요즘 가장 큰 고민이 뭐야?,소문 날까 봐 걱정이에요.
2637,33,148700,150615,1915,1.915,SPEAKER_1,SPEAKER_0,True,2.02,2.1,15,13,4,3,0.99675,0.997,0.9663333333333334,False,True,엄마가 좋아서 저도 좋아요.,친구는 형제자매가 있어?
3242,11,68600,70515,1915,1.915,SPEAKER_1,SPEAKER_0,True,4.02,2.34,31,19,9,4,0.9787777777777777,0.999,0.9835,False,True,저 원래는 항상 즐거웠는데 이젠 모든 게 즐겁지 않아요.,언제부터 즐겁지 못하다고 느꼈어요?
3242,58,338540,340455,1915,1.915,SPEAKER_0,SPEAKER_1,True,2.26,1.86,17,19,5,4,0.9796,0.993,0.97075,True,False,왜 교장 선생님이 되고 싶어요?,그래서 우리 선생님을 혼내주려고요.
3696,53,219990,221905,1915,1.915,SPEAKER_0,SPEAKER_1,True,2.98,1.7,27,15,8,4,0.99925,0.995,0.98875,True,False,학교나 학원 끝나고 집에 가면 항상 누가 있나요?,아무도 없는데 밥은 있어요.
3706,83,389925,391840,1915,1.915,SPEAKER_0,SPEAKER_0,False,4.26,2.98,37,30,9,7,0.9165555555555556,0.998,0.9165714285714286,False,True,늦게 밥먹거나 딴짓하는 게 아닌데도 밥을 느리게 먹는다고 때렸어요.,어느 부위를 무엇으로 마셨나요? 자주 그렇게 때리나요?
5036,2,11300,13215,1915,1.915,SPEAKER_1,SPEAKER_0,True,0.5,5.3,4,27,1,9,0.984,0.984,0.9686666666666667,False,False,아니요.,뭘 할 때 가장 즐거운 것 같아? 잘 모르겠어요.
5069,53,267155,269070,1915,1.915,SPEAKER_0,SPEAKER_0,False,2.66,0.9,23,5,7,2,0.9862857142857143,0.981,0.998,True,False,가서 어떤 사람이 되고 싶어? 꿈이 있어?,저는 학교
0002,23,97040,98954,1914,1.914,SPEAKER_1,SPEAKER_0,True,2.741,2.181,22,19,6,5,0.927,1.0,0.992,False,True,아니요. 딱히 차별하진 않는 것 같아요.,친구들이랑은 주로 몇 명이 놀아요?
3242,22,132545,134459,1914,1.914,SPEAKER_0,SPEAKER_1,True,2.42,4.021,21,33,7,10,0.9887142857142858,0.937,0.9223,True,False,보통 몇 시에 자고 몇 시에 일어나요?,열한 시에 잠들고 일곱 시에 일어나서 학교 갈 준비를 해요.
3242,65,375146,377060,1914,1.914,SPEAKER_1,SPEAKER_0,True,0.501,4.66,4,39,1,11,0.974,0.974,0.9815454545454545,False,True,아니요.,빨래가 되어 있지 않아서 더럽고 냄새나는 옷을 입어야 한 적이 있나요?
0184,80,374210,376115,1905,1.905,SPEAKER_0,SPEAKER_1,True,3.701,0.5,29,4,9,1,0.9521111111111111,0.99,0.979,True,False,배가 고픈데 밥을 챙겨 주지 않아서 굶은 적이 있어?,아니요.
3242,18,106405,108310,1905,1.905,SPEAKER_0,SPEAKER_1,True,1.54,5.86,14,45,4,12,0.9505,0.808,0.9949166666666667,True,False,그런 일이 자주 일어나요?,평소에 저한테 조용히 하라고 자주 그러긴 했는데 이렇게 다치게 한 건 처음이에요.
3706,61,271030,272935,1905,1.905,SPEAKER_0,SPEAKER_1,True,4.02,0.5,38,4,10,1,0.9238999999999999,1.0,0.924,True,False,빨래가 되어있지 않아서 더럽고 냄새나는 옷을 입어야 한 적이 있나요?,아니요.
0002,25,106655,108555,1900,1.9,SPEAKER_1,SPEAKER_0,True,3.94,2.26,28,18,10,4,0.9825,1.0,0.96325,False,True,한 네 명에서 다섯 명 정도 같이 노는 것 같아요.,"담임 선생님 좋아해요, 싫어해요?"
0004,27,115110,117010,1900,1.9,SPEAKER_0,SPEAKER_0,False,0.5,3.7,3,15,1,5,0.994,0.994,0.8926,False,True,관심이,없는 이유가 뭔 거 같아요?
0004,32,141030,142930,1900,1.9,SPEAKER_0,SPEAKER_1,True,2.1,1.78,18,16,6,4,0.9486666666666667,0.992,0.92425,True,False,왜 화난 표정을 짓는 거 같아요?,제가 공부를 못해서 싫어해요.
0004,39,169460,171360,1900,1.9,SPEAKER_1,SPEAKER_0,True,1.86,1.62,13,13,4,4,0.88975,0.6,0.9904999999999999,False,True,같이 모바일 게임 해요.,주로 몇 명이서 놀아요?
0004,79,395280,397180,1900,1.9,SPEAKER_0,SPEAKER_1,True,2.18,1.06,14,7,5,3,0.9946,0.986,0.9733333333333334,True,False,때 주로 어떤 꿈을 꿔요?,꿈을 안 꿔요
0005,12,60230,62130,1900,1.9,SPEAKER_0,SPEAKER_1,True,2.98,7.125,25,54,7,14,0.9777142857142858,0.879,0.9340714285714286,True,False,무슨 일 때문에 스스로에게 짜증이 난 거예요?,친구가 같이 놀자고 다가왔는데 어색해서 제가 싫다고 해 버렸거든요. 제 성격이 이래서 짜증 나요.
0005,20,96925,98825,1900,1.9,SPEAKER_0,SPEAKER_0,False,0.501,1.38,4,12,1,3,0.907,0.907,0.955,False,True,졸려요.,얼마나 자주 그런가요?
0005,23,109420,111320,1900,1.9,SPEAKER_0,SPEAKER_1,True,3.941,0.98,32,8,8,2,0.892625,0.968,0.984,True,False,평소에 잠들기 힘들다거나 잠자는 중간에 자주 깨진 않나요?,그렇진 않아요.
0005,26,122185,124085,1900,1.9,SPEAKER_2,SPEAKER_0,True,2.1,2.1,17,18,4,6,0.93275,0.978,0.9915,False,True,웃는 표정이랑 찡그린 표정이요.,왜 그런 표정을 짓는 것 같아요?
0184,20,85990,87890,1900,1.9,SPEAKER_0,SPEAKER_1,True,2.26,2.18,21,21,7,7,0.9741428571428571,0.831,0.9924285714285714,True,False,평소에 몇 시에 자고 몇 시에 일어나?,열 시에 자서 일곱 시 반에 일어나요.
0184,21,90070,91970,1900,1.9,SPEAKER_1,SPEAKER_0,True,2.18,1.94,21,15,7,4,0.9924285714285714,0.999,0.9995,False,True,열 시에 자서 일곱 시 반에 일어나요.,아침에 일어나면 몸은 어때?
0184,54,255850,257750,1900,1.9,SPEAKER_1,SPEAKER_1,False,1.62,0.5,16,5,4,1,0.998,0.994,0.948,True,False,친구들이랑 놀면 기분이 어때?,재밌어요.
0216,4,20275,22175,1900,1.9,SPEAKER_0,SPEAKER_0,False,2.26,1.62,19,14,6,4,0.9366666666666666,0.967,0.99025,True,False,우리 친구는 뭘 할 때가 즐거울까?,지금은 즐거울 수 없어요.
0216,35,164250,166150,1900,1.9,SPEAKER_0,SPEAKER_1,True,1.781,2.66,16,20,4,5,0.9495,0.996,0.9776,True,False,친구들이랑 주로 뭐하고 놀아?,주로 집에서 장난감 가져와서 놀아요.
0216,57,274070,275970,1900,1.9,SPEAKER_0,SPEAKER_1,True,2.98,0.5,24,4,7,1,0.921,0.789,0.741,False,False,Pc방 같은 곳은 얼마나 자주 가나요 pc방,안가요.
0379,81,469470,471370,1900,1.9,SPEAKER_1,SPEAKER_1,False,0.5,3.54,7,28,1,7,0.852,0.852,0.977,False,False,남자친구가요.,남자친구는 중학교에 다녀요. 저보다 두 살 많아요.
0379,91,532520,534420,1900,1.9,SPEAKER_0,SPEAKER_0,False,4.42,0.5,31,4,9,1,0.995,0.98,0.989,True,False,소중한 부위에 상처가 나거나 다쳐서 병원에 간 적 있어?,없어요.
1112,43,287850,289750,1900,1.9,SPEAKER_1,SPEAKER_0,True,2.74,1.62,21,11,6,4,0.9586666666666667,0.956,0.9492499999999999,False,False,떡볶이 먹으러 가거나 영화 보러 가요.,주로 몇 명이 놀아요
1112,89,604445,606345,1900,1.9,SPEAKER_0,SPEAKER_0,False,0.5,6.1,3,41,1,11,0.914,0.914,0.9356363636363636,False,True,해요.,내가 원하지 않는데도 누군가가 내 몸을 만지거나 보여달라고 한 적 있어요?
1136,96,538130,540030,1900,1.9,SPEAKER_0,SPEAKER_1,True,5.736,2.26,50,18,13,6,0.9326153846153846,0.947,0.8076666666666666,True,False,힘들었던 기억이나 괴로운 기분 때문에 스스로를 해치거나 죽고 싶다고 생각해 본 적이 있어?,아니요 그런 생각해 본 적 없어요
1354,24,108395,110295,1900,1.9,SPEAKER_0,SPEAKER_1,True,1.7,0.82,16,9,4,2,0.98425,0.986,0.707,True,False,평소에 엄마는 어떤 표정이야?,묻는 표정이에요.
1354,61,262210,264110,1900,1.9,SPEAKER_0,SPEAKER_0,False,4.58,2.98,35,27,9,9,0.9654444444444444,0.996,0.9728888888888889,False,True,어른들이 나를 쫓아낸다고 하거나 어디 가진 적은 있어? 없어요.,주위 어른들 중 나를 때린 적 있는 사람이 있어?
1354,67,289910,291810,1900,1.9,SPEAKER_1,SPEAKER_0,True,1.14,2.26,13,20,3,7,0.781,0.795,0.9527142857142857,False,True,"아니야, 처음 나왔어요.",몸을 만진 것 외에 다른 짓도 했어?
1354,77,326935,328835,1900,1.9,SPEAKER_1,SPEAKER_0,True,0.5,6.42,4,48,1,14,0.792,0.792,0.9922857142857143,False,False,아니야.,누가 내 몸을 찍어서 보내주면 돈을 준다고 하거나 보내서 돈을 받은 적 있어? 아니야.
1786,60,303695,305595,1900,1.9,SPEAKER_0,SPEAKER_0,False,3.3,0.98,33,9,10,3,0.9138,0.77,0.922,True,False,배가 고픈데 먹을 게 없어서 굶은 적이 있나요 왜 그랬나요?,그런 적은 없어요
2076,1,9220,11120,1900,1.9,SPEAKER_0,SPEAKER_0,False,1.06,1.62,8,15,3,4,0.855,0.625,0.99675,False,True,아픈 곳 없어요,최근에 다친 적이 있었나요?
2076,5,21745,23645,1900,1.9,SPEAKER_1,SPEAKER_0,True,2.06,1.06,9,12,2,4,0.9159999999999999,0.841,0.98625,False,True,학원에서 맞았어요,뭘 할 때가 즐거워요?
2076,8,31120,33020,1900,1.9,SPEAKER_0,SPEAKER_1,True,1.14,1.22,11,11,3,3,0.986,0.969,0.9796666666666667,True,False,어떤 점이 즐거워요?,동물들 너무 귀여워요
2076,67,291655,293555,1900,1.9,SPEAKER_1,SPEAKER_0,True,0.5,5.46,4,43,1,10,0.62,0.62,0.961,False,True,아니요.,어른들이 나를 집에서 쫓아내거나 버리겠다고 말하거나 진짜 쫓아낸 적이 있어요?
2076,76,345965,347865,1900,1.9,SPEAKER_0,SPEAKER_0,False,2.34,0.98,26,9,8,2,0.885625,0.984,0.9984999999999999,False,True,학원 다닌 지 얼마 안 돼서 입원이 처음이에요.,얼마나 다쳤어요?
2637,31,141020,142920,1900,1.9,SPEAKER_1,SPEAKER_0,True,2.1,1.78,16,17,5,5,0.9122,0.574,0.9114,False,True,엄마는 저를 보면 자꾸 우스긴,한데요. 그럴 때 기분이 어때?
2637,35,155675,157575,1900,1.9,SPEAKER_1,SPEAKER_0,True,1.3,1.94,12,12,3,3,0.9283333333333333,0.937,0.9643333333333334,False,False,"아니요, 저 혼자예요.",친구들과는 주로 뭐하고
2677,11,61610,63510,1900,1.9,SPEAKER_1,SPEAKER_1,False,4.02,2.9,29,25,9,6,0.9931111111111111,0.984,0.9283333333333333,False,False,평소 짜증이나 화가 났을 때 어떻게 하면 기분이 풀려,친구들이랑 맛있는 거 먹으면 기분이 나아져요.
2677,102,534165,536065,1900,1.9,SPEAKER_0,SPEAKER_1,True,2.5,4.865,21,38,6,11,0.9118333333333333,0.912,0.9314545454545454,True,False,그런 싫은 기억이 떠오르면 어떻게 해?,그냥 그 자리에 주저앉아서 다른 생각을 하려고 계속 하는 것 같아요.
3242,15,88870,90770,1900,1.9,SPEAKER_1,SPEAKER_0,True,1.94,0.821,16,7,5,2,0.9312,0.999,0.998,False,True,네. 화가 정말 많이 났어요.,왜 그랬나요?
3242,24,142720,144620,1900,1.9,SPEAKER_0,SPEAKER_1,True,2.421,3.78,21,30,6,9,0.9948333333333333,0.998,0.9574444444444444,True,False,아침에 일어났을 때 몸 상태는 어때요?,요즘에 잠을 잘 못 자서 항상 피곤해요. 매일 그래요.
3242,57,334380,336280,1900,1.9,SPEAKER_1,SPEAKER_0,True,0.98,2.26,9,17,2,5,0.9915,0.989,0.9796,False,True,교장 선생님이요.,왜 교장 선생님이 되고 싶어요?
3242,67,384280,386180,1900,1.9,SPEAKER_1,SPEAKER_0,True,0.5,4.42,4,34,1,10,0.968,0.968,0.9964,False,True,아니요.,옷이나 신발 사이즈가 작은 걸 입거나 신고 다닌 적이 있나요?
3242,80,471640,473540,1900,1.9,SPEAKER_1,SPEAKER_0,True,0.5,3.14,4,28,1,8,0.981,0.981,0.942375,False,True,아니요.,마음이 힘들 때 누구에게 내 마음을 이야기 하나요?
3242,99,581520,583420,1900,1.9,SPEAKER_0,SPEAKER_1,True,4.9,1.06,42,8,11,2,0.9504545454545454,0.996,0.76,True,False,지내는 곳에서 어른들끼리 소리를 지르면서 싸우는 걸 듣거나 본 적이 있나요?,아니요 없어요.
3242,100,584480,586380,1900,1.9,SPEAKER_1,SPEAKER_0,True,1.06,4.865,8,43,2,12,0.76,0.922,0.92575,False,False,아니요 없어요.,어른이 아닌 주변 사람들이 나를 자주 놀리거나 괴롭힌다고 느낀 적이 느낀 적이
3242,116,667395,669295,1900,1.9,SPEAKER_1,SPEAKER_0,True,0.501,2.66,4,20,1,6,0.973,0.973,0.9983333333333333,False,True,아니요.,친한 친구 중 가출한 친구가 있나요?
3242,117,671955,673855,1900,1.9,SPEAKER_0,SPEAKER_1,True,2.66,0.5,20,4,6,1,0.9983333333333333,0.999,0.974,True,False,친한 친구 중 가출한 친구가 있나요?,아니요.
3696,24,96945,98845,1900,1.9,SPEAKER_0,SPEAKER_0,False,2.26,3.301,19,26,5,8,0.9982,0.999,0.990625,True,False,왜 그런 표정을 짓는다고 생각해요?,원래 좀 엄마 성격이 차갑고 무심한 것 같아요.
3696,92,415155,417055,1900,1.9,SPEAKER_0,SPEAKER_1,True,4.26,2.26,43,19,11,5,0.9927272727272727,0.989,0.9448,True,False,어른이 아닌 주변 사람들이 나를 자주 놀리거나 괴롭힌다고 느낀 적이 있었나요?,"아니요, 다들 저랑 친하게 지내요."
3706,6,29600,31500,1900,1.9,SPEAKER_0,SPEAKER_1,True,1.78,1.46,15,14,4,4,0.9935,0.983,0.88625,True,False,최근에 다쳤던 적이 있나요?,아니요 다친 적은 없어요.
3706,24,108120,110020,1900,1.9,SPEAKER_0,SPEAKER_0,False,2.34,4.34,21,40,5,11,0.9624,0.998,0.9677272727272728,True,False,잠들기 힘들거나 잠자는 중간에 깨나요?,그냥 우울한 기분 때문에 잠드는 게 힘들어요. 잠들면 잘 깨지는 않아요.
3706,27,121965,123865,1900,1.9,SPEAKER_0,SPEAKER_0,False,1.38,2.82,12,27,4,9,0.9097500000000001,0.891,0.8803333333333333,False,True,항상 짜증 나 있어요.,왜 시사 선생님이 항상 짜증 나 있는 거 같아요?
3706,63,278155,280055,1900,1.9,SPEAKER_0,SPEAKER_1,True,3.38,0.98,29,9,9,2,0.9324444444444444,0.86,0.9470000000000001,False,False,옷이나 신발 사이즈가 작은 걸 입거나 신고 다닌 적이,있나요? 아니요.
3706,76,360055,361955,1900,1.9,SPEAKER_1,SPEAKER_0,True,0.5,2.9,4,28,1,8,0.882,0.882,0.9652499999999999,False,True,아니요.,마음이 힘들 때 누구에게 내 마음을 이야기 하나요?
3706,104,510310,512210,1900,1.9,SPEAKER_1,SPEAKER_0,True,1.14,4.34,9,39,3,11,0.9496666666666667,0.997,0.9762727272727273,False,True,토할 거 같아요.,어른들의 허락 없이 또는 말도 없이 오랫동안 나와 있었던 적이 있나요?
3731,68,313160,315060,1900,1.9,SPEAKER_0,SPEAKER_1,True,1.86,5.565,16,50,4,11,0.9844999999999999,0.949,0.9861818181818182,True,False,마음이 힘들면 누구한테 말해?,담임 선생님한테 다른 친구들도 집에서 이렇게 사는지 궁금해서 물어봤는데 아니라고 해줬어요.
3731,77,363910,365810,1900,1.9,SPEAKER_1,SPEAKER_0,True,3.7,1.7,32,18,10,5,0.9992,0.999,0.9984,False,True,매일 밤 아빠는 제가 자려고 누우면 꼭 제 몸을 만졌어요.,아빠가 나를 어떤 식으로 만졌어?
5036,12,55620,57520,1900,1.9,SPEAKER_1,SPEAKER_0,True,1.14,1.54,11,12,4,4,0.9775,0.971,0.9984999999999999,False,True,말 안 하고 싶어요.,어떤 일로 짜증 났어?
5036,22,98825,100725,1900,1.9,SPEAKER_0,SPEAKER_0,False,1.14,4.02,10,32,3,8,0.9773333333333333,0.994,0.921875,False,True,괜찮은 것 같아요.,평소에 잠들기 힘들다거나 잠자는 중간에 자주 깨는 편이야?
5036,43,189020,190920,1900,1.9,SPEAKER_0,SPEAKER_1,True,3.22,1.621,23,13,6,3,0.977,1.0,0.9593333333333334,False,False,그런 걱정 때문에 생활이 불편하거나 힘들어,매일 걱정해서 힘들어요.
5058,40,150155,152055,1900,1.9,SPEAKER_1,SPEAKER_0,True,2.98,1.7,27,14,8,4,0.961875,0.708,0.9665,False,True,각자 제일 좋아하는 게임기 들고 와서 같이 해요.,담임 선생님이랑 잘 지내?
5058,54,201175,203075,1900,1.9,SPEAKER_1,SPEAKER_0,True,5.86,1.86,50,16,13,5,0.976,0.997,1.0,False,True,사실 몸도 아프고 엄마랑 아빠가 너무 울어서 속상하지만 같이 있는 시간이 늘어나서 좋아요.,커서 어떤 사람이 되고 싶어?
5058,87,339900,341800,1900,1.9,SPEAKER_1,SPEAKER_0,True,7.78,1.38,69,12,19,4,0.9859473684210527,0.996,0.99775,False,True,제 바지를 벗기고 다리 사이에 아저씨 밑을 비볐어요. 다리에 있는 살이 너무 아프고 아저씨가 세게 잡은 곳은 멍이 들었어요.,그 뒤로 어떻게 됐어?
5058,99,388780,390680,1900,1.9,SPEAKER_1,SPEAKER_0,True,4.66,4.42,39,43,10,12,0.981,0.98,0.9538333333333333,False,True,다리는 약 바르면 나아지는데 엄마랑 아빠가 너무 많이 울어서 속상해요.,그런 생각들 때문에 괴로워서 스스로 해치거나 죽고 싶다는 생각을 한 적 있어?
5069,55,274130,276030,1900,1.9,SPEAKER_0,SPEAKER_1,True,1.7,3.46,20,31,5,8,0.8865999999999999,0.579,0.9728749999999999,True,False,선생님이요. 되고 싶은 이유가 있어?,우리 담임 선생님처럼 상냥하고 예쁜 사람 하고 싶어서요.
0005,11,55351,57250,1899,1.899,SPEAKER_1,SPEAKER_0,True,1.941,2.98,16,25,4,7,0.981,0.996,0.9777142857142858,False,True,저 스스로한테 짜증이 났어요.,무슨 일 때문에 스스로에게 짜증이 난 거예요?
0006,123,566351,568250,1899,1.899,SPEAKER_0,SPEAKER_1,True,3.301,2.661,27,24,8,6,0.99625,0.971,0.9536666666666667,True,False,그렇게 싸울 때 친구에게 안 좋은 소리를 하나요?,엄마가 왜 쳐다보냐고 저한테 소리 질렀어요.
0184,27,115271,117170,1899,1.899,SPEAKER_1,SPEAKER_0,True,1.861,2.02,13,14,3,4,0.999,0.998,0.99975,False,True,엄마랑 아빠랑 동생이요.,평소 아빠의 표정은 어때?
1354,2,10660,12559,1899,1.899,SPEAKER_0,SPEAKER_1,True,1.3,2.341,9,22,2,7,1.0,1.0,0.9432857142857143,True,False,언제부터 그랬어?,잘 모르겠어요. 한 달이 넘은 거 같아.
2076,3,15986,17885,1899,1.899,SPEAKER_1,SPEAKER_0,True,1.221,0.74,11,7,3,2,0.919,0.761,0.9279999999999999,False,True,발가락에 금이 갔어요,왜 다쳤어요?
2637,105,496009,497908,1899,1.899,SPEAKER_0,SPEAKER_1,True,2.741,1.141,20,8,6,2,0.9421666666666666,0.818,0.836,True,False,친한 친구 중에 가출한 친구가 있어?,아니요 없어요.
2677,20,113241,115140,1899,1.899,SPEAKER_1,SPEAKER_0,True,3.781,2.5,29,21,7,7,0.9892857142857143,0.976,0.9935714285714285,False,True,우울한 표정이다가 갑자기 무서운 표정을 짓기도 해요.,아빠가 왜 그런 표정을 짓는 것 같아?
2677,80,419515,421414,1899,1.899,SPEAKER_0,SPEAKER_1,True,2.101,1.621,17,14,5,4,0.9062,0.803,0.98275,True,False,혼날 땐 누구한테 어떻게 혼나?,별로 혼나는 일이 없어요.
3696,0,1300,3199,1899,1.899,SPEAKER_0,SPEAKER_1,True,1.14,2.021,10,19,2,6,0.9895,0.988,0.9406666666666667,True,False,최근에 건강한가요?,"네, 아픈 곳은 아무 데도 없어요."
3696,7,28131,30030,1899,1.899,SPEAKER_1,SPEAKER_0,True,4.276,2.82,43,28,11,9,0.939,0.995,0.9634444444444444,False,True,친구들이랑 친구들이랑 같이 놀 수도 있고 수업 시간에 재미있는 곳을 가니까요.,최근 일주일 동안 짜증이 나 화가 난 적이 있나요?
3706,103,507271,509170,1899,1.899,SPEAKER_0,SPEAKER_1,True,2.661,1.14,27,9,8,3,0.9858750000000001,0.999,0.9496666666666667,True,False,만약 싫은 기억이 떠오르면 어떻게 할 거 같아요?,토할 거 같아요.
3706,107,523166,525065,1899,1.899,SPEAKER_0,SPEAKER_1,True,2.341,0.5,20,4,6,1,0.9916666666666667,0.995,0.963,True,False,친한 친구 중 가출한 친구가 있나요?,아니요.
3891,63,377551,379450,1899,1.899,SPEAKER_0,SPEAKER_1,True,3.941,5.06,39,44,11,12,0.973909090909091,0.982,0.9365,True,False,빨래가 되어 있지 않아서 더럽고 냄새나는 옷을 입어야 한 적이 있나요?,네. 밖에 나가지도 않으니까 그냥 입으라고 해서 일주일 내내 입은 적도 있어요.
5036,62,269121,271020,1899,1.899,SPEAKER_0,SPEAKER_0,False,0.501,4.661,3,35,1,9,0.563,0.563,0.988,False,True,없어요,하루에 인터넷이나 휴대폰을 가지고 노는 시간은 몇 시간 정도야?
5058,19,71576,73475,1899,1.899,SPEAKER_1,SPEAKER_0,True,6.341,1.7,54,16,13,6,0.9597692307692307,0.999,0.9966666666666667,False,False,원래는 게임하거나 엄마한테 잃으면 기분이 금방 풀렸는데 지금은 다 해봤는데도 안 풀려서 이상해요.,평소에 몇 시에 자고 몇 시에
5069,49,250011,251910,1899,1.899,SPEAKER_0,SPEAKER_1,True,1.781,0.5,13,4,3,1,0.999,0.998,0.899,True,False,요즘에 행복하다고 느껴?,아니요.
2637,57,255090,256985,1895,1.895,SPEAKER_1,SPEAKER_0,True,0.821,5.14,7,36,2,10,0.6405000000000001,0.469,0.9725,False,True,아니요 없어요,어디 아픈 곳이 있는데 어른들이 병원에 데려가지 않은 적은 있어?
2677,76,402505,404400,1895,1.895,SPEAKER_0,SPEAKER_1,True,3.14,1.86,25,14,7,4,0.992,0.963,0.92125,True,False,마음이 힘들 때 누구에게 내 마음을 이야기해?,아무한테도 얘기 안 해요.
0005,37,172481,174375,1894,1.894,SPEAKER_0,SPEAKER_1,True,1.701,1.78,17,14,4,4,0.94825,0.978,0.9672499999999999,True,False,친구들이랑 주로 뭐하고 놀아요?,같이 노는 친구가 없어요.
0002,40,169985,171870,1885,1.885,SPEAKER_0,SPEAKER_1,True,1.38,1.54,12,12,3,3,0.9973333333333333,0.993,0.9653333333333334,True,False,아빠가 잘 챙겨주나요?,평소에는 잘 챙겨줘요.
2677,82,430555,432440,1885,1.885,SPEAKER_0,SPEAKER_1,True,4.981,0.5,40,4,11,1,0.9803636363636363,0.948,0.593,True,False,내가 원하지 않는데도 누군가가 내 몸을 만지거나 보여달라고 한 적 있어?,아니요.
2677,90,469420,471305,1885,1.885,SPEAKER_0,SPEAKER_1,True,2.58,0.5,20,4,6,1,0.9883333333333333,0.945,0.746,True,False,부모님이 술을 자주 마시는 것 같아?,아니요.
3316,60,193505,195390,1885,1.885,SPEAKER_0,SPEAKER_1,True,3.38,1.06,35,9,9,3,0.9372222222222222,0.855,0.9983333333333333,True,False,인터넷은 휴대폰을 가지고 노는 시간은 하루에 몇 시간 정도예요?,세 시간 정도요.
5036,33,144970,146855,1885,1.885,SPEAKER_0,SPEAKER_1,True,2.34,1.301,17,11,4,3,0.97375,0.991,0.8676666666666667,True,False,친구들이랑은 주로 뭐하고 놀아?,축구하는 것 같아요.
0005,18,92540,94424,1884,1.884,SPEAKER_0,SPEAKER_1,True,2.5,1.541,21,13,6,3,0.9921666666666666,0.997,0.959,True,False,아침에 일어났을 때 몸 상태는 어때요?,너무 힘들어요. 뻐근하고
3706,22,99735,101619,1884,1.884,SPEAKER_0,SPEAKER_0,False,2.34,2.101,21,17,6,4,0.9915,0.997,0.993,True,False,아침에 일어났을 때 몸 상태는 어때요?,몸도 피곤하고 기분도 우울해요.
1354,3,14900,16775,1875,1.875,SPEAKER_1,SPEAKER_0,True,2.341,2.981,22,24,7,7,0.9432857142857143,0.749,0.9872857142857143,False,True,잘 모르겠어요. 한 달이 넘은 거 같아.,항상 그래? 아니면 어떤 때 가슴이 답답해?
1354,21,99540,101415,1875,1.875,SPEAKER_1,SPEAKER_0,True,1.46,1.38,15,12,3,4,0.9263333333333333,0.923,0.99025,False,True,맞는 표정이야. 행복하네요.,그럴 때 기분은 어때?
1786,19,105095,106970,1875,1.875,SPEAKER_0,SPEAKER_0,False,3.86,0.98,34,8,8,2,0.959875,0.993,0.985,True,False,괜찮아요. 평소에 잠들기 힘들거나 잠자는 중간에 자주 깨나요?,그렇진 않아요.
2076,10,39120,40995,1875,1.875,SPEAKER_0,SPEAKER_1,True,2.82,3.7,28,38,8,12,0.94125,0.661,0.9386666666666666,True,False,최근 일주일 동안 짜증이나 화가 난 적이 있을까요?,수학 숙제 하다가 알 것 같은데 안 풀리는 문제가 있어서 짜증 났어요
3706,28,126685,128560,1875,1.875,SPEAKER_0,SPEAKER_1,True,2.82,2.26,27,20,9,6,0.8803333333333333,0.947,0.9903333333333333,True,False,왜 시사 선생님이 항상 짜증 나 있는 거 같아요?,우리를 돌보는 일이 싫은 거 같아요.
5069,7,38420,40295,1875,1.875,SPEAKER_0,SPEAKER_1,True,2.98,1.62,26,12,8,4,0.9163749999999999,0.699,0.992,False,False,최근 일주일 동안 짜증이나 화가 난 적이 있어.,짜증이랑 화 다 나요.
2076,84,380505,382370,1865,1.865,SPEAKER_0,SPEAKER_0,False,0.741,3.7,7,34,2,7,0.8385,0.708,0.971,False,True,아니요 없어요,내가 싫다는데도 계속해서 연락하거나 따라다니는 사람이 있나요?
3696,93,419315,421180,1865,1.865,SPEAKER_1,SPEAKER_0,True,2.26,2.1,19,20,5,5,0.9448,0.998,0.9942,False,True,"아니요, 다들 저랑 친하게 지내요.",어떨 때 마음이 복잡하거나 힘든가요?
3242,82,483015,484875,1860,1.86,SPEAKER_1,SPEAKER_1,False,4.18,0.5,30,6,7,1,0.9711428571428571,0.987,1.0,False,False,여기 시설 선생님께요. 여기 선생님은 학교 선생님이랑은,다르거든요.
3242,83,485375,487235,1860,1.86,SPEAKER_1,SPEAKER_1,False,0.5,0.82,6,7,1,2,1.0,1.0,0.9135,False,False,다르거든요.,주위 어른이나
3242,29,175690,177535,1845,1.845,SPEAKER_0,SPEAKER_1,True,3.7,3.62,27,30,7,7,0.992,0.999,0.945,True,False,평소 날 돌봐주시는 시설 선생님의 표정은 어때요?,원래 활짝 웃어주시는데 요즘엔 좀 걱정하는 얼굴이에요.
3696,74,337905,339750,1845,1.845,SPEAKER_1,SPEAKER_0,True,0.5,1.7,2,15,1,4,0.984,0.984,0.99975,False,False,네.,누가 그렇게 하나요? 아빠가
1786,5,23075,24910,1835,1.835,SPEAKER_0,SPEAKER_0,False,1.62,2.1,16,18,4,5,0.91425,0.998,0.9766,True,False,언제 어떻게 하다가 다쳤나요?,어제 창문 닫다가 조심하지 않아서
2076,16,65790,67625,1835,1.835,SPEAKER_0,SPEAKER_0,False,1.62,0.5,18,2,4,1,0.975,0.944,0.498,True,False,그렇게 하면 기분이 괜찮아지나요?,네.
3696,3,11220,13055,1835,1.835,SPEAKER_1,SPEAKER_0,True,1.22,1.221,12,12,3,4,0.9369999999999999,0.951,0.98375,False,True,"아니요, 안 다쳤어요.",뭘 할 때가 즐거워요?
3696,12,48915,50750,1835,1.835,SPEAKER_0,SPEAKER_1,True,2.18,2.02,22,18,7,5,0.9845714285714285,0.991,0.974,True,False,나를 짜증 나게 하는 일이 자주 있나요?,일주일에 한두 번 정도는 있어요.
5036,58,251770,253605,1835,1.835,SPEAKER_1,SPEAKER_0,True,0.5,4.34,4,33,1,9,0.917,0.917,0.9568888888888889,False,True,아니요.,빨래가 안되어 있어서 더럽거나 냄새나는 옷을 입은 적 있어?
0002,61,299930,301764,1834,1.834,SPEAKER_1,SPEAKER_0,True,11.06,3.301,66,28,18,7,0.9907222222222222,0.999,0.997,False,True,"네, 신고도 했었어요. 그러면 아빠가 좀 당분간 화를 덜 내고. 근데 그러다가 또 예전처럼 다시 똑같이 돌아가긴 해요.",친구들이 자주 놀리거나 괴롭힌다고 느낀 적 있어요?
2637,103,487435,489268,1833,1.833,SPEAKER_0,SPEAKER_1,True,6.1,2.021,45,17,13,5,0.9558461538461538,0.956,0.8558,True,False,같아요 부모님의 허락 없이 또는 말도 없이 오랫동안 집에서 나와 있었던 적 있어?,아니요 저는 집이 제일 좋아요.
3706,71,325211,327044,1833,1.833,SPEAKER_0,SPEAKER_0,False,3.941,10.581,33,90,9,23,0.9636666666666667,0.991,0.9570869565217391,True,False,시설 선생님의 어떤 말과 행동이 기분을 안 좋아지게 했나요?,제가 저녁밤을 늦게 먹는다고 친구들도 다 있는 앞에서 식판을 엎었어요. 그리고는 저한테 밥도 제대로 못 먹냐고 욕을 하고 휴지를 가져와서 닦으라고 소리 질렀어요.
0005,28,133945,135770,1825,1.825,SPEAKER_1,SPEAKER_0,True,5.781,1.7,42,14,11,4,0.9497272727272728,0.967,0.9555,False,True,저를 엄청 아껴주시고 챙겨 주시는데 몸이 안 좋으셔서 가끔 찡그리는 거예요.,그럼 친구 기분은 어때요?
0002,44,191225,193045,1820,1.82,SPEAKER_0,SPEAKER_1,True,3.22,2.261,29,14,8,4,0.992125,0.998,0.999,True,False,아빠나 선생님 때문에 슬프거나 화가 난 적이 있어요?,아빠가 화내면 좀 슬퍼요.
0002,56,264140,265960,1820,1.82,SPEAKER_0,SPEAKER_1,True,3.78,4.26,35,29,10,9,0.9982,0.999,0.9985555555555555,True,False,집에서 어른들이 소리 지르면서 싸우는 걸 듣거나 본 적 있어요?,아빠가 술 먹다가 그냥 혼자 소리 지르고 막 그래요.
0004,0,1460,3280,1820,1.82,SPEAKER_0,SPEAKER_1,True,1.14,3.38,9,30,3,9,0.999,0.997,0.9575555555555556,True,False,아픈 곳 있어요?,"네, 일 주일 전에 머리를 많이 맞았는데 계속 아파요."
0004,11,45145,46965,1820,1.82,SPEAKER_1,SPEAKER_1,False,1.94,0.5,14,4,5,1,0.9268,0.908,0.998,False,False,모르겠어요. 몇 년 된 거,같아요.
0004,15,57900,59720,1820,1.82,SPEAKER_0,SPEAKER_1,True,1.22,2.42,9,21,3,6,0.994,0.986,0.992,True,False,왜 짜증이 나요?,집에 있기 싫은데 계속 있어야 해서요.
0005,13,69255,71075,1820,1.82,SPEAKER_1,SPEAKER_0,True,7.125,3.06,54,27,14,8,0.9340714285714286,0.802,0.9775,False,True,친구가 같이 놀자고 다가왔는데 어색해서 제가 싫다고 해 버렸거든요. 제 성격이 이래서 짜증 나요.,그렇게 짜증이 나면 어떻게 할 땐 마음이 풀려요?
0005,16,83980,85800,1820,1.82,SPEAKER_0,SPEAKER_1,True,2.66,2.26,25,22,8,8,0.990125,0.968,0.953875,True,False,우리 친구는 몇 시에 자고 몇 시에 일어나요?,열 한 시 쯤 자고 일곱 시에 일어나요.
0005,75,376740,378560,1820,1.82,SPEAKER_1,SPEAKER_0,True,4.261,5.025,39,35,10,9,0.9248,0.969,0.9266666666666666,False,False,"오시나요? 네, 컨디션이 엄청 안 좋은 것만 아니면 할아버지가 오셔요.",할아버지나 선생님 때문에 기분이 안 좋아진 적이 있나요? 아니요
0005,93,477380,479200,1820,1.82,SPEAKER_0,SPEAKER_1,True,4.875,0.5,42,4,11,1,0.9413636363636364,0.91,0.943,False,False,집에서 어른들끼리 소리 지르면서 싸우는 걸 듣거나 본 적이 있나요? 아니요.,평상시에
0018,2,8580,10400,1820,1.82,SPEAKER_0,SPEAKER_1,True,1.06,1.46,9,12,2,5,0.996,0.998,0.885,True,False,언제부터 아팠어?,두 달 된 거 같아요.
0018,81,313795,315615,1820,1.82,SPEAKER_1,SPEAKER_0,True,4.5,2.98,25,22,7,7,0.889,0.913,0.989,False,True,학원 빠지고 공부 못 하면 무시하고 비난해요.,주위 어른들 중 나를 때린 사람이 있니?
0184,8,33360,35180,1820,1.82,SPEAKER_0,SPEAKER_1,True,2.18,3.38,19,29,5,8,0.9394,0.999,0.9159999999999999,True,False,병원에 가서 치료할 정도로 다쳤어?,아니요. 그냥 보건실 가서 약 바르고 밴드 붙였어요.
0184,31,131285,133105,1820,1.82,SPEAKER_1,SPEAKER_0,True,2.5,2.02,21,16,6,5,0.9561666666666666,1.0,0.9998,False,True,그냥 평소에 그런 표정이신 거 같아요.,그 표정을 보면 기분이 어때?
0184,65,308060,309880,1820,1.82,SPEAKER_1,SPEAKER_0,True,3.54,3.701,31,27,11,7,0.9031818181818182,0.999,0.9892857142857143,False,True,가끔 그런 걱정 되는 거라서 한 번 정도 인 것 같아요.,그 걱정 때문에 평소에 힘들거나 불편하다고 느껴?
0184,76,354305,356125,1820,1.82,SPEAKER_0,SPEAKER_1,True,2.58,3.46,22,27,6,7,0.9976666666666667,0.991,0.9954285714285714,True,False,그렇게 되고 싶다고 생각한 이유는 뭐야?,축구 좋아해서요. 제가 좋아하는 거 하고 싶어요.
0379,97,568745,570565,1820,1.82,SPEAKER_1,SPEAKER_1,False,0.5,4.98,7,34,1,9,0.894,0.894,0.9782222222222222,False,False,남자친구가요.,그때 이후로 카톡으로 연락하지 말라고 했는데 계속 연락 와요.
1354,35,148080,149900,1820,1.82,SPEAKER_0,SPEAKER_1,True,1.86,3.46,15,32,5,10,0.997,0.988,0.9527,True,False,요즘 제일 큰 걱정은 뭐야?,사실 엄마한테 나 안 한 게 있는데 할지 말지 고민이에요.
1354,66,286950,288770,1820,1.82,SPEAKER_0,SPEAKER_1,True,1.62,1.14,15,13,4,3,0.9835,0.972,0.781,True,False,그 아저씨는 아는 사람이야?,"아니야, 처음 나왔어요."
1786,21,114270,116090,1820,1.82,SPEAKER_0,SPEAKER_0,False,2.58,0.98,24,7,6,2,0.9595,0.809,0.995,True,False,평상시에 아버지는 어떤 표정을 자주 짓나요?,표정 좋아요.
1786,68,348050,349870,1820,1.82,SPEAKER_0,SPEAKER_0,False,2.661,1.22,29,8,8,3,0.939,0.879,0.8656666666666667,True,False,어른들이 학부모 상담 같은 학교 행사에 잘 오시나요?,네 매번 오세요
1786,94,498125,499945,1820,1.82,SPEAKER_0,SPEAKER_0,False,4.34,1.14,34,11,10,3,0.9836,0.968,0.9776666666666667,False,True,"네, 죽고 싶다는 생각은 아니고 내 몸을 아프게 하고 싶어요.",어떤 것을 해봤나요?
2076,23,97265,99085,1820,1.82,SPEAKER_0,SPEAKER_0,False,5.616,5.54,37,40,11,12,0.9511818181818181,0.99,0.9275833333333333,False,False,평상시에 아빠 엄마는 어떤 표정을 자주 짓나요? 둘 다 잘 웃으세요,아빠는 왜 그런 표정을 짓는 것 같아요? 즐거운가 봐요 잠만 보 닮았어요
2076,32,130245,132065,1820,1.82,SPEAKER_1,SPEAKER_1,False,1.06,1.94,10,18,3,5,0.8023333333333333,0.931,0.906,False,True,아니요 저 혼자요.,친구들이랑 주로 뭐 하고 놀아요?
2076,72,317815,319635,1820,1.82,SPEAKER_0,SPEAKER_0,False,2.42,7.62,27,51,7,15,0.9755714285714285,0.86,0.9764666666666667,False,True,마음이 힘들 때 누구에게 내 마음을 이야기하나요.,엄마 속상할까봐 말 안 해요. 주위 어른이나 가족들 중 나를 때린 적이 있는 사람이 있나요?
2076,80,361250,363070,1820,1.82,SPEAKER_1,SPEAKER_0,True,0.5,4.42,3,39,1,11,0.642,0.642,0.9516363636363636,False,True,아니요,누가 성적인 목적으로 내 몸을 사진 찍거나 동영상을 찍은 적이 있나요?
2076,86,387750,389570,1820,1.82,SPEAKER_1,SPEAKER_0,True,0.5,3.7,4,36,1,9,0.732,0.732,0.8995555555555556,False,True,없어요.,집에서 어른들끼리 소리지르면서 싸우는 걸 듣거나 본 적이 있나요?
2076,100,463530,465350,1820,1.82,SPEAKER_0,SPEAKER_1,True,2.1,1.62,22,13,6,4,0.9875,0.981,0.99725,True,False,꿈을 꾸고 일어나면 몸 상태가 어떤가요?,심장이 엄청 빨리 뛰어요
2637,47,210975,212795,1820,1.82,SPEAKER_1,SPEAKER_0,True,0.501,2.02,5,16,1,4,0.797,0.797,0.98575,False,True,행복해요.,어떤 점이 행복하다고 느꼈어?
3242,56,331580,333400,1820,1.82,SPEAKER_0,SPEAKER_1,True,2.101,0.98,17,9,5,2,0.9654,0.99,0.9915,True,False,커서 어떤 사람이 되고 싶어요?,교장 선생님이요.
3242,87,498520,500340,1820,1.82,SPEAKER_0,SPEAKER_1,True,2.02,7.056,12,53,4,11,0.983,1.0,0.9806363636363636,False,False,담임 선생님이 나를 왜,때렸어요? 제가 친구랑 떠들고 소란스럽게 한다고요. 수업에 방해된다면서 조용히 있으라고 했어요.
3242,105,615010,616830,1820,1.82,SPEAKER_0,SPEAKER_1,True,5.38,0.5,43,4,12,1,0.9935,0.999,0.987,True,False,안 좋은 기억 때문에 괴로워서 스스로를 해치고 싶은 생각을 해본 적이 있나요?,아니요.
3316,55,171650,173470,1820,1.82,SPEAKER_1,SPEAKER_0,True,2.26,3.14,25,34,7,9,0.9911428571428571,0.947,0.9369999999999999,False,True,가끔 있어요. 엄청 아픈 거 아니면 참으래요.,빨래를 못해서 더럽거나 냄새나는 옷을 입어야 한 적이 있나요?
3696,19,78050,79870,1820,1.82,SPEAKER_1,SPEAKER_0,True,1.3,2.66,10,24,4,6,0.99825,0.999,0.9803333333333333,False,True,푹 잔 것 같아요.,잠들기 힘들거나 중간에 깨는 일이 있을까요?
3696,22,90065,91885,1820,1.82,SPEAKER_0,SPEAKER_1,True,2.34,1.06,21,9,6,2,0.9901666666666666,0.944,0.998,True,False,평소 엄마는 어떤 표정을 자주 짓나요?,차가운 표정이요.
3696,29,121545,123365,1820,1.82,SPEAKER_0,SPEAKER_1,True,2.021,4.26,22,33,6,8,0.917,0.951,0.986,True,False,없어요. 친구들과 주로 뭐 하고 놀아요?,게임에서 같이 아바타 코디하고 서로의 집도 구경하고 놀아요.
3696,100,453680,455500,1820,1.82,SPEAKER_0,SPEAKER_1,True,3.46,0.5,34,4,9,1,0.9877777777777778,0.99,0.958,True,False,생각하고 싶지 않은데도 자꾸 나쁜 기억이 떠오른 적이 있나요?,아니요.
3706,9,40335,42155,1820,1.82,SPEAKER_1,SPEAKER_0,True,1.78,0.98,16,14,4,3,0.996,0.998,0.9683333333333334,False,True,즐거운 일이 없어요. 언제부터,즐겁지 못하다고 느꼈어요?
3706,26,118765,120585,1820,1.82,SPEAKER_0,SPEAKER_0,False,2.341,1.38,19,12,5,4,0.8436,0.956,0.9097500000000001,True,False,평소 시사 선생님의 표정은 어때요?,항상 짜증 나 있어요.
3706,34,150065,151885,1820,1.82,SPEAKER_0,SPEAKER_1,True,2.1,2.1,19,16,5,4,0.9358,0.988,0.9385,True,False,친구들이랑은 주로 뭐 하고 놀아요?,요즘은 블록놀이를 많이 해요.
3706,36,157050,158870,1820,1.82,SPEAKER_0,SPEAKER_1,True,1.38,1.22,13,10,4,3,0.99675,0.998,0.9983333333333333,True,False,주로 몇 명이랑 놀아요?,세 명이랑 놀아요.
3706,60,265190,267010,1820,1.82,SPEAKER_1,SPEAKER_0,True,0.5,4.02,4,38,1,10,0.98,0.98,0.9238999999999999,False,True,아니요.,빨래가 되어있지 않아서 더럽고 냄새나는 옷을 입어야 한 적이 있나요?
3731,41,194130,195950,1820,1.82,SPEAKER_0,SPEAKER_1,True,2.26,0.5,21,5,7,1,0.9101428571428571,0.982,0.995,True,False,요즘 행복한 것 같아 불행한 것 같아?,행복해요.
3731,82,393960,395780,1820,1.82,SPEAKER_0,SPEAKER_0,False,6.981,1.86,54,16,16,4,0.9936875,0.999,0.99775,False,True,혹시 아빠가 내 몸을 만지면서 나를 아프게 하거나 상처가 나게 한 적이 있어? 그런 적은 없어요.,아빠가 언제부터 나를 만졌어?
5036,3,18515,20335,1820,1.82,SPEAKER_0,SPEAKER_0,False,5.3,2.101,27,17,9,4,0.9686666666666667,0.922,0.97725,False,True,뭘 할 때 가장 즐거운 것 같아? 잘 모르겠어요.,즐겁다고 느끼는 일들이 없을까?
5036,27,121185,123005,1820,1.82,SPEAKER_0,SPEAKER_1,True,1.86,2.02,16,16,5,5,0.9764,0.895,0.97,True,False,왜 그런 표정을 자주 지으셔?,화나는 일이 많은 것 같아요.
5036,56,243130,244950,1820,1.82,SPEAKER_1,SPEAKER_0,True,0.5,4.341,4,34,1,9,0.597,0.597,0.9882222222222222,False,True,아니요.,우리 친구가 아픈데 어른들이 병원에 데려가지 않았던 적 있어?
5036,93,438960,440780,1820,1.82,SPEAKER_1,SPEAKER_0,True,1.541,5.965,10,42,3,9,0.772,0.681,0.9101111111111111,False,True,아니요 본적 없어요,어른이 아닌 주변 사람들이 친구를 놀리거나 괴롭히거나 따돌린다고 느낀적있어?
5069,74,393115,394935,1820,1.82,SPEAKER_0,SPEAKER_0,False,0.5,3.94,4,40,1,13,0.993,0.993,0.9765384615384616,False,True,쓰고요.,친구가 뭘 할 때 무조건 안 된다고 하거나 무조건 하라고 할 때가 있어?
0002,66,322570,324389,1819,1.819,SPEAKER_0,SPEAKER_1,True,3.06,4.021,29,31,9,7,0.9995555555555555,0.999,0.9684285714285714,True,False,그럴 때 괴로워서 죽고 싶다는 생각을 한 적 있어요?,아니요. 죽으면 동생이 혼자잖아요. 제가 지켜줘야 해요.
0005,0,5540,7359,1819,1.819,SPEAKER_0,SPEAKER_1,True,2.74,0.501,21,5,5,1,0.9848,0.998,0.696,True,False,최근에 건강한가요? 아픈 곳은 없나요?,건강해요.
2076,18,71966,73785,1819,1.819,SPEAKER_0,SPEAKER_1,True,2.181,1.78,25,18,8,6,0.956,0.932,0.9565,True,False,우리 친구는 몇 시에 자고 몇 시에 일어나요?,열 시에 자고 일곱 시에 일어나요
2076,26,110800,112619,1819,1.819,SPEAKER_1,SPEAKER_0,True,0.501,2.421,5,22,1,7,0.983,0.983,0.9932857142857143,False,True,행복해요.,엄마는 왜 그런 표정을 짓는 것 같아요?
2637,65,291935,293754,1819,1.819,SPEAKER_1,SPEAKER_0,True,1.54,3.221,14,25,5,7,0.9676,0.924,0.9015714285714286,False,True,네 시간 하는 것 같아요.,너무 많이 한다고 어른들이 뭐라고 하진 않아?
3242,23,138480,140299,1819,1.819,SPEAKER_1,SPEAKER_0,True,4.021,2.421,33,21,10,6,0.9223,0.957,0.9948333333333333,False,True,열한 시에 잠들고 일곱 시에 일어나서 학교 갈 준비를 해요.,아침에 일어났을 때 몸 상태는 어때요?
3316,26,78616,80435,1819,1.819,SPEAKER_0,SPEAKER_1,True,1.861,1.541,18,13,6,3,0.9348333333333333,0.996,0.9993333333333333,True,False,왜 그런 표정을 짓는 거 같아요?,저희한테 관심이 없어요.
3731,84,401236,403055,1819,1.819,SPEAKER_1,SPEAKER_0,True,1.861,8.341,17,63,4,17,0.92375,0.996,0.9824705882352941,False,False,저 소다도 들어가고 나서부터요.,혹시 아빠가 내 몸을 사진이나 동영상 으로 찍었어? 네. 가끔 제가 얼마나 컸는지 봐야 한다고 사진으로 찍었어요.
5036,105,503755,505574,1819,1.819,SPEAKER_1,SPEAKER_0,True,1.3,2.101,11,20,4,6,0.80725,0.767,0.9470000000000001,False,False,두 번인 것 같아요.,이런 안 좋은 기억이 떠오르면 어떻게
5058,85,326435,328254,1819,1.819,SPEAKER_1,SPEAKER_0,True,6.181,2.101,56,19,13,5,0.9605384615384616,0.994,0.9496,False,True,넘어질 것 같다고 부축해달라고 해서 옆으로 갔는데 아저씨가 저를 데리고 학원상가 계단실로 들어갔어요.,상가에서 아저씨가 너한테 뭐 했어?
0216,6,27635,29440,1805,1.805,SPEAKER_0,SPEAKER_1,True,1.62,1.14,14,8,3,2,0.926,0.78,0.876,True,False,언제부터 즐겁지 않았을까?,일주일 전이요.
0216,62,298285,300080,1795,1.795,SPEAKER_0,SPEAKER_0,False,3.46,0.501,30,3,9,1,0.9744444444444444,0.999,0.515,True,False,주위 어른들 중에 나를 때린 적이 있는 사람이 있을까?,아니요
1354,63,268850,270645,1795,1.795,SPEAKER_1,SPEAKER_0,True,0.5,4.66,4,48,1,13,0.399,0.399,0.9359999999999999,False,True,아니요.,내가 원하지 않는데 누군가가 내 몸을 만지거나 보여달라고 한 적 있어? 사실 있었어요?
3706,31,139620,141405,1785,1.785,SPEAKER_1,SPEAKER_0,True,1.62,1.62,13,13,3,3,0.9956666666666667,0.996,0.9413333333333334,False,True,무섭고 도망가고 싶어요.,혹시 형제자매가 있나요?
0184,56,263315,265095,1780,1.78,SPEAKER_0,SPEAKER_1,True,2.22,0.5,14,4,4,1,0.92825,0.928,0.992,True,False,담임 선생님은 좋아 싫어?,좋아요.
2677,104,549410,551190,1780,1.78,SPEAKER_1,SPEAKER_1,False,5.701,1.461,39,14,11,4,0.9056363636363637,0.55,0.902,False,False,부모님의 허락 없이 또는 말도 없이 오랫동안 집에서 나와있었던 적 있어,"아니요, 그런 적 없어요."
0005,31,147790,149565,1775,1.775,SPEAKER_0,SPEAKER_1,True,1.3,1.94,11,16,3,5,0.8383333333333334,0.999,0.9067999999999999,True,False,형제 자매가 있나요?,"네, 여동생이 한 명 있어요."
3731,40,190095,191870,1775,1.775,SPEAKER_1,SPEAKER_0,True,2.421,2.26,18,21,6,7,0.9596666666666667,0.992,0.9101428571428571,False,True,새로운 집 온 뒤로 계속 그래요.,요즘 행복한 것 같아 불행한 것 같아?
5036,10,49185,50960,1775,1.775,SPEAKER_1,SPEAKER_0,True,0.821,1.78,7,16,2,5,0.977,0.955,0.9792,False,True,짜증 났어요.,어떤 일 때문에 짜증이 났어?
0005,10,51645,53410,1765,1.765,SPEAKER_0,SPEAKER_1,True,1.781,1.941,15,16,4,4,0.971,0.956,0.981,True,False,무엇 때문에 짜증이 났어요?,저 스스로한테 짜증이 났어요.
0216,20,96630,98395,1765,1.765,SPEAKER_0,SPEAKER_1,True,2.34,1.3,20,15,7,3,0.9858571428571429,0.936,0.924,True,False,왜 그런 표정을 하고 있는 것 같아?,저희 아빠는 온화하시거든요.
3731,5,25265,27030,1765,1.765,SPEAKER_1,SPEAKER_0,True,3.14,3.46,29,32,7,10,0.9471428571428572,0.999,0.9643,False,True,그래요? 전 친구들이랑 놀이터에서 노는 거 좋아해요.,최근 일주일 동안 크게 짜증이 났거나 화가 난 적이 있어?
5058,86,330355,332120,1765,1.765,SPEAKER_0,SPEAKER_1,True,2.101,7.78,19,69,5,19,0.9496,0.877,0.9859473684210527,True,False,상가에서 아저씨가 너한테 뭐 했어?,제 바지를 벗기고 다리 사이에 아저씨 밑을 비볐어요. 다리에 있는 살이 너무 아프고 아저씨가 세게 잡은 곳은 멍이 들었어요.
3706,17,74366,76130,1764,1.764,SPEAKER_0,SPEAKER_0,False,1.381,3.3,13,31,4,9,0.86075,0.994,0.9935555555555555,False,True,네. 거의 매일 그래요.,평소 짜증이나 화가 났을 때 어떻게 하면 마음이 풀려요?
0018,89,356580,358335,1755,1.755,SPEAKER_1,SPEAKER_0,True,3.701,2.42,28,20,9,7,0.9594444444444444,0.986,0.9421428571428572,False,True,공부 때문에 죽고 싶은 생각을 해 본 적이 있어요.,혹시 자살 시도를 해 본 적은 있니?
1354,12,55135,56890,1755,1.755,SPEAKER_0,SPEAKER_1,True,2.82,4.26,25,36,8,11,0.971,0.997,0.789,True,False,최근 일주일 동안 짜증이나 화가 난 적 있어?,"네, 짜증만 적 있어요. 제가 싫어한 내가 저한테 말 걸었을 때."
2076,64,282200,283955,1755,1.755,SPEAKER_0,SPEAKER_1,True,2.26,1.78,23,15,6,4,0.9771666666666666,0.863,0.84175,True,False,얼마나 자주 다른 사람들 앞에서 혼나나요?,일주일에 한번 정도는 그래요
2076,74,339070,340825,1755,1.755,SPEAKER_1,SPEAKER_0,True,10.341,0.821,90,9,22,2,0.9551363636363637,1.0,0.9784999999999999,False,True,학원 선생님이 한자 못 외웠다고 시험 못 봤다고 막대기로 발바닥 많이 때렸어요. 그래서 발가락 다쳤어요. 엄마한테는 넘어졌다고 했어요. 또 등도 손으로 때렸어요.,자주 때리시나요?
2637,43,191585,193340,1755,1.755,SPEAKER_1,SPEAKER_0,True,3.06,2.34,22,17,5,5,0.8694,0.727,0.8958,False,True,수업도 재밌고 가끔 아이스크림도 사주세요,요즘 가장 큰 걱정거리가 뭐야?
3242,16,91591,93345,1754,1.754,SPEAKER_0,SPEAKER_1,True,0.821,9.46,7,69,2,19,0.998,0.996,0.9626315789473684,True,False,왜 그랬나요?,제가 수업 시간에 조금 뻗은 건 사실인데 그렇다고 이렇게 다치게 하는 선생님이 어디 있어요. 선생님 때문에 정말 화가 나요.
3696,84,377211,378965,1754,1.754,SPEAKER_0,SPEAKER_1,True,4.941,0.5,40,4,12,1,0.9961666666666666,0.992,0.998,True,False,내가 원하지 않는데도 누가 내 몸을 만지거나 보여 달라고 한 적 있어요?,없어요.
0216,37,173770,175515,1745,1.745,SPEAKER_0,SPEAKER_0,False,3.301,2.5,19,22,6,7,0.9490000000000001,0.804,0.7581428571428571,False,False,주로 몇 명이서 놀아? 네 명이요.,담임 선생님은 어때? 좋은 것 같아? 네
2076,102,470250,471995,1745,1.745,SPEAKER_0,SPEAKER_0,False,1.3,0.501,13,3,4,1,0.97125,0.995,0.897,True,False,가출해 본 적이 있나요?,아니요
3696,25,102146,103890,1744,1.744,SPEAKER_0,SPEAKER_0,False,3.301,2.26,26,23,8,7,0.990625,0.999,0.9975714285714286,False,True,원래 좀 엄마 성격이 차갑고 무심한 것 같아요.,그런 표정을 볼 때 친구는 기분이 어때요?
0002,62,305065,306805,1740,1.74,SPEAKER_0,SPEAKER_1,True,3.301,0.5,28,4,7,1,0.997,0.999,0.99,True,False,친구들이 자주 놀리거나 괴롭힌다고 느낀 적 있어요?,아니요.
0004,18,71455,73195,1740,1.74,SPEAKER_1,SPEAKER_0,True,1.54,3.06,10,23,3,7,0.9033333333333333,0.71,0.9888571428571429,False,True,그냥 놀이터에 앉아,있어요. 몇 시에 자고 몇 시에 일어나요?
0004,59,271745,273485,1740,1.74,SPEAKER_0,SPEAKER_1,True,8.74,1.22,62,7,18,2,0.9556666666666667,0.977,0.8714999999999999,True,False,빨래가 안 돼서 더럽고 냄새나는 옷을 입어야 한 적이 있거나 사이즈가 작은 옷이나 신발을 입고 다닌 적 있어요?,대부분 그래요
0005,40,180955,182695,1740,1.74,SPEAKER_2,SPEAKER_1,True,0.5,9.725,5,73,1,18,0.953,0.953,0.9371111111111111,True,False,있을까요?,"제가 성격이 좀 그래요. 친구들이랑 같이 지내는게 어색하고, 다가오는 친구들한테도 저도 모르게 거리를 두고 자꾸 피하는 것 같아요."
0006,68,300200,301940,1740,1.74,SPEAKER_1,SPEAKER_0,True,0.501,5.38,4,44,1,13,0.847,0.847,0.9986153846153846,False,True,아니요.,가족 중 돌봐주는 사람이 갑자기 말도 없이 집을 나가서 안 들어온 적이 있나요?
0006,91,409100,410840,1740,1.74,SPEAKER_1,SPEAKER_0,True,0.5,5.06,4,36,1,8,0.999,0.999,0.9725,False,True,없어요.,어른들이 쫓아내거나 버리겠다고 말하거나 진짜 쫓아낸 적이 있나요?
0006,96,437590,439330,1740,1.74,SPEAKER_1,SPEAKER_0,True,0.5,0.5,2,6,1,1,0.99,0.99,0.978,False,True,네.,누구인가요?
0018,71,267970,269710,1740,1.74,SPEAKER_1,SPEAKER_0,True,0.5,4.98,5,38,1,11,0.994,0.994,0.9777272727272727,False,True,할머니요.,빨래가 되어 있지 않아서 더럽고 냄새나는 옷을 입어야 한 적이 있니?
0184,24,103285,105025,1740,1.74,SPEAKER_0,SPEAKER_1,True,3.06,2.42,23,22,6,8,0.9753333333333334,0.991,0.967375,True,False,잠들기 힘들거나 자다가 중간에 깨진 않아?,"네, 그런 거 없이 잘 사는 것 같아요."
0184,28,119190,120930,1740,1.74,SPEAKER_0,SPEAKER_1,True,2.02,1.061,14,8,4,2,0.99975,1.0,0.9855,True,False,평소 아빠의 표정은 어때?,자주 웃어줘요.
1112,123,853930,855670,1740,1.74,SPEAKER_0,SPEAKER_0,False,5.685,0.5,36,4,10,1,0.9635,0.938,0.972,False,True,부모님의 허락 없이 또는 말도 없이 집에 오랫동안 나와있었던 적이,있나요?
1136,57,317190,318930,1740,1.74,SPEAKER_1,SPEAKER_1,False,0.74,0.5,4,3,2,1,0.935,0.956,0.576,False,False,그런 적,없어요
1136,58,319430,321170,1740,1.74,SPEAKER_1,SPEAKER_0,True,0.5,5.62,3,48,1,15,0.576,0.576,0.9236666666666666,False,True,없어요,며칠 동안 벌레가 된 새 옷이 없어서 같은 옷을 입거나 냄새나는 옷을 입은 적이 있어?
1136,69,385095,386835,1740,1.74,SPEAKER_0,SPEAKER_1,True,2.1,3.38,16,30,5,8,0.971,0.886,0.975625,True,False,아빠의 어떤 행동이 화가 나?,저번에 저한테 꼴도 보기 싫다고 집에서 나가라고 했어요
1136,90,503325,505065,1740,1.74,SPEAKER_0,SPEAKER_1,True,3.941,3.14,34,30,9,9,0.9843333333333333,0.992,0.9497777777777777,True,False,그럼 부모님이 싸우다가 너한테 소리 지르거나 때린 적이 있니?,아니요. 부모님이 싸울 때 저는 방 안에 숨어 있어요.
1354,39,168865,170605,1740,1.74,SPEAKER_0,SPEAKER_0,False,4.66,1.22,15,11,5,3,0.9978,0.997,0.9993333333333333,False,True,요즘 행복한 것 같아? 네.,어떤 점에서 행복해?
1786,11,52810,54550,1740,1.74,SPEAKER_0,SPEAKER_0,False,1.3,2.02,13,19,5,5,0.712,0.534,0.9882,False,True,"네, 화 난 적 있어요.",무엇 때문에 짜증이나 화가 났나요?
1786,72,364825,366565,1740,1.74,SPEAKER_0,SPEAKER_0,False,0.5,2.98,3,29,1,8,0.852,0.852,0.966,False,True,엄마요,엄마의 어떤 말이나 행동이 내 기분을 상하게 하나요?
1786,89,471735,473475,1740,1.74,SPEAKER_0,SPEAKER_0,False,4.26,0.5,43,4,11,1,0.9908181818181818,0.992,0.967,True,False,어른이 아닌 주변 사람들이 나를 자주 놀리거나 괴롭힌다고 느낀 적이 있었나요?,아니요.
1786,98,516800,518540,1740,1.74,SPEAKER_0,SPEAKER_0,False,2.501,7.925,27,57,9,14,0.9734444444444444,0.953,0.9830714285714286,False,False,꿈은 잘 안 꾸는 것 같아요. 기억이 안 나네요.,생각하고 싶지 않은데도 자꾸 나쁜 기억이 떠오른 적이 있나요? 얼마나 자주 그런가요? 그렇지는 않아요.
2076,21,86710,88450,1740,1.74,SPEAKER_0,SPEAKER_1,True,3.86,1.62,37,13,9,4,0.893,0.956,0.98425,True,False,괜찮아요 평소에 잠들기 힘들다거나 잠자는 중간에 자주 깨진 않나요?,중간에 악몽 때문에 깨요
2076,46,190060,191800,1740,1.74,SPEAKER_0,SPEAKER_0,False,4.335,2.58,30,26,7,8,0.9981428571428571,1.0,0.993625,False,True,집에서 주로 나를 돌봐주는 어른은 누구인가요? 엄마요.,배가 고픈데 먹을 게 없어서 굶은 적이 있나요?
2076,95,439470,441210,1740,1.74,SPEAKER_1,SPEAKER_0,True,2.34,4.66,22,45,5,11,0.8602,0.768,0.9631818181818181,False,True,네. 학원 선생님한테 혼나고부터 그래요.,생각하고 싶지 않은데도 자꾸 괴롭힘이 떠오른 적이 있나요? 얼마나 자주 그런가요?
2637,15,72605,74345,1740,1.74,SPEAKER_1,SPEAKER_0,True,5.345,2.58,38,20,9,6,0.9521111111111111,0.996,0.9725,False,True,엄청 피곤해요. 아침밥 먹다가 졸아서 숟가락 막 떨어뜨리고 그랬어요.,그런 일은 일주일에 몇 번이나 있어?
2637,40,181425,183165,1740,1.74,SPEAKER_0,SPEAKER_1,True,2.9,0.501,24,5,6,1,0.8996666666666666,0.982,0.361,False,False,담임 선생님은 좋아해? 싫어해? 담임 선생님,좋아해요.
2637,80,363970,365710,1740,1.74,SPEAKER_1,SPEAKER_0,True,0.98,2.58,8,16,2,5,0.7775000000000001,0.801,0.9402,False,True,아니요 없어요.,혼날 때는 주로 어떻게 혼나?
3696,23,92945,94685,1740,1.74,SPEAKER_1,SPEAKER_0,True,1.06,2.26,9,19,2,5,0.998,0.996,0.9982,False,True,차가운 표정이요.,왜 그런 표정을 짓는다고 생각해요?
3696,77,349530,351270,1740,1.74,SPEAKER_0,SPEAKER_1,True,2.58,1.781,24,15,6,4,0.9984999999999999,0.995,0.999,True,False,아빠가 나를 때리는 이유는 뭐라고 생각해요?,제가 아빠를 귀찮게 해서요.
3706,98,487125,488865,1740,1.74,SPEAKER_1,SPEAKER_0,True,0.5,2.98,4,27,1,8,0.866,0.866,0.983375,False,True,아니요.,잠잘 때 주로 어떤 꿈을 꾸나요? 악몽을 꾸나요?
3706,99,491845,493585,1740,1.74,SPEAKER_0,SPEAKER_1,True,2.98,1.3,27,10,8,4,0.983375,0.999,0.901,True,False,잠잘 때 주로 어떤 꿈을 꾸나요? 악몽을 꾸나요?,꿈은 잘 안 꿔요.
3731,28,130375,132115,1740,1.74,SPEAKER_0,SPEAKER_0,False,2.82,6.845,14,47,3,13,0.9099999999999999,0.944,0.9656153846153847,False,False,형제자매가 있어? 없어요.,제일 친한 친구들은 몇 명이야? 지금 같은 방에 있는 형이랑도 친하고 친구들이랑도 다
3731,50,227100,228840,1740,1.74,SPEAKER_1,SPEAKER_0,True,0.98,3.07,9,27,2,9,0.997,0.995,0.9893333333333333,False,True,센터 선생님이요.,배가 고픈데 집에 먹을 게 없어서 굶은 적 있어?
3731,78,367510,369250,1740,1.74,SPEAKER_0,SPEAKER_1,True,1.7,3.06,18,29,5,7,0.9984,0.996,0.9995714285714286,True,False,아빠가 나를 어떤 식으로 만졌어?,다리 사이에 손을 넣어서 만지거나 엉덩이를 만졌어요.
3731,91,432435,434175,1740,1.74,SPEAKER_1,SPEAKER_0,True,0.5,3.78,4,33,1,8,0.993,0.993,0.97825,False,True,아니요.,친구들이 나를 지나치게 놀리거나 따돌린다고 느낀 적이 있어?
5036,8,41665,43405,1740,1.74,SPEAKER_1,SPEAKER_0,True,1.54,3.3,14,26,5,9,0.9426,0.965,0.9828888888888889,False,True,일 년 넘은 것 같은데요.,최근 일주일 동안 짜증이 나 화가 난 적 있어?
5036,11,52740,54480,1740,1.74,SPEAKER_0,SPEAKER_1,True,1.78,1.14,16,11,5,4,0.9792,0.998,0.9775,True,False,어떤 일 때문에 짜증이 났어?,말 안 하고 싶어요.
5036,15,67515,69255,1740,1.74,SPEAKER_0,SPEAKER_1,True,1.38,0.98,12,6,4,2,0.99825,0.997,0.977,True,False,그런 말을 자주 하셔?,맨날 해요.
5036,31,138650,140390,1740,1.74,SPEAKER_0,SPEAKER_0,False,2.26,0.5,16,4,4,1,0.96775,0.991,0.989,True,False,우리 친구는 형제자매가 있어?,없어요.
5036,32,140890,142630,1740,1.74,SPEAKER_0,SPEAKER_0,False,0.5,2.34,4,17,1,4,0.989,0.989,0.97375,False,True,없어요.,친구들이랑은 주로 뭐하고 놀아?
5113,9,56280,58020,1740,1.74,SPEAKER_0,SPEAKER_0,False,0.74,3.3,5,19,2,5,0.993,0.987,0.9208,False,True,다친 곳은,없어요. 친구는 말할 때가 즐거워?
0002,18,75116,76855,1739,1.739,SPEAKER_0,SPEAKER_1,True,1.941,3.14,14,21,5,5,0.9976,1.0,0.9984,False,False,그 표정을 지을 때 기분이,어때요? 슬프기도 하고 무섭기도 해요.
0184,61,284361,286100,1739,1.739,SPEAKER_1,SPEAKER_1,False,2.741,2.34,22,18,6,6,0.9743333333333333,1.0,0.9111666666666667,False,True,"네, 여동생 때문에 걱정되는 게 있어요.",뭐 때문에 그게 걱정인 것 같아?
0216,8,36820,38559,1739,1.739,SPEAKER_0,SPEAKER_1,True,3.3,2.421,26,18,8,5,0.92675,0.829,0.9258000000000001,True,False,최근 일주일 동안 짜증 나거나 화난 적이 있을까,짜증 나거나 화난 적은 없었어요.
1786,64,322431,324170,1739,1.739,SPEAKER_0,SPEAKER_0,False,2.981,5.701,34,39,10,11,0.9676,0.997,0.9344545454545454,True,True,빨래가 되어 있지 않아서 더러운 옷을 입어야 한 적이 있나요?,아니요. 옷이나 신발 사이즈가 작은 걸 입거나 신고 다닌 적이 있나요?
2076,83,378025,379764,1739,1.739,SPEAKER_0,SPEAKER_0,False,5.94,0.741,52,7,13,2,0.9668461538461538,0.957,0.8385,True,False,성적인 목적으로 내 신체부위 사진이나 영상을 찍어서 누구에게 보내거나 어디 올린 적이 있나요?,아니요 없어요
2076,88,395026,396765,1739,1.739,SPEAKER_1,SPEAKER_0,True,0.501,6.101,4,47,1,12,0.872,0.872,0.9814166666666666,False,False,아니요.,어른이 아닌 주변 사람들이 나를 자주 놀리거나 괴롭힌다고 느낀 적이 있나요? 아니요.
2637,14,65521,67260,1739,1.739,SPEAKER_0,SPEAKER_1,True,2.341,5.345,16,38,5,9,0.9556,0.988,0.9521111111111111,True,False,일어났을 때 몸 상태는 어때?,엄청 피곤해요. 아침밥 먹다가 졸아서 숟가락 막 떨어뜨리고 그랬어요.
2637,82,371426,373165,1739,1.739,SPEAKER_1,SPEAKER_0,True,2.021,4.9,16,40,4,11,0.8505,0.56,0.9815454545454545,False,True,잘못한 거로 반성문 쓰기예요.,내가 원하지 않는데도 누군가가 내 몸을 만지거나 보여달라고 한 적 있어?
2637,92,427555,429294,1739,1.739,SPEAKER_1,SPEAKER_0,True,2.66,5.061,21,40,6,11,0.9695,0.979,0.9716363636363636,False,True,아니요 술 마시면 씻고 자러 들어가세요,어른이 아닌 주변 사람들이 나를 자주 놀리거나 괴롭힌다고 느낀 적 있어?
3242,77,458585,460324,1739,1.739,SPEAKER_0,SPEAKER_1,True,7.22,0.501,60,4,17,1,0.9705294117647059,0.993,0.981,True,False,내가 무엇을 하려고 하면 무조건 안 된다고 하지 말라고 하거나 하기 싫은데도 무조건 하라고 할 때가 있나요?,아니요.
3316,48,145151,146890,1739,1.739,SPEAKER_0,SPEAKER_1,True,1.941,0.901,21,9,5,2,0.9684,0.999,0.7805,True,False,나를 주로 돌봐두는 어른은 누구인가요?,시사 선생님이요.
3696,4,14276,16015,1739,1.739,SPEAKER_0,SPEAKER_1,True,1.221,2.741,12,23,4,6,0.98375,0.989,0.8696666666666667,True,False,뭘 할 때가 즐거워요?,학교에서 현장 체험 학습 가면 재미있어요.
3706,106,519086,520825,1739,1.739,SPEAKER_0,SPEAKER_0,False,0.501,2.341,4,20,1,6,0.975,0.975,0.9916666666666667,False,True,아니요.,친한 친구 중 가출한 친구가 있나요?
3696,90,406040,407775,1735,1.735,SPEAKER_0,SPEAKER_0,False,3.54,0.5,33,4,9,1,0.979,0.99,0.999,True,False,가족들끼리 소리 지르면서 싸우는 걸 듣거나 본 적이 있어요?,없어요.
3731,83,397640,399375,1735,1.735,SPEAKER_0,SPEAKER_1,True,1.86,1.861,16,17,4,4,0.99775,0.993,0.92375,True,False,아빠가 언제부터 나를 만졌어?,저 소다도 들어가고 나서부터요.
5036,26,117591,119325,1734,1.734,SPEAKER_1,SPEAKER_0,True,0.901,1.86,7,16,2,5,0.9550000000000001,0.976,0.9764,False,True,화난 표정이요,왜 그런 표정을 자주 지으셔?
1354,37,157920,159645,1725,1.725,SPEAKER_0,SPEAKER_1,True,2.261,3.06,20,29,5,8,0.9448,1.0,0.80175,True,False,그런 걱정 때문에 일상생활이 힘들어?,저도요. 일주일에 세 번 정도는 생각나는 것 같아요.
2076,13,54535,56250,1715,1.715,SPEAKER_1,SPEAKER_0,True,5.38,2.5,50,27,14,8,0.9376428571428571,0.892,0.973,False,True,일어나요? 아니요 원래는 안 그런데 학원 쌤한테 혼나고 나서는 문제가 안 풀리면 화가 나요,그렇게 짜증이 나면 어떻게 할 때 마음이 풀려요?
2076,68,299015,300730,1715,1.715,SPEAKER_0,SPEAKER_0,False,5.46,0.5,43,3,10,1,0.961,0.998,0.736,True,False,어른들이 나를 집에서 쫓아내거나 버리겠다고 말하거나 진짜 쫓아낸 적이 있어요?,없어요
0216,32,148270,149975,1705,1.705,SPEAKER_0,SPEAKER_0,False,1.78,3.78,14,29,3,8,0.9436666666666667,0.995,0.824375,True,False,여동생이랑 사이는 어때요?,교사: 사이는 좋은데 자주 다투는 것 같아요. 주주:
1136,98,547971,549675,1704,1.704,SPEAKER_0,SPEAKER_1,True,2.181,2.42,16,20,6,6,0.977,0.965,0.9421666666666666,True,False,요즘은 잘 때 무슨 꿈을 꿔?,저는 원래 꿈을 안 꿔요. 부모님한테
3821,23,135340,137040,1700,1.7,SPEAKER_0,SPEAKER_1,True,3.94,0.5,21,4,5,1,0.9792,0.996,0.945,True,False,잠들기 힘들거나 잠자는 중간에 깨나요?,잠들기도
3821,24,137540,139239,1699,1.699,SPEAKER_1,SPEAKER_1,False,0.5,2.661,4,22,1,5,0.945,0.945,0.9818,False,False,잠들기도,힘들고 중간에도 깨요. 막내가 울어서요.
0004,14,54985,56680,1695,1.695,SPEAKER_1,SPEAKER_0,True,1.46,1.22,12,9,3,3,0.947,0.996,0.994,False,True,매일매일 짜증이 나요.,왜 짜증이 나요?
3696,98,444685,446380,1695,1.695,SPEAKER_0,SPEAKER_1,True,2.1,1.06,18,8,6,3,0.9883333333333333,0.991,0.9816666666666667,True,False,잠잘 때 주로 어떤 꿈을 꾸나요?,거의 안 꿔요.
3696,40,167731,169425,1694,1.694,SPEAKER_1,SPEAKER_0,True,4.021,3.22,35,30,9,8,0.9753333333333333,0.995,0.968375,False,True,혹시 요즘 제가 싫어졌는지 걱정이 되는데 물어볼 연기가 없어요.,걱정 때문에 불편한 느낌이 일주일에 몇 번이나 되나요?
0018,37,144140,145825,1685,1.685,SPEAKER_1,SPEAKER_0,True,3.3,2.1,22,13,5,3,0.9518,0.772,0.984,False,True,엄마처럼 필요한 것이 있으면 챙겨주세요.,동생하고는 차별을 하셔?
2076,71,313710,315395,1685,1.685,SPEAKER_0,SPEAKER_0,False,3.3,2.42,30,27,7,7,0.8654285714285714,0.951,0.9755714285714285,False,False,아니요 엄마 아빠가 항상 예의바르게 행동하라고는 하셔요,마음이 힘들 때 누구에게 내 마음을 이야기하나요.
3706,35,153985,155670,1685,1.685,SPEAKER_1,SPEAKER_0,True,2.1,1.38,16,13,4,4,0.9385,0.959,0.99675,False,True,요즘은 블록놀이를 많이 해요.,주로 몇 명이랑 놀아요?
3316,68,224460,226140,1680,1.68,SPEAKER_0,SPEAKER_1,True,4.135,0.5,46,4,12,1,0.9954166666666666,0.997,0.994,True,False,어른들이 나를 집에서 쫓아낸다고 말하거나 어디에 가두고 못 나오게 한 적이 있나요?,아니요.
0018,17,65450,67125,1675,1.675,SPEAKER_1,SPEAKER_0,True,2.821,1.78,18,17,4,6,0.9275,0.994,0.9886666666666667,False,True,할머니랑 이야기하면 조금 풀려요.,몇 시에 자고 몇 시에 일어나?
0184,22,93910,95585,1675,1.675,SPEAKER_0,SPEAKER_1,True,1.94,1.94,15,14,4,3,0.9995,0.999,0.9993333333333333,True,False,아침에 일어나면 몸은 어때?,평소랑 똑같은데 괜찮아요.
1786,22,117070,118745,1675,1.675,SPEAKER_0,SPEAKER_0,False,0.98,1.86,7,18,2,6,0.995,0.991,0.9923333333333333,False,True,표정 좋아요.,왜 그런 표정을 짓는 것 같나요?
2637,6,25155,26830,1675,1.675,SPEAKER_0,SPEAKER_1,True,1.22,2.18,10,17,3,4,0.9966666666666667,0.999,0.9802500000000001,True,False,어떤 점이 즐거워?,제가 이기면 뿌듯하고 즐거워요.
2637,23,109855,111530,1675,1.675,SPEAKER_1,SPEAKER_0,True,4.181,2.98,31,26,9,8,0.7878888888888889,0.986,0.9924999999999999,False,True,아빠는 엄청 웃기 표정 자주 짓고 하루종일 웃고 있어요.,아빠는 왜 그런 표정을 자주 지으시는 것 같아?
5058,3,11220,12895,1675,1.675,SPEAKER_1,SPEAKER_0,True,0.98,2.181,9,19,3,5,0.9986666666666667,0.999,0.9804,False,True,그런 건 없어요.,최근에 다치거나 멍들은 곳이 있어?
0002,32,137385,139045,1660,1.66,SPEAKER_0,SPEAKER_1,True,1.54,0.5,10,4,2,1,0.9665,0.933,0.984,True,False,행복하다고 느껴요?,아니요.
0005,103,522365,524025,1660,1.66,SPEAKER_0,SPEAKER_0,False,0.5,1.86,4,18,1,6,0.969,0.969,0.9843333333333333,False,True,없어요.,잠잘 때 주로 어떤 꿈을 꾸나요?
0006,52,233345,235005,1660,1.66,SPEAKER_0,SPEAKER_0,False,0.5,1.14,2,10,1,3,0.999,0.999,0.997,False,True,요즘,행복한 것 같나요?
0018,12,44315,45975,1660,1.66,SPEAKER_0,SPEAKER_1,True,3.78,2.1,26,10,9,3,0.9396666666666667,0.98,0.9646666666666667,True,False,책은 일주일 동안 짜증이 나 화가 난 적 있어?,짜증이 많이 나요.
0018,21,80840,82500,1660,1.66,SPEAKER_1,SPEAKER_0,True,2.1,3.78,14,29,3,8,0.9573333333333334,0.872,0.948625,False,True,아침에 일어나면 피곤해요.,평소에 잠이 들기 힘들거나 잠자는 중간에 자주 깨니?
0184,60,279960,281620,1660,1.66,SPEAKER_0,SPEAKER_1,True,1.7,2.741,13,22,4,6,0.9844999999999999,0.992,0.9743333333333333,True,False,요즘 걱정하는 게 있어?,"네, 여동생 때문에 걱정되는 게 있어요."
0216,49,222950,224610,1660,1.66,SPEAKER_0,SPEAKER_1,True,2.1,1.06,11,10,4,2,0.989,0.973,0.9445,True,False,왜 되고 싶은 거야?,예쁘고 멋있어서요.
0216,51,230185,231845,1660,1.66,SPEAKER_0,SPEAKER_1,True,2.42,0.5,17,4,4,1,0.90025,0.723,0.849,False,False,친구를 돌봐주는 어른은 누군가요,엄마요.
0216,52,232345,234005,1660,1.66,SPEAKER_1,SPEAKER_0,True,0.5,13.375,4,74,1,21,0.849,0.849,0.9222380952380952,False,False,엄마요.,우리 친구는 배가 고픈데 밥이 없어서 굶은 적이 있을까? 아니요 친구가 어디 아픈데 어른들이 병원에 안 데려 간 적이 있을까? 아니요
0216,53,247380,249040,1660,1.66,SPEAKER_0,SPEAKER_0,False,13.375,7.7,74,56,21,14,0.9222380952380952,0.784,0.9467142857142857,False,True,우리 친구는 배가 고픈데 밥이 없어서 굶은 적이 있을까? 아니요 친구가 어디 아픈데 어른들이 병원에 안 데려 간 적이 있을까? 아니요,빨래가 되지 않아서 더럽고 냄새나는 옷을 입는다거나 사이즈가 안맞는 옷이나 신발을 착용한 적이 있어?
0379,76,449110,450770,1660,1.66,SPEAKER_0,SPEAKER_1,True,3.541,0.5,29,4,9,1,0.9561111111111111,0.955,0.985,True,False,주위 어른들 중에 나를 때린 적이 있는 사람이 있어?,없어요.
1354,31,133365,135025,1660,1.66,SPEAKER_0,SPEAKER_1,True,1.38,0.501,11,3,4,1,0.94575,0.998,0.271,True,False,몇 명이 같이 놀아?,중요한
1354,73,315280,316940,1660,1.66,SPEAKER_1,SPEAKER_0,True,0.5,3.22,4,22,1,7,0.836,0.836,0.996,True,True,아니야?,누가 소중한 부위를 아프게 한 적 있어?
1354,78,335255,336915,1660,1.66,SPEAKER_0,SPEAKER_0,False,6.42,2.74,48,25,14,6,0.9922857142857143,0.918,0.9485,False,True,누가 내 몸을 찍어서 보내주면 돈을 준다고 하거나 보내서 돈을 받은 적 있어? 아니야.,내가 싫다는데도 계속 따라다니는 사람이 있어?
1354,86,375930,377590,1660,1.66,SPEAKER_1,SPEAKER_0,True,1.22,2.02,14,16,4,6,0.75475,0.983,0.9833333333333334,False,True,아니요. 그런 건 없어요.,잠잘 때 주로 어떤 꿈을 꿔?
1786,12,56570,58230,1660,1.66,SPEAKER_0,SPEAKER_0,False,2.02,3.38,19,35,5,9,0.9882,0.968,0.9765555555555555,True,False,무엇 때문에 짜증이나 화가 났나요?,피아노 학원 선생님이 제가 피아노 연습을 안 했다고 의심해서요.
1786,35,173765,175425,1660,1.66,SPEAKER_0,SPEAKER_0,False,1.94,0.5,17,2,5,1,0.8948,0.981,0.997,True,False,친구들과 주로 뭐 하고 놀아요?,인생
1786,36,175925,177585,1660,1.66,SPEAKER_0,SPEAKER_0,False,0.5,2.98,2,27,1,8,0.997,0.997,0.983375,False,False,인생,다섯 컷도 찍고 그냥 밖에 있는 가게들 구경해요.
2076,14,58750,60410,1660,1.66,SPEAKER_0,SPEAKER_0,False,2.5,1.78,27,16,8,4,0.973,0.992,0.98125,True,False,그렇게 짜증이 나면 어떻게 할 때 마음이 풀려요?,게임하거나 종이를 막 찢어요.
2076,17,68125,69785,1660,1.66,SPEAKER_0,SPEAKER_0,False,0.5,2.181,2,25,1,8,0.498,0.498,0.956,False,True,네.,우리 친구는 몇 시에 자고 몇 시에 일어나요?
2076,39,154135,155795,1660,1.66,SPEAKER_0,SPEAKER_0,False,1.86,1.46,17,14,5,4,0.9788,0.996,0.99675,True,False,요즘 제일 걱정되는 게 뭐예요?,학원이 너무 가기 싫어요.
2076,44,178865,180525,1660,1.66,SPEAKER_0,SPEAKER_1,True,3.22,3.06,34,30,9,7,0.9362222222222222,0.984,0.9317142857142857,True,False,커서 어떤 사람이 되고 싶은지 꿈이 무엇인지 이야기해 줄래요?,의사 선생님 되고 싶어요. 병원에서 봤는데 멋있었어요.
2076,48,201500,203160,1660,1.66,SPEAKER_0,SPEAKER_1,True,3.86,0.5,43,4,11,1,0.9658181818181818,1.0,0.991,True,False,"아니요. 어디 아픈 곳이 있는데, 어른들이 병원에 데려가지 않은 적이 있나요?",아니요.
2076,69,301230,302890,1660,1.66,SPEAKER_0,SPEAKER_0,False,0.5,5.381,3,53,1,15,0.736,0.736,0.966,False,True,없어요,내가 무엇을 하려고 할 때 무조건 안된다고 하거나 하기 싫은데도 무조건 하라고 할 때가 있나요?
2076,79,359090,360750,1660,1.66,SPEAKER_0,SPEAKER_1,True,4.1,0.5,42,3,12,1,0.9463333333333334,0.986,0.642,True,False,내가 원하지 않는데도 누군가가 내 몸을 만지거나 보여 달라고 한 적 있어요?,아니요
2637,13,61520,63180,1660,1.66,SPEAKER_1,SPEAKER_0,True,4.9,2.341,34,16,10,5,0.9117999999999999,0.984,0.9556,False,True,아빠랑 놀다보면 한 시쯤 돼서 그때 자고 일곱 시에 일어나요.,일어났을 때 몸 상태는 어때?
2637,24,114510,116170,1660,1.66,SPEAKER_0,SPEAKER_1,True,2.98,2.74,26,23,8,6,0.9924999999999999,0.992,0.965,True,False,아빠는 왜 그런 표정을 자주 지으시는 것 같아?,저를 재미있게 해주려고 그러는 것 같아요.
2637,34,152715,154375,1660,1.66,SPEAKER_0,SPEAKER_1,True,2.1,1.3,13,12,3,3,0.9663333333333334,0.982,0.9283333333333333,True,False,친구는 형제자매가 있어?,"아니요, 저 혼자예요."
2637,59,266845,268505,1660,1.66,SPEAKER_1,SPEAKER_0,True,3.3,4.1,29,35,9,10,0.9086666666666666,0.501,0.9683999999999999,False,True,아니요 병원에 가야 할 것 같다고 하면 데려가 주세요,빨래가 되어 있지 않아서 냄새나고 불쾌한 옷을 입은 적이 있어?
2637,64,288735,290395,1660,1.66,SPEAKER_0,SPEAKER_1,True,3.221,1.54,21,14,5,5,0.9814,0.917,0.9676,True,False,인터넷이나 휴대폰은 하루에 얼마나 해?,네 시간 하는 것 같아요.
2677,3,21475,23135,1660,1.66,SPEAKER_0,SPEAKER_1,True,1.62,3.54,12,28,4,8,0.96675,0.938,0.964375,False,False,심하게 다친 건 아니야,심한 건 아니에요. 멍만 살짝 든 거라서 괜찮아요.
3316,35,104385,106045,1660,1.66,SPEAKER_1,SPEAKER_0,True,1.54,1.861,18,17,5,5,0.8916,0.893,0.9944,False,True,"네, 좋아요. 저 잘 챙겨주세요.",요즘 제일 걱정되는 게 뭐예요?
3316,39,120100,121760,1660,1.66,SPEAKER_1,SPEAKER_0,True,3.7,1.46,35,13,9,4,0.9747777777777777,0.997,0.9,False,True,그냥 가끔만 힘들어요. 만화책 보거나 시설 애들이랑 놀면 돼요.,요즘 행복한 거 같아요?
3316,59,188465,190125,1660,1.66,SPEAKER_1,SPEAKER_0,True,2.5,3.38,24,35,6,9,0.9025,1.0,0.9372222222222222,False,True,다른 효과 물려받았는데 좀 작아서 불편해요.,인터넷은 휴대폰을 가지고 노는 시간은 하루에 몇 시간 정도예요?
3696,45,188070,189730,1660,1.66,SPEAKER_0,SPEAKER_1,True,1.221,2.82,10,27,3,7,0.9836666666666667,0.951,0.9964285714285714,True,False,왜 그렇게 느껴요?,집에서 저한테 무섭게 구는 사람이 이제 없어서요.
3706,96,480420,482080,1660,1.66,SPEAKER_1,SPEAKER_0,True,0.501,2.9,4,27,1,8,0.946,0.946,0.988875,False,True,아니요.,그럼 혹시 죽고 싶다는 생각을 해본 적이 있나요?
3706,100,494885,496545,1660,1.66,SPEAKER_1,SPEAKER_0,True,1.3,3.941,10,36,4,10,0.901,0.897,0.9742999999999999,False,True,꿈은 잘 안 꿔요.,생각하고 싶지 않은데도 자꾸 안 좋은 기억이 떠오른 적이 있나요?
3731,13,60810,62470,1660,1.66,SPEAKER_1,SPEAKER_0,True,3.94,2.9,35,28,9,8,0.9968888888888889,0.998,0.982625,False,True,안 그랬는데 언젠가부터 아침에 힘이 없고 계속 자고 싶어졌어요.,평소에 잠이 안 오거나 중간에 일어나는 일이 있니?
3731,55,247240,248900,1660,1.66,SPEAKER_1,SPEAKER_0,True,0.5,10.98,4,82,1,24,0.983,0.983,0.9720833333333333,False,True,아니요.,운동회나 창간 수업 또는 학부모 상담 같은 학교 인사가 있으면 어른들이 잘 오는 편이야? 네. 하루에 컴퓨터나 핸드폰을 몇 시간 동안 쓸 수 있어?
5036,7,38465,40125,1660,1.66,SPEAKER_0,SPEAKER_1,True,2.02,1.54,18,14,4,5,0.98875,0.964,0.9426,True,False,언제부터 즐거움을 느끼지 못했어?,일 년 넘은 것 같은데요.
5036,46,201145,202805,1660,1.66,SPEAKER_1,SPEAKER_0,True,1.221,1.22,9,11,3,3,0.8736666666666667,0.637,0.9636666666666667,False,True,불행한 것 같아요,어떤 점에서 불행해?
5113,12,69325,70985,1660,1.66,SPEAKER_0,SPEAKER_0,False,0.82,0.5,6,4,2,1,0.9924999999999999,0.998,0.994,False,True,어떤 부분이,즐거워?
5113,13,71485,73145,1660,1.66,SPEAKER_0,SPEAKER_0,False,0.5,1.62,4,14,1,3,0.994,0.994,0.9403333333333334,True,False,즐거워?,학교에서는 밥이 맛있거든요
5113,57,309185,310845,1660,1.66,SPEAKER_0,SPEAKER_0,False,2.98,0.98,14,12,4,2,0.9984999999999999,0.996,0.9179999999999999,True,False,어떤 점에서 그렇게 느껴?,엄마가 이상해졌잖아요.
0018,19,72585,74244,1659,1.659,SPEAKER_1,SPEAKER_0,True,2.341,2.581,20,20,6,6,0.9065,0.959,0.969,False,True,열한 시에 자서 일곱 시에 일어나요.,아침에 일어났을 때 몸 상태는 어때?
0216,36,168810,170469,1659,1.659,SPEAKER_1,SPEAKER_0,True,2.66,3.301,20,19,5,6,0.9776,0.957,0.9490000000000001,False,False,주로 집에서 장난감 가져와서 놀아요.,주로 몇 명이서 놀아? 네 명이요.
1354,5,23995,25654,1659,1.659,SPEAKER_1,SPEAKER_0,True,2.02,3.861,25,22,9,6,0.8132222222222222,0.998,0.9941666666666666,False,False,학교에서 집 다 할 때 매일 그런 거 같아요.,학교에 있거나 집에 있으면 괜찮아? 네.
1354,55,231420,233079,1659,1.659,SPEAKER_0,SPEAKER_1,True,3.38,3.061,35,27,9,8,0.9976666666666667,0.982,0.64325,True,False,인터넷이나 휴대폰을 가지고 노는 시간은 하루에 몇 시간 정도야?,두 시간 이내에 엄마가 보시면 휴식하다 해도 해.
2076,36,143300,144959,1659,1.659,SPEAKER_1,SPEAKER_0,True,0.74,2.261,5,22,2,6,0.9955,0.992,0.9465,False,True,네 명이요,담임 선생님은 어때요? 좋은 것 같아요?
2076,89,402866,404525,1659,1.659,SPEAKER_0,SPEAKER_0,False,6.101,2.1,47,20,12,5,0.9814166666666666,0.974,0.9813999999999999,False,True,어른이 아닌 주변 사람들이 나를 자주 놀리거나 괴롭힌다고 느낀 적이 있나요? 아니요.,어떨 때 마음이 복잡하거나 힘든가요?
2076,98,455725,457384,1659,1.659,SPEAKER_0,SPEAKER_0,False,2.341,2.501,24,21,7,7,0.9855714285714285,0.932,0.9834285714285714,True,False,이런 싫은 기억이 떠오를 때 어떻게 하나요?,그냥 눈을 감고 생각이 안 나길 빌어요
2076,103,472496,474155,1659,1.659,SPEAKER_0,SPEAKER_0,False,0.501,2.421,3,22,1,6,0.897,0.897,0.9426666666666667,False,True,아니요,친한 친구 중에 가출한 친구가 있을까요?
2076,104,476576,478235,1659,1.659,SPEAKER_0,SPEAKER_1,True,2.421,0.501,22,3,6,1,0.9426666666666667,0.983,0.606,True,False,친한 친구 중에 가출한 친구가 있을까요?,없어요
2637,71,320056,321715,1659,1.659,SPEAKER_1,SPEAKER_1,False,0.501,0.5,3,4,1,1,0.918,0.918,0.59,False,False,아니요,없어요.
3316,49,147791,149450,1659,1.659,SPEAKER_1,SPEAKER_0,True,0.901,2.66,9,27,2,8,0.7805,0.998,0.975,False,True,시사 선생님이요.,학교나 학원 끝나고 집에 가면 항상 누가 있나요?
3696,33,136940,138599,1659,1.659,SPEAKER_0,SPEAKER_1,True,1.54,0.821,14,8,3,2,0.9653333333333334,0.965,0.9415,True,False,담임 선생님을 좋아하나요?,"네, 좋아해요."
3696,60,268771,270430,1659,1.659,SPEAKER_1,SPEAKER_1,False,11.977,0.501,81,4,23,1,0.9862608695652174,0.982,0.814,True,False,그런 적 있어요. 엄마가 저보고 알아서 빨아 입으라고 해서요. 한 달에 두 번 정도는 그래요. 작은 옷이나 신발을 입거나 신고 다닌 적이 있나요?,아니요.
3731,10,47165,48824,1659,1.659,SPEAKER_0,SPEAKER_1,True,2.9,2.821,21,27,7,9,0.9848571428571429,0.974,0.981111111111111,True,False,평소에 몇 시에 자고 몇 시에 일어나?,시설은 열 한 시에 불 끄고 일곱 시에 일어나요.
5036,9,46705,48364,1659,1.659,SPEAKER_0,SPEAKER_1,True,3.3,0.821,26,7,9,2,0.9828888888888889,0.995,0.977,True,False,최근 일주일 동안 짜증이 나 화가 난 적 있어?,짜증 났어요.
5036,110,526015,527674,1659,1.659,SPEAKER_0,SPEAKER_0,False,2.821,0.501,21,3,7,1,0.9074285714285715,0.895,0.656,True,False,친한 친구 중 가출해 본 친구가 있어?,없어요
3706,97,484980,486625,1645,1.645,SPEAKER_0,SPEAKER_1,True,2.9,0.5,27,4,8,1,0.988875,0.999,0.866,True,False,그럼 혹시 죽고 싶다는 생각을 해본 적이 있나요?,아니요.
3731,85,411396,413039,1643,1.643,SPEAKER_0,SPEAKER_0,False,8.341,3.861,63,36,17,10,0.9824705882352941,1.0,0.9944,False,True,혹시 아빠가 내 몸을 사진이나 동영상 으로 찍었어? 네. 가끔 제가 얼마나 컸는지 봐야 한다고 사진으로 찍었어요.,인터넷이나 휴대폰을 통해 알게 된 사람을 실제로 만난 적이 있어?
0002,8,29055,30690,1635,1.635,SPEAKER_0,SPEAKER_1,True,2.26,1.46,20,14,6,4,0.9978333333333333,0.999,0.93375,True,False,최근에 짜증이나 화가 난 적 있어요?,아니요. 그런 적 없어요.
0216,56,269455,271090,1635,1.635,SPEAKER_0,SPEAKER_0,False,2.821,2.98,17,24,6,7,0.8893333333333333,0.657,0.921,False,False,하루에 한 두 시간 정도 해요.,Pc방 같은 곳은 얼마나 자주 가나요 pc방
2076,43,174010,175645,1635,1.635,SPEAKER_0,SPEAKER_0,False,3.22,3.22,33,34,9,9,0.9482222222222222,0.973,0.9362222222222222,False,True,네. 학원 빼고는 다 좋아요. 다음 주가 생일이라 기대돼요.,커서 어떤 사람이 되고 싶은지 꿈이 무엇인지 이야기해 줄래요?
2076,81,367490,369125,1635,1.635,SPEAKER_0,SPEAKER_0,False,4.42,0.5,39,3,11,1,0.9516363636363636,0.63,0.88,True,False,누가 성적인 목적으로 내 몸을 사진 찍거나 동영상을 찍은 적이 있나요?,아니요
0018,23,90360,91985,1625,1.625,SPEAKER_1,SPEAKER_0,True,2.101,3.06,13,22,4,8,0.98475,0.952,0.985625,False,True,잠이 금방 오지 않아요.,잠잘 때 주로 어떤 꿈을 꾸는 것 같아?
0184,2,12660,14285,1625,1.625,SPEAKER_0,SPEAKER_1,True,1.86,0.82,13,8,4,2,0.99925,1.0,0.983,True,False,최근에 다친 곳은 없어?,어제 다쳤어요.
2076,62,270475,272100,1625,1.625,SPEAKER_0,SPEAKER_1,True,2.82,5.06,30,48,8,14,0.99125,0.995,0.9176428571428571,True,False,아니요. 다른 사람들 앞에서도 혼날 때가 또 있었나요?,학원에서 수학 문제 못 풀었을 때도. 한 문 못 외웠을 때도 친구들이 있는데 혼났어요.
2637,48,214815,216440,1625,1.625,SPEAKER_0,SPEAKER_1,True,2.02,4.42,16,38,4,12,0.98575,0.96,0.9535833333333333,True,False,어떤 점이 행복하다고 느꼈어?,요즘 수영 다니는데 이번에 판 안 잡고 할 수 있게 돼서 행복했어요.
2637,101,477070,478694,1624,1.624,SPEAKER_0,SPEAKER_1,True,3.38,0.661,28,4,7,2,0.9885714285714285,0.964,0.9955,True,False,생각하고 싶지 않은데도 자꾸 떠오르는 기억이 있어?,없는 것
5113,87,481880,483500,1620,1.62,SPEAKER_0,SPEAKER_0,False,2.58,0.5,19,4,6,1,0.982,0.998,0.967,False,True,주위 어른들 중 친구를 때린 사람이,있었어?
5113,88,484000,485620,1620,1.62,SPEAKER_0,SPEAKER_0,False,0.5,1.06,4,9,1,3,0.967,0.967,0.9476666666666667,True,False,있었어?,맞은 적 없어요.
2076,41,161735,163350,1615,1.615,SPEAKER_0,SPEAKER_1,True,2.901,6.02,27,48,7,14,0.9831428571428571,0.985,0.9872857142857143,True,True,걱정 때문에 생활이 좀 불편하거나 힘들진 않나요?,일주일에 네 번은 학원을 가요. 갈 때마다 너무 가기 싫어요. 요즘 행복한 것 같아요?
2637,89,409085,410700,1615,1.615,SPEAKER_0,SPEAKER_1,True,4.42,6.261,33,44,9,12,0.9436666666666667,0.986,0.9691666666666666,True,False,가족들끼리 소리를 지르면서 싸우는 걸 듣거나 본 적이 있어?,아니요 엄마 아빠가 싸우는 건 봤는데 두분이서 그냥 얘기하고 화해하는 것 같아요
2076,37,147220,148834,1614,1.614,SPEAKER_0,SPEAKER_1,True,2.261,1.861,22,15,6,4,0.9465,0.984,0.9762500000000001,True,False,담임 선생님은 어때요? 좋은 것 같아요?,착하고 잘 챙겨줘서 좋아요.
3696,30,127625,129239,1614,1.614,SPEAKER_1,SPEAKER_0,True,4.26,1.461,33,12,8,4,0.986,1.0,0.983,False,True,게임에서 같이 아바타 코디하고 서로의 집도 구경하고 놀아요.,주로 몇 명이 노나요?
3731,79,372310,373915,1605,1.605,SPEAKER_1,SPEAKER_0,True,3.06,2.66,29,25,7,7,0.9995714285714286,1.0,0.9748571428571429,False,True,다리 사이에 손을 넣어서 만지거나 엉덩이를 만졌어요.,내가 싫다고 하면 아빠는 어떤 반응을 보였어?
2637,96,450271,451875,1604,1.604,SPEAKER_1,SPEAKER_0,True,4.981,5.54,39,42,11,13,0.988,0.989,0.9541538461538461,False,True,막 엄청 복잡하고 힘들다고 느껴본 적 없는 것 같아요. 제가 단순해서.,안 좋은 기억 때문에 스스로 해치고 싶다거나 죽고 싶다는 생각 한 적 있어?
0005,5,25465,27060,1595,1.595,SPEAKER_1,SPEAKER_0,True,2.5,1.22,20,11,6,3,0.9761666666666666,0.873,0.9616666666666667,False,True,제가 좋아하는 물고기 영상 볼 때요.,어떤 점이 즐거워요?
0018,11,38940,40535,1595,1.595,SPEAKER_1,SPEAKER_0,True,2.66,3.78,21,26,7,9,0.971,0.986,0.9396666666666667,False,True,공부 안 하고 유튜브 볼 때 즐거워요.,책은 일주일 동안 짜증이 나 화가 난 적 있어?
1786,2,11300,12895,1595,1.595,SPEAKER_0,SPEAKER_0,False,0.5,1.381,1,13,1,3,0.938,0.938,0.9966666666666667,False,True,네,어디를 얼마나 다쳤나요?
1786,62,314815,316410,1595,1.595,SPEAKER_0,SPEAKER_0,False,4.58,0.5,46,4,13,1,0.949076923076923,0.82,0.65,False,False,어디 아픈 곳이 있는데 어른들이 병원에 데려가지 않은 적이 있나요 몇 번이나 있나요,없어요.
3316,13,37280,38875,1595,1.595,SPEAKER_1,SPEAKER_0,True,1.3,2.34,13,27,3,8,0.9986666666666667,0.999,0.976125,False,True,신발 말리기 힘들어서요.,평소에 짜증이 나면 어떻게 할 때 마음이 풀려요?
5194,101,732130,733725,1595,1.595,SPEAKER_0,SPEAKER_0,False,3.3,0.5,34,4,10,1,0.9299999999999999,0.881,0.993,True,False,집에서 어른들끼리 큰 소리로 싸우는 걸 듣거나 본 적이 있어?,없어요.
0216,26,124091,125685,1594,1.594,SPEAKER_0,SPEAKER_1,True,2.181,2.66,20,21,7,5,0.9937142857142857,0.989,0.952,True,False,왜 그런 표정을 하고 있는 것 같아?,저희 엄마는 활발하고 밝은 분이라서요.
2076,33,134005,135599,1594,1.594,SPEAKER_1,SPEAKER_1,False,1.94,2.581,18,19,5,5,0.906,0.996,0.992,True,False,친구들이랑 주로 뭐 하고 놀아요?,포켓몬 게임도 하고 배드민턴도 해요
3696,21,86131,87725,1594,1.594,SPEAKER_1,SPEAKER_0,True,1.301,2.34,11,21,3,6,0.9643333333333334,0.977,0.9901666666666666,False,True,"아니요, 안 그래요.",평소 엄마는 어떤 표정을 자주 짓나요?
0002,24,101135,102715,1580,1.58,SPEAKER_0,SPEAKER_1,True,2.181,3.94,19,28,5,10,0.992,0.976,0.9825,True,False,친구들이랑은 주로 몇 명이 놀아요?,한 네 명에서 다섯 명 정도 같이 노는 것 같아요.
0005,107,538460,540040,1580,1.58,SPEAKER_1,SPEAKER_0,True,0.5,4.42,4,38,1,10,0.534,0.534,0.9785,False,True,아니요.,어른들의 허락이나 말도 없이 집에서 오랫동안 나와 있었던 적 있나요?
0006,100,457540,459120,1580,1.58,SPEAKER_0,SPEAKER_1,True,2.74,0.5,24,3,6,1,0.9895,0.938,1.0,True,False,그 어른이 때리는 이유가 뭐라고 생각하나요?,엄마가
0018,9,31980,33560,1580,1.58,SPEAKER_1,SPEAKER_0,True,1.22,1.22,10,11,3,4,0.9976666666666667,0.994,0.97175,False,True,다친 적은 없어요.,뭐 할 때가 즐거워?
0018,31,122355,123935,1580,1.58,SPEAKER_1,SPEAKER_0,True,2.26,1.86,17,13,3,3,0.9926666666666667,0.985,0.9946666666666667,False,True,엄마는 교통사고로 돌아가셨어요.,그럼 아버지하고만 살아?
0018,76,295040,296620,1580,1.58,SPEAKER_0,SPEAKER_1,True,7.395,0.501,46,4,13,1,0.9054615384615384,0.912,0.943,False,False,어른들이 운동회나 창간 수업 또는 학부모 상담 같은 학교 행사에 잘 오시니 할머니가,오세요.
0184,0,5140,6720,1580,1.58,SPEAKER_0,SPEAKER_1,True,3.06,2.02,25,17,8,6,0.973875,1.0,0.991,True,False,요즘 건강은 어떤 것 같아? 아픈 곳은 없어?,딱히 아픈 곳 없는 것 같아요.
0216,28,133545,135125,1580,1.58,SPEAKER_0,SPEAKER_1,True,2.501,0.98,19,9,6,2,0.9653333333333334,0.999,0.9475,True,False,그런 표정일 때 친구 기분은 어때?,기분이 밝아져요.
0216,33,153755,155335,1580,1.58,SPEAKER_0,SPEAKER_0,False,3.78,5.06,29,31,8,7,0.824375,0.589,0.8635714285714285,False,False,교사: 사이는 좋은데 자주 다투는 것 같아요. 주주:,평소에 부모님이 동생이랑 차별을 하실까? 교사: 아니요.
0216,73,375145,376725,1580,1.58,SPEAKER_1,SPEAKER_1,False,4.26,2.18,25,14,7,5,0.9022857142857142,0.919,0.9564,False,False,꿈에서 자꾸 남자 아저씨가 제 바지로 벗겨요.,그래서 잘 때 자주 깨요.
1354,8,38940,40520,1580,1.58,SPEAKER_0,SPEAKER_1,True,2.58,2.82,18,25,6,6,0.9963333333333333,0.993,0.6405,True,False,없어요. 요즘 뭘 할 때 즐거워?,엄마가 전화번호 질으셔서 그거 가지고 놀아요.
1354,13,61150,62730,1580,1.58,SPEAKER_1,SPEAKER_0,True,4.26,2.74,36,27,11,8,0.789,0.975,0.992125,False,True,"네, 짜증만 적 있어요. 제가 싫어한 내가 저한테 말 걸었을 때.",그렇게 짜증이 났을 때 어떻게 해야 기분이 풀려?
1786,71,362745,364325,1580,1.58,SPEAKER_0,SPEAKER_0,False,0.74,0.5,8,3,2,1,0.9815,0.995,0.852,True,False,누가 그랬나요?,엄마요
2076,11,44695,46275,1580,1.58,SPEAKER_1,SPEAKER_0,True,3.7,0.9,38,8,12,3,0.9386666666666666,0.573,0.9973333333333333,False,False,수학 숙제 하다가 알 것 같은데 안 풀리는 문제가 있어서 짜증 났어요,그런 일이 자주
2076,19,75565,77145,1580,1.58,SPEAKER_1,SPEAKER_0,True,1.78,2.1,18,21,6,6,0.9565,0.893,0.9826666666666667,False,True,열 시에 자고 일곱 시에 일어나요,아침에 일어났을 때 몸 상태는 어때요?
2076,31,127605,129185,1580,1.58,SPEAKER_0,SPEAKER_1,True,1.3,1.06,11,10,3,3,0.8683333333333333,0.998,0.8023333333333333,True,False,형제 자매가 있나요?,아니요 저 혼자요.
2076,38,150695,152275,1580,1.58,SPEAKER_1,SPEAKER_0,True,1.861,1.86,15,17,4,5,0.9762500000000001,0.977,0.9788,False,True,착하고 잘 챙겨줘서 좋아요.,요즘 제일 걱정되는 게 뭐예요?
2076,65,285735,287315,1580,1.58,SPEAKER_1,SPEAKER_0,True,1.78,1.86,15,22,4,5,0.84175,0.887,0.947,False,True,일주일에 한번 정도는 그래요,어른들이 나를 다른 아이들과 비교하나요?
2076,77,348845,350425,1580,1.58,SPEAKER_0,SPEAKER_1,True,0.98,2.501,9,22,2,5,0.9984999999999999,0.997,0.9664,True,False,얼마나 다쳤어요?,발가락에 금이 가서 병원에서 깁스했어요.
2076,91,409310,410890,1580,1.58,SPEAKER_1,SPEAKER_0,True,1.22,6.02,9,45,4,12,0.9085,0.961,0.9398333333333333,False,False,학원 차 볼 때요,그것 때문에 괴로워서 스스로 해치거나 죽고 싶다는 생각을 한 적이 있나요? 아니요
2076,92,416910,418490,1580,1.58,SPEAKER_0,SPEAKER_0,False,6.02,9.235,45,69,12,18,0.9398333333333333,0.686,0.9655555555555555,False,False,그것 때문에 괴로워서 스스로 해치거나 죽고 싶다는 생각을 한 적이 있나요? 아니요,잠잘 때 주로 어떤 꿈을 꾸나요? 수학부호가 막 저를 괴롭히고 나중에는 학원 선생님이 막대기를 들고 있어요. 너무 무서워요.
2560,48,237245,238825,1580,1.58,SPEAKER_0,SPEAKER_0,False,0.5,1.14,2,10,1,3,0.992,0.992,0.8156666666666667,False,True,요즘,행복한 거 같아요?
2560,87,433190,434770,1580,1.58,SPEAKER_1,SPEAKER_1,False,0.5,0.5,2,5,1,1,1.0,1.0,0.997,False,False,말로,혼내세요.
2637,8,35410,36990,1580,1.58,SPEAKER_0,SPEAKER_1,True,3.54,2.42,26,20,9,6,0.9353333333333333,0.973,0.979,True,False,최근 일주일 동안 짜증이 나 화가 난 적 있어?,없는 것 같아요. 요즘 제일 신나요.
2637,10,46185,47765,1580,1.58,SPEAKER_0,SPEAKER_1,True,4.58,3.22,33,20,10,5,0.9886,0.952,0.9768,True,False,그럼 평소에 짜증이나 화가 날 때 어떻게 하면 마음이 풀려?,그냥 아빠랑 놀거나 게임하면 풀려요.
2637,16,76925,78505,1580,1.58,SPEAKER_0,SPEAKER_1,True,2.58,1.62,20,14,6,5,0.9725,0.878,0.916,True,False,그런 일은 일주일에 몇 번이나 있어?,거의 사 일 정도 그래요.
2637,70,317975,319555,1580,1.58,SPEAKER_0,SPEAKER_1,True,3.7,0.501,29,3,8,1,0.9955,0.976,0.918,True,False,부모님이나 선생님 때문에 기분이 안 좋아진 적 있어?,아니요
2637,79,361410,362990,1580,1.58,SPEAKER_0,SPEAKER_1,True,4.021,0.98,34,8,10,2,0.9593,0.97,0.7775000000000001,True,False,주위와 어른이나 가족들 중 나를 때린 적이 있는 사람이 있어?,아니요 없어요.
3316,8,22695,24275,1580,1.58,SPEAKER_0,SPEAKER_1,True,2.02,0.74,22,8,5,2,0.9762,0.917,0.9995,True,False,즐겁다고 느끼지 못한 것이 언제부터에요?,잘 모르겠어요.
3316,47,141630,143210,1580,1.58,SPEAKER_1,SPEAKER_0,True,1.62,1.941,10,21,2,5,0.9079999999999999,0.998,0.9684,False,True,글쎄요. 아직은요.,나를 주로 돌봐두는 어른은 누구인가요?
3316,61,196450,198030,1580,1.58,SPEAKER_1,SPEAKER_0,True,1.06,2.901,9,33,3,9,0.9983333333333333,0.998,0.8958888888888888,False,True,세 시간 정도요.,어른들이 운동이나 청관 수업 같은 학교 행사에 잘 오시나요?
3316,92,310810,312390,1580,1.58,SPEAKER_1,SPEAKER_0,True,0.5,1.38,4,12,1,3,0.988,0.988,0.9316666666666666,False,True,아니요.,가출해본 적이 있나요?
3696,52,215430,217010,1580,1.58,SPEAKER_1,SPEAKER_0,True,0.5,2.98,4,27,1,8,0.994,0.994,0.99925,False,True,엄마요.,학교나 학원 끝나고 집에 가면 항상 누가 있나요?
3706,102,503030,504610,1580,1.58,SPEAKER_1,SPEAKER_0,True,0.5,2.661,4,27,1,8,0.974,0.974,0.9858750000000001,False,True,아니요.,만약 싫은 기억이 떠오르면 어떻게 할 거 같아요?
3731,1,9460,11040,1580,1.58,SPEAKER_1,SPEAKER_0,True,0.5,1.62,4,14,1,5,0.99,0.99,0.9658,False,True,없어요.,평소에 뭘 할 때 즐거워?
3731,7,33210,34790,1580,1.58,SPEAKER_1,SPEAKER_0,True,1.38,2.9,9,30,3,9,0.9953333333333333,0.992,0.9741111111111111,False,True,별로 화나는 일이,없어요. 평소에 화가 날 때 어떻게 하면 마음이 풀려?
3731,12,55290,56870,1580,1.58,SPEAKER_0,SPEAKER_1,True,2.42,3.94,23,35,6,9,0.9993333333333333,1.0,0.9968888888888889,False,False,아침에 일어나면 몸 상태가 어때? 옛날에는,안 그랬는데 언젠가부터 아침에 힘이 없고 계속 자고 싶어졌어요.
3731,27,125975,127555,1580,1.58,SPEAKER_0,SPEAKER_0,False,5.606,2.82,43,14,11,3,0.9724545454545455,0.838,0.9099999999999999,False,False,센터 선생님이 그런 표정을 지으면 기분이 어때? 저도 같이 웃어주고 싶어져요.,형제자매가 있어? 없어요.
3731,69,320625,322205,1580,1.58,SPEAKER_1,SPEAKER_0,True,5.565,2.821,50,24,11,7,0.9861818181818182,0.998,0.9984285714285714,False,True,담임 선생님한테 다른 친구들도 집에서 이렇게 사는지 궁금해서 물어봤는데 아니라고 해줬어요.,집에서 규칙을 따라야 할 때 기분이 어땠어?
3731,89,425155,426735,1580,1.58,SPEAKER_1,SPEAKER_0,True,0.5,3.94,4,37,1,10,0.994,0.994,0.9631,False,True,아니요.,집에서 어른들이 소리를 지르면서 싸우는 걸 보거나 들은 적이 있어?
3891,99,590245,591825,1580,1.58,SPEAKER_1,SPEAKER_0,True,2.5,4.82,23,45,7,12,0.9992857142857143,0.997,0.977,False,True,집에서 혼자 계속 있어야 할 때가 그래요.,그런 이유 때문에 괴로워서 스스로를 해치거나 죽고 싶다는 생각을 한 적이 있나요?
5036,21,96105,97685,1580,1.58,SPEAKER_0,SPEAKER_0,False,3.22,1.14,18,10,5,3,0.9894,0.954,0.9773333333333333,True,False,아침에 일어나면 몸 상태가 어때?,괜찮은 것 같아요.
5036,60,260745,262325,1580,1.58,SPEAKER_0,SPEAKER_0,False,0.5,3.94,3,28,1,8,0.718,0.718,0.91325,False,True,없어요,옷이나 신발 사이즈가 작은걸 입거나 신은 적 있어?
5058,89,351755,353335,1580,1.58,SPEAKER_1,SPEAKER_0,True,7.38,4.02,66,36,17,8,0.9425294117647058,0.994,0.965625,False,True,아저씨가 저를 상가 안에 두고 가버렸어요. 놀라서 울고 있을 때 경기 아저씨가 절 찾아서 경찰이랑 부모님을 불러줬어요.,니가 싫다고 하는데도 계속해서 연락하거나 따라다니는 사람이 있어?
5069,9,46555,48135,1580,1.58,SPEAKER_0,SPEAKER_1,True,2.66,3.861,18,36,5,9,0.9004,0.848,0.9845555555555555,True,False,무엇 때문에 짜증이랑 화가 났어?,엄마가 빨래를 안 해주니까 옷이 너무 더러워서 애들이 놀리거든요.
0006,101,459620,461199,1579,1.579,SPEAKER_1,SPEAKER_1,False,0.5,4.421,3,43,1,12,1.0,1.0,0.9756666666666667,False,False,엄마가,차 안 청소하라고 해서 하다가 동전 찾았는데 엄마한테 말 안 하고 가져가서요.
0216,24,115131,116710,1579,1.579,SPEAKER_0,SPEAKER_0,False,3.381,3.22,28,25,8,7,0.988375,0.995,0.9942857142857143,True,False,평상시에 어머니는 어떤 표정을 자주 짓는 것 같아?,엄마는 엄청 즐거운 표정을 많이 하고 있어요.
1354,89,385645,387224,1579,1.579,SPEAKER_0,SPEAKER_1,True,3.141,0.501,29,4,7,1,0.9611428571428572,0.996,0.866,True,False,꿔요. 생각하기 싫은데도 자꾸 떠오르는 기억이 있어?,없어요.
1354,93,397462,399041,1579,1.579,SPEAKER_0,SPEAKER_0,False,2.021,0.501,17,4,5,1,0.995,1.0,0.899,True,False,친구 중에는 그런 친구는 없어?,없어요.
1786,83,434151,435730,1579,1.579,SPEAKER_0,SPEAKER_0,False,0.501,6.196,4,55,1,14,0.76,0.76,0.8955714285714286,False,True,아니요.,인터넷이나 휴대폰을 통해 성적인 목적으로 내 몸을 영상을 찍어 누구에게 보내거나 올린 적이 있나요?
2076,22,90070,91649,1579,1.579,SPEAKER_1,SPEAKER_0,True,1.62,5.616,13,37,4,11,0.98425,0.977,0.9511818181818181,False,False,중간에 악몽 때문에 깨요,평상시에 아빠 엄마는 어떤 표정을 자주 짓나요? 둘 다 잘 웃으세요
2076,27,115040,116619,1579,1.579,SPEAKER_0,SPEAKER_1,True,2.421,0.901,22,9,7,2,0.9932857142857143,0.994,0.9964999999999999,True,False,엄마는 왜 그런 표정을 짓는 것 같아요?,저를 좋아해서요.
2076,40,157255,158834,1579,1.579,SPEAKER_0,SPEAKER_0,False,1.46,2.901,14,27,4,7,0.99675,0.989,0.9831428571428571,False,True,학원이 너무 가기 싫어요.,걱정 때문에 생활이 좀 불편하거나 힘들진 않나요?
3316,78,257880,259459,1579,1.579,SPEAKER_0,SPEAKER_1,True,4.66,0.821,45,9,12,2,0.9846666666666667,0.999,0.7869999999999999,True,False,성적인 목적으로 내 신체 부위를 촬영해서 누구한테 보내거나 어디 울린 적 있나요?,아니요. 없어요.
3316,84,283551,285130,1579,1.579,SPEAKER_1,SPEAKER_0,True,0.981,1.94,9,20,3,5,0.9993333333333333,0.999,0.9984,False,True,그런 적 없어요.,어떨 때 마음이 복잡하거나 힘든가요?
3696,1,5220,6799,1579,1.579,SPEAKER_1,SPEAKER_0,True,2.021,1.781,19,15,6,4,0.9406666666666667,0.998,0.996,False,True,"네, 아픈 곳은 아무 데도 없어요.",최근에 다친 적이 있었나요?
3731,19,90110,91689,1579,1.579,SPEAKER_1,SPEAKER_0,True,0.821,2.341,8,22,2,6,0.999,0.998,0.998,False,True,잘 모르겠어요.,아빠가 그런 표정을 지으면 기분이 어때?
3731,38,182175,183754,1579,1.579,SPEAKER_1,SPEAKER_0,True,2.66,2.501,24,23,7,8,0.9985714285714286,0.993,0.970875,False,True,센터 앞에 모르는 차가 보이면 좀 무서워요.,이 고민은 일주일에 몇 번 하는 것 같아?
3731,94,443560,445139,1579,1.579,SPEAKER_0,SPEAKER_1,True,2.5,7.301,22,62,6,19,0.9848333333333333,0.936,0.951421052631579,True,False,나를 힘들거나 지치게 하는 생각이 있어?,"아빠랑 같이 살 때는 제 말 제 말 좀 들어줬으면 좋겠다고 생각했는데, 지금은 같이 안 살아서 힘든 거 없어요."
5036,5,31811,33390,1579,1.579,SPEAKER_0,SPEAKER_1,True,6.581,1.06,34,6,8,2,0.932125,0.958,0.766,True,False,모르겠어요. 다음 질문은 뭐예요 즐겁다고 느끼는 일들이 없어?,네 없어요.
3316,45,136435,138010,1575,1.575,SPEAKER_1,SPEAKER_0,True,1.06,1.38,11,14,3,4,0.9996666666666667,0.999,0.99825,False,True,아직 잘 모르겠어요.,해보고 싶은 일은 없어요?
2076,99,459885,461430,1545,1.545,SPEAKER_0,SPEAKER_0,False,2.501,2.1,21,22,7,6,0.9834285714285714,0.983,0.9875,False,True,그냥 눈을 감고 생각이 안 나길 빌어요,꿈을 꾸고 일어나면 몸 상태가 어떤가요?
2637,30,137375,138920,1545,1.545,SPEAKER_0,SPEAKER_1,True,3.14,2.1,26,16,8,5,0.99075,0.989,0.9122,True,False,엄마는 왜 그런 표정을 자주 지으시는 것 같아?,엄마는 저를 보면 자꾸 우스긴
2076,49,203660,205204,1544,1.544,SPEAKER_1,SPEAKER_0,True,0.5,3.221,4,33,1,9,0.991,0.991,0.9668888888888889,False,True,아니요.,빨래를 안에서 더럽고 냄새나는 옷을 입어야 한 적이 있나요?
3891,19,112600,114140,1540,1.54,SPEAKER_0,SPEAKER_1,True,0.98,0.5,8,4,2,1,0.894,0.901,0.914,False,False,어때요? 나쁘지,않아요.
3891,20,114640,116180,1540,1.54,SPEAKER_1,SPEAKER_0,True,0.5,3.22,4,28,1,7,0.914,0.914,0.9588571428571429,False,True,않아요.,잠들기 힘들거나 잠자는 중간에 깨는 일이 있을까요?
1354,9,43340,44875,1535,1.535,SPEAKER_1,SPEAKER_1,False,2.82,1.14,25,10,6,3,0.6405,0.957,0.999,False,True,엄마가 전화번호 질으셔서 그거 가지고 놀아요.,어떤 점이 즐거워?
1354,51,213560,215095,1535,1.535,SPEAKER_1,SPEAKER_0,True,0.5,2.74,4,27,1,9,0.599,0.599,0.9808888888888889,False,True,아니야.,빨래 안 한 더럽고 냄새나는 옷을 입은 적 있어?
2637,20,93900,95435,1535,1.535,SPEAKER_0,SPEAKER_1,True,2.98,3.94,22,32,6,9,0.9844999999999999,1.0,0.9527777777777777,True,False,잠들기 힘들거나 자다 깨는 경우는 없어?,그렇지는 않은 것 같아요. 피곤하니까 오히려 더 잘 자요.
0004,23,94881,96405,1524,1.524,SPEAKER_0,SPEAKER_1,True,3.861,2.26,29,10,8,3,0.987125,0.982,0.995,True,False,평소에 잠이 들기 힘들거나 잠자는 중간에 자주 깨요?,새벽에 자주 깨요.
1354,18,85925,87440,1515,1.515,SPEAKER_0,SPEAKER_1,True,2.821,3.941,31,32,8,9,0.989375,0.972,0.6868888888888889,True,False,괜찮아요. 잠들기 힘들거나 자다 중간에 깨는 경우 있어?,아빠가 밤낮 때까지 쭈비를 봐서 숟가락을 자는데 시간이 좀
2637,17,80125,81640,1515,1.515,SPEAKER_1,SPEAKER_0,True,1.62,2.18,14,16,5,6,0.916,0.995,0.9376666666666666,False,True,거의 사 일 정도 그래요.,졸린 것 몇 시간 정도 그래?
2637,78,355875,357389,1514,1.514,SPEAKER_1,SPEAKER_0,True,2.58,4.021,20,34,5,10,0.9104,0.593,0.9593,False,True,친구들이나 아빠한테 얘기 많이 해요.,주위와 어른이나 가족들 중 나를 때린 적이 있는 사람이 있어?
2076,29,121840,123345,1505,1.505,SPEAKER_0,SPEAKER_0,False,2.34,0.9,21,7,6,2,0.9971666666666666,0.996,0.9119999999999999,True,False,그런 표정을 보면 친구 기분은 어때요?,저도 좋아요.
0002,20,84795,86299,1504,1.504,SPEAKER_0,SPEAKER_1,True,2.58,2.261,21,16,5,4,0.9992,0.998,0.9685,True,False,남동생이 있다고 했는데 사이가 어때요?,동생이랑은 잘 지내고 있어요.
3731,44,203250,204754,1504,1.504,SPEAKER_1,SPEAKER_0,True,2.9,1.781,27,16,9,5,0.9796666666666667,0.999,0.9988,False,True,다시 가라고 할까 봐 무서운 것 빼고 다 좋아요.,커서 어떤 사람이 되고 싶어?
0002,0,2100,3600,1500,1.5,SPEAKER_0,SPEAKER_1,True,0.98,0.98,9,8,2,2,0.997,0.998,0.956,True,False,요즘 건강한가요?,"네, 건강해요."
0002,10,37830,39330,1500,1.5,SPEAKER_0,SPEAKER_1,True,3.46,4.74,29,33,8,9,0.9955,0.996,0.9987777777777778,True,False,그럼 짜증이나 화가 나면 어떻게 하면 마음이 풀려요?,그냥 동생이랑 같이 놀거나 음악 들으면 좀 마음이 편안해요.
0018,10,34780,36280,1500,1.5,SPEAKER_0,SPEAKER_1,True,1.22,2.66,11,21,4,7,0.97175,0.99,0.971,True,False,뭐 할 때가 즐거워?,공부 안 하고 유튜브 볼 때 즐거워요.
0018,35,136460,137960,1500,1.5,SPEAKER_1,SPEAKER_0,True,3.22,1.381,16,10,4,3,0.84275,0.387,0.962,False,True,할머니는 저에게 잘 해주세요.,어떻게 잘 해주셔?
0216,43,195100,196600,1500,1.5,SPEAKER_0,SPEAKER_1,True,2.66,2.5,20,20,5,6,0.9586,0.96,0.8301666666666666,False,False,때문에 생활이 불편하거나 힘들진 않아,친구들 눈치 보게 되고 조금 힘들어요
0216,47,217670,219170,1500,1.5,SPEAKER_0,SPEAKER_1,True,2.74,1.22,24,12,7,3,0.9971428571428571,0.992,0.9953333333333333,True,False,우리 친구는 커서 어떤 사람이 되고 싶을까?,간호사가 되고 싶어요.
1354,16,75365,76865,1500,1.5,SPEAKER_1,SPEAKER_0,True,1.14,2.02,11,17,4,4,0.664,1.0,0.96175,False,True,몇 시부터 몇 시까지,자요. 일어나면 컨디션이 어때?
1354,20,96580,98080,1500,1.5,SPEAKER_0,SPEAKER_1,True,4.7,1.46,27,15,7,3,0.8751428571428571,0.996,0.9263333333333333,True,False,말리는 거 같아요. 평소에 아빠는 어떤 표정이야?,맞는 표정이야. 행복하네요.
1354,38,162705,164205,1500,1.5,SPEAKER_1,SPEAKER_0,True,3.06,4.66,29,15,8,5,0.80175,0.86,0.9978,False,False,저도요. 일주일에 세 번 정도는 생각나는 것 같아요.,요즘 행복한 것 같아? 네.
1354,53,219515,221015,1500,1.5,SPEAKER_1,SPEAKER_0,True,0.5,2.74,4,26,1,8,0.835,0.835,0.99525,False,True,없어요.,작은 옷이나 신발을 입거나 신고 다닌 적 있어?
1354,56,236140,237640,1500,1.5,SPEAKER_1,SPEAKER_0,True,3.061,4.195,27,32,8,9,0.64325,0.434,0.7906666666666666,False,False,두 시간 이내에 엄마가 보시면 휴식하다 해도 해.,부모님이 운동회랑 참관 수업 학부모 상담회 잘 오셔? 네.
1354,82,348930,350430,1500,1.5,SPEAKER_1,SPEAKER_0,True,0.5,2.26,4,18,1,5,0.444,0.444,0.9982,True,True,아니야?,어른들이 집에서 술을 자주 마셔?
2076,35,141060,142560,1500,1.5,SPEAKER_0,SPEAKER_1,True,1.541,0.74,13,5,4,2,0.9552499999999999,0.996,0.9955,True,False,주로 몇 명이랑 놀아요?,네 명이요
2076,53,226610,228110,1500,1.5,SPEAKER_0,SPEAKER_1,True,6.5,2.181,70,17,18,6,0.963,0.844,0.8826666666666667,True,False,없어요. 인터넷이나 휴대폰을 가지고 노는 시간은 하루에 몇 시간 정도 인가요? 너무 많이 한다고 어른들이 뭐라고 안 하시나요?,두 시간 정도요. 많이 안 해요
2637,52,232185,233685,1500,1.5,SPEAKER_0,SPEAKER_1,True,1.94,5.38,15,47,5,13,0.9962,1.0,0.9513846153846154,True,False,왜 웹툰 작가가 되고 싶어?,"그림 그리는 것도 재미있고, 제가 보는 웹툰이 너무 잘 그려서 그렇게 그리고 싶어요."
2637,62,281200,282700,1500,1.5,SPEAKER_0,SPEAKER_1,True,4.1,1.381,31,12,9,4,0.9718888888888889,0.962,0.859,True,False,사이즈가 작은 옷이나 신발을 입거나 신고 다닌 적 있어?,아니요 그런 적 없어요
3316,67,218825,220325,1500,1.5,SPEAKER_1,SPEAKER_0,True,0.98,4.135,9,46,3,12,0.9983333333333333,1.0,0.9954166666666666,False,True,그런 건 없어요.,어른들이 나를 집에서 쫓아낸다고 말하거나 어디에 가두고 못 나오게 한 적이 있나요?
3316,85,287070,288570,1500,1.5,SPEAKER_0,SPEAKER_1,True,1.94,0.82,20,8,5,2,0.9984,0.994,0.9995,True,False,어떨 때 마음이 복잡하거나 힘든가요?,잘 모르겠어요.
3696,13,52770,54270,1500,1.5,SPEAKER_1,SPEAKER_0,True,2.02,2.98,18,28,5,8,0.974,1.0,0.99825,False,True,일주일에 한두 번 정도는 있어요.,그렇게 기분이 나쁠 때 어떻게 하면 마음이 풀려요?
3696,16,66415,67915,1500,1.5,SPEAKER_0,SPEAKER_1,True,1.86,1.94,18,21,6,7,0.9893333333333333,0.988,0.9864285714285714,True,False,몇 시에 자고 몇 시에 일어나요?,열 한 시에 자고 일곱 시에 일어나요.
3696,31,130700,132200,1500,1.5,SPEAKER_0,SPEAKER_1,True,1.461,0.74,12,6,4,2,0.983,0.962,0.989,True,False,주로 몇 명이 노나요?,세 명이요.
3706,0,3060,4560,1500,1.5,SPEAKER_0,SPEAKER_1,True,2.42,1.38,21,13,5,4,0.9358,0.889,0.7345,True,False,"최근에 건강한가요, 아픈 곳이 있나요?","네, 소화가 잘 안돼요."
3731,75,351135,352635,1500,1.5,SPEAKER_1,SPEAKER_0,True,2.82,7.115,23,50,6,14,0.9896666666666667,0.966,0.9616428571428571,True,True,아까 대충 말했잖아요. 굳이 말해야 해요?,선생님은 친구가 직접 알려주지 않으면 알 수 없거든 말해주고 싶은 만큼만 알려줄 수 있어?
3731,97,462495,463995,1500,1.5,SPEAKER_1,SPEAKER_0,True,2.26,1.54,18,13,5,4,0.9728,0.917,0.9975,False,True,죽고 싶다고 생각한 적은 없는데.,그럼 어떤 생각을 했어?
3821,21,122445,123945,1500,1.5,SPEAKER_0,SPEAKER_1,True,2.02,5.38,16,37,5,9,0.9992,0.998,0.9881111111111112,False,False,아침에 일어났을 때 몸 상태는,어때요? 몸도 마음도 너무 힘들어요. 매일 너무 피곤하고 괴로워요.
5036,86,395755,397255,1500,1.5,SPEAKER_1,SPEAKER_0,True,4.18,5.22,20,38,6,10,0.8768333333333334,0.986,0.9614,False,True,엄마는 나쁜 말 하거나 욕해요 친구가,원하지 않는데도 누군가가 친구 몸을 만지거나 보여달라고 한 적 있어?
5058,17,60250,61750,1500,1.5,SPEAKER_1,SPEAKER_0,True,2.58,2.261,23,25,7,8,0.996,0.999,0.994875,False,True,삼 일 전에 만난 아저씨한테 화가 났어요.,평소에 화가 날 때 어떻게 하면 마음이 풀려?
0018,36,139341,140840,1499,1.499,SPEAKER_0,SPEAKER_1,True,1.381,3.3,10,22,3,5,0.962,0.906,0.9518,True,False,어떻게 잘 해주셔?,엄마처럼 필요한 것이 있으면 챙겨주세요.
0216,16,75576,77075,1499,1.499,SPEAKER_0,SPEAKER_1,True,4.421,2.181,34,15,10,5,0.9203,0.973,0.912,True,False,평소에 잠들기 힘들다거나 잠 자는 중간에 자주 깬 적이 있을까,네 꿈을 꿔서 자주 깼어요.
1354,49,207160,208659,1499,1.499,SPEAKER_1,SPEAKER_0,True,0.501,3.461,4,35,1,10,0.596,0.596,0.9819,True,True,아니야?,언니 아픈 곳이 있는데 어른들이 병원에 데려가지 않은 적 있어?
2076,50,208425,209924,1499,1.499,SPEAKER_0,SPEAKER_1,True,3.221,0.501,33,4,9,1,0.9668888888888889,0.999,0.993,True,False,빨래를 안에서 더럽고 냄새나는 옷을 입어야 한 적이 있나요?,아니요.
2076,55,234675,236174,1499,1.499,SPEAKER_0,SPEAKER_2,True,2.421,0.501,24,2,6,1,0.9328333333333333,0.994,0.99,True,False,어른들이 참여하는 학교 행사에 잘 오시나요?,네.
2637,22,104175,105674,1499,1.499,SPEAKER_0,SPEAKER_1,True,2.581,4.181,17,31,5,9,0.9752,0.885,0.7878888888888889,True,False,아빠는 어떤 표정을 자주 지어?,아빠는 엄청 웃기 표정 자주 짓고 하루종일 웃고 있어요.
2637,46,208975,210474,1499,1.499,SPEAKER_0,SPEAKER_1,True,3.38,0.501,26,5,8,1,0.9405,0.983,0.797,True,False,요즘 행복한 것 같아? 아니면 불행한 것 같아?,행복해요.
2637,56,252770,254269,1499,1.499,SPEAKER_0,SPEAKER_1,True,3.54,0.821,27,7,8,2,0.982125,0.984,0.6405000000000001,True,False,배가 고픈데 밥을 챙겨주지 않아서 굶은 적 있어?,아니요 없어요
2637,73,329491,330990,1499,1.499,SPEAKER_0,SPEAKER_1,True,6.896,4.42,54,37,16,9,0.9596875,0.729,0.9488888888888889,True,False,친구가 무엇을 하려고 할 때 무조건 안 된다고 하거나 하기 싫은데도 무조건 하라고 할 때가 있어?,공부하라는 건 하는데 말씀만 하시고 무조건 하라고 하지는 않으세요.
3316,79,260280,261779,1499,1.499,SPEAKER_1,SPEAKER_0,True,0.821,3.541,9,34,2,7,0.7869999999999999,1.0,0.996,False,True,아니요. 없어요.,내가 싫다는데도 계속해서 연락하거나 따라다니는 사람이 있나요?
3316,89,302056,303555,1499,1.499,SPEAKER_0,SPEAKER_1,True,1.861,0.901,18,8,6,3,0.9865,0.999,0.998,True,False,잠잘 때 주로 어떤 꿈을 꾸나요?,기억 안 나요.
3731,36,173110,174609,1499,1.499,SPEAKER_1,SPEAKER_0,True,4.18,3.701,39,32,12,9,0.9688333333333333,0.993,0.989,False,True,전 지금 사는 곳이 좋은데 다시 원래 집으로 가라고 할까 봐 무서워요.,이 고민 때문에 일상에서 불편함을 겪거나 힘든 적이 있어?
0002,4,13380,14875,1495,1.495,SPEAKER_0,SPEAKER_1,True,0.821,1.54,8,10,2,3,0.9955,0.991,0.8373333333333334,True,False,언제 다쳤어요?,한 일주일 전이요.
0018,7,26305,27800,1495,1.495,SPEAKER_1,SPEAKER_0,True,2.34,1.7,19,14,7,4,0.9334285714285714,0.992,0.9875,False,True,일 주일에 두 번 아픈 거 같아요.,최근에 다친 적이 있었니?
2637,69,312780,314275,1495,1.495,SPEAKER_1,SPEAKER_0,True,4.58,3.7,38,29,12,8,0.8846666666666667,0.981,0.9955,False,True,"네, 엄마 아빠 같이 올 때도 있고, 엄마 혼자만 오실 때도 있어요.",부모님이나 선생님 때문에 기분이 안 좋아진 적 있어?
3316,76,249966,251460,1494,1.494,SPEAKER_0,SPEAKER_1,True,4.181,0.5,41,4,11,1,0.9896363636363636,0.995,0.992,True,False,내가 원하지 않는데도 누군가가 내 몸을 만지거나 보여달라고 한 적 있어요?,아니요.
1112,5,28495,29970,1475,1.475,SPEAKER_1,SPEAKER_0,True,1.94,2.58,14,18,4,6,0.9,0.982,0.9795,False,False,즐거워요? 드럼 칠 때요.,드럼 칠 때 어떤 점이 즐거운가요
2637,12,55145,56620,1475,1.475,SPEAKER_0,SPEAKER_1,True,2.181,4.9,17,34,6,10,0.981,0.905,0.9117999999999999,True,False,몇 시에 자고 몇 시에 일어나?,아빠랑 놀다보면 한 시쯤 돼서 그때 자고 일곱 시에 일어나요.
2637,99,464935,466410,1475,1.475,SPEAKER_0,SPEAKER_1,True,2.58,4.581,17,38,7,13,0.9071428571428571,0.931,0.889,True,False,잠 잘 땐 주로 무슨 꿈을 꿔?,저 요즘 하늘 나는 꿈 자주 꾸는데 엄마가 키 끝나고 꾸는 걸 했어요
2076,73,327255,328729,1474,1.474,SPEAKER_0,SPEAKER_1,True,7.62,10.341,51,90,15,22,0.9764666666666667,0.943,0.9551363636363637,True,False,엄마 속상할까봐 말 안 해요. 주위 어른이나 가족들 중 나를 때린 적이 있는 사람이 있나요?,학원 선생님이 한자 못 외웠다고 시험 못 봤다고 막대기로 발바닥 많이 때렸어요. 그래서 발가락 다쳤어요. 엄마한테는 넘어졌다고 했어요. 또 등도 손으로 때렸어요.
2076,57,242755,244220,1465,1.465,SPEAKER_0,SPEAKER_1,True,3.301,2.5,31,22,8,6,0.9895,0.998,0.999,True,False,부모님이랑 선생님 때문에 기분이 안 좋아진 적이 있나요?,학원 선생님 때문에 울었던 적이 있어요.
2076,90,406625,408090,1465,1.465,SPEAKER_0,SPEAKER_1,True,2.1,1.22,20,9,5,4,0.9813999999999999,0.971,0.9085,True,False,어떨 때 마음이 복잡하거나 힘든가요?,학원 차 볼 때요
2637,51,228780,230245,1465,1.465,SPEAKER_1,SPEAKER_0,True,1.78,1.94,14,15,4,5,0.93525,0.806,0.9962,False,True,웹툰 작가가 되고 싶어요.,왜 웹툰 작가가 되고 싶어?
3316,72,236401,237865,1464,1.464,SPEAKER_0,SPEAKER_1,True,2.661,0.5,29,4,9,1,0.9876666666666667,0.999,0.99,True,False,주위 어른들 중 나를 때린 적이 있는 사람이 있나요?,아니요.
1112,24,145890,147350,1460,1.46,SPEAKER_1,SPEAKER_0,True,3.06,4.54,21,23,6,6,0.9764999999999999,0.971,0.9735,False,True,네. 다시 잠들기는 하지만 자주 깨요.,평상시에 아빠는 어떤 표정을 자주 짓나요?
2637,60,272605,274060,1455,1.455,SPEAKER_0,SPEAKER_1,True,4.1,1.061,35,8,10,3,0.9683999999999999,0.95,0.8986666666666666,True,False,빨래가 되어 있지 않아서 냄새나고 불쾌한 옷을 입은 적이 있어?,없는 것 같아요
3316,9,25015,26460,1445,1.445,SPEAKER_1,SPEAKER_0,True,0.74,2.66,8,30,2,10,0.9995,0.999,0.9372,False,True,잘 모르겠어요.,최근 일 주일 동안 짜증이 나 화가 난 적이 있을까요?
3316,87,295551,296995,1444,1.444,SPEAKER_0,SPEAKER_1,True,4.181,1.14,45,9,13,3,0.9811538461538462,0.999,0.9973333333333333,True,False,안 좋은 기억 때문에 괴로워서 스스로 해치거나 죽고 싶다는 생각을 한 적 있나요?,없는 것 같아요.
0018,66,252761,254194,1433,1.433,SPEAKER_0,SPEAKER_1,True,3.381,1.941,23,15,7,5,0.9875714285714285,0.959,0.99,True,False,커서 어떤 사람이 되고 싶어? 꿈이 뭐야?,저는 되고 싶은 게 없어요.
2637,63,284081,285514,1433,1.433,SPEAKER_1,SPEAKER_0,True,1.381,3.221,12,21,4,5,0.859,0.833,0.9814,False,True,아니요 그런 적 없어요,인터넷이나 휴대폰은 하루에 얼마나 해?
0002,14,56295,57715,1420,1.42,SPEAKER_0,SPEAKER_1,True,2.34,1.46,21,10,6,3,0.999,0.995,0.9996666666666667,True,False,아침에 일어났을 때 몸 상태는 어때요?,그냥 계속 졸려요.
0006,144,662655,664075,1420,1.42,SPEAKER_1,SPEAKER_0,True,0.66,4.341,3,24,2,7,0.997,0.995,0.9954285714285714,False,True,한 적,없어요. 잠잘 때 어떤 꿈을 꾸는 편인가요?
0018,5,18465,19885,1420,1.42,SPEAKER_1,SPEAKER_0,True,2.98,4.08,25,22,7,8,0.9714285714285714,0.994,0.89625,False,True,공부 때문에 스트레스 받아서 그런 거 같아요.,보통 일 주일이면 몇 번 아픈 거 같아?
0018,24,95045,96465,1420,1.42,SPEAKER_0,SPEAKER_1,True,3.06,1.7,22,12,8,4,0.985625,0.997,0.992,True,False,잠잘 때 주로 어떤 꿈을 꾸는 것 같아?,꿈은 잘 꾸지 않아요.
0018,90,360755,362175,1420,1.42,SPEAKER_0,SPEAKER_1,True,2.42,2.9,20,23,7,7,0.9421428571428572,0.872,0.9792857142857143,True,False,혹시 자살 시도를 해 본 적은 있니?,무서워서 자살 시도는 해 본 적이 없어요.
0018,93,371030,372450,1420,1.42,SPEAKER_1,SPEAKER_0,True,0.5,5.86,4,40,1,12,0.997,0.997,0.9764166666666667,False,True,없어요.,부모님의 허락 없이 또는 말도 없이 집에 오랫동안 나와 있었던 적 있니?
0018,94,378310,379730,1420,1.42,SPEAKER_0,SPEAKER_1,True,5.86,1.78,40,13,12,4,0.9764166666666667,0.994,0.99425,True,False,부모님의 허락 없이 또는 말도 없이 집에 오랫동안 나와 있었던 적 있니?,집을 나간 적은 없어요.
0184,5,21265,22685,1420,1.42,SPEAKER_1,SPEAKER_0,True,0.5,1.38,5,10,1,3,0.993,0.993,0.991,False,True,무릎이요.,어쩌다 다친 거야?
1136,94,525375,526795,1420,1.42,SPEAKER_0,SPEAKER_1,True,3.62,1.54,33,13,8,3,0.92125,0.978,0.9133333333333333,True,False,친구들이 나를 지나치게 놀리거나 따돌린다고 느낀 적이 있어?,아니요. 친구들 착해요.
1354,69,299815,301235,1420,1.42,SPEAKER_0,SPEAKER_1,True,1.54,0.501,15,7,5,1,0.9440000000000001,0.998,0.898,True,False,이런 일이 여러 번 있었어?,처음이었어요.
2076,42,169370,170790,1420,1.42,SPEAKER_1,SPEAKER_0,True,6.02,3.22,48,33,14,9,0.9872857142857143,0.97,0.9482222222222222,True,False,일주일에 네 번은 학원을 가요. 갈 때마다 너무 가기 싫어요. 요즘 행복한 것 같아요?,네. 학원 빼고는 다 좋아요. 다음 주가 생일이라 기대돼요.
2076,58,246720,248140,1420,1.42,SPEAKER_1,SPEAKER_0,True,2.5,1.86,22,16,6,4,0.999,0.999,0.99975,False,True,학원 선생님 때문에 울었던 적이 있어요.,학원 선생님이 어떻게 했어요?
2637,58,262125,263545,1420,1.42,SPEAKER_0,SPEAKER_1,True,5.14,3.3,36,29,10,9,0.9725,0.98,0.9086666666666666,True,False,어디 아픈 곳이 있는데 어른들이 병원에 데려가지 않은 적은 있어?,아니요 병원에 가야 할 것 같다고 하면 데려가 주세요
2637,68,306780,308200,1420,1.42,SPEAKER_0,SPEAKER_1,True,4.58,4.58,36,38,10,12,0.8994,0.947,0.8846666666666667,True,False,어른들이 운동회나 참가 수업 같은 학교 행사에 잘 오시는 편이야?,"네, 엄마 아빠 같이 올 때도 있고, 엄마 혼자만 오실 때도 있어요."
2637,83,378065,379485,1420,1.42,SPEAKER_0,SPEAKER_1,True,4.9,0.98,40,8,11,2,0.9815454545454545,0.959,0.7085,True,False,내가 원하지 않는데도 누군가가 내 몸을 만지거나 보여달라고 한 적 있어?,아니요 없어요.
3316,18,54260,55680,1420,1.42,SPEAKER_0,SPEAKER_1,True,1.62,1.86,18,19,6,6,0.9778333333333333,0.917,0.9951666666666666,True,False,몇 시에 자고 몇 시에 일어나요?,열 시에 자고 일곱 시에 일어나요.
3316,31,92160,93580,1420,1.42,SPEAKER_1,SPEAKER_0,True,1.3,1.941,14,21,4,6,0.9975,0.993,0.9486666666666667,False,True,친구들이 잘 안 놀아줘요.,왜 못 노는지 이야기해줄 수 있을까요?
3316,56,176610,178030,1420,1.42,SPEAKER_0,SPEAKER_1,True,3.14,2.82,34,26,9,8,0.9369999999999999,1.0,0.926,True,False,빨래를 못해서 더럽거나 냄새나는 옷을 입어야 한 적이 있나요?,네. 빨래 너무 가끔 말해서 옷에서 냄새 나요.
3316,58,184545,185965,1420,1.42,SPEAKER_0,SPEAKER_1,True,2.74,2.5,27,24,7,6,0.9727142857142858,1.0,0.9025,True,False,옷이나 신발 사이즈가 작아서 불편한 적이 있나요?,다른 효과 물려받았는데 좀 작아서 불편해요.
3316,70,230160,231580,1420,1.42,SPEAKER_0,SPEAKER_1,True,2.18,0.901,28,7,7,3,0.9538571428571428,0.797,0.9926666666666667,True,False,마음이 힘들 때 누구에게 대해 마음을 이야기하나요?,잘 안 해요.
3316,82,274765,276185,1420,1.42,SPEAKER_1,SPEAKER_0,True,0.501,4.26,4,41,1,11,0.988,0.988,0.9907272727272727,False,True,아니요.,어른이 아닌 주변 사람들이 나를 자주 놀리거나 괴롭힌다고 느낀 적 있어요?
3696,2,8580,10000,1420,1.42,SPEAKER_0,SPEAKER_1,True,1.781,1.22,15,12,4,3,0.996,0.996,0.9369999999999999,True,False,최근에 다친 적이 있었나요?,"아니요, 안 다쳤어요."
3696,27,111350,112770,1420,1.42,SPEAKER_1,SPEAKER_0,True,3.06,1.38,24,10,5,2,0.9702,0.999,0.9015,False,True,조금 섭섭했었는데 이제는 아무렇지도 않아요.,형제자매가 있나요?
3731,3,15425,16845,1420,1.42,SPEAKER_1,SPEAKER_0,True,1.62,3.86,17,35,5,9,0.9534,0.961,0.9616666666666667,True,False,선생님은 이런 게 왜 궁금해요?,친구가 요즘 뭘 좋아하는지 뭘 하면 즐거운지 궁금해서 물어보지.
3731,4,20705,22125,1420,1.42,SPEAKER_0,SPEAKER_1,True,3.86,3.14,35,29,9,7,0.9616666666666667,0.969,0.9471428571428572,False,False,친구가 요즘 뭘 좋아하는지 뭘 하면 즐거운지 궁금해서 물어보지.,그래요? 전 친구들이랑 놀이터에서 노는 거 좋아해요.
3731,47,212855,214275,1420,1.42,SPEAKER_0,SPEAKER_1,True,1.86,8.385,14,57,4,14,0.9964999999999999,0.999,0.9472857142857143,True,False,왜 사진작가가 되고 싶어?,소풍날 제가 찍은 사진을 보고 선생님이 칭찬해줬어요. 친구들도 예뻐서 갖고 싶다고 했어요. 평소에 나를
3731,93,439640,441060,1420,1.42,SPEAKER_1,SPEAKER_0,True,0.501,2.5,4,22,1,6,0.98,0.98,0.9848333333333333,False,True,아니요.,나를 힘들거나 지치게 하는 생각이 있어?
3731,104,504120,505540,1420,1.42,SPEAKER_1,SPEAKER_0,True,3.38,3.54,31,35,9,10,0.9633333333333334,1.0,0.9944999999999999,False,True,몸이 이불 안으로 가라앉는 것 같고 기분이 안 좋아져요.,생각하고 싶지 않은데도 자꾸 안 좋은 기억이 떠오른 적이 있어?
5058,1,5060,6480,1420,1.42,SPEAKER_1,SPEAKER_0,True,1.3,2.42,11,27,3,8,0.9726666666666667,0.918,0.994875,True,True,어떻게 불편한 거요?,감기에 걸리거나 체한 것처럼 몸이 아픈 곳 있어?
5058,38,143115,144535,1420,1.42,SPEAKER_1,SPEAKER_0,True,0.66,1.541,6,14,2,3,0.9915,0.983,0.9373333333333334,False,True,네 명이요.,친구들이랑 뭐하면서 놀아?
5058,79,303085,304505,1420,1.42,SPEAKER_1,SPEAKER_0,True,2.981,1.3,22,13,6,4,0.9018333333333334,0.974,0.999,False,True,네. 모르는 아저씨가 제 몸을 만졌어요.,이런 일이 자주 있었어?
5058,103,403035,404455,1420,1.42,SPEAKER_1,SPEAKER_0,True,0.98,3.46,7,35,3,10,0.9936666666666667,0.983,0.9801,False,True,꿈 안 꿔요.,생각하고 싶지 않은데도 자꾸 안 좋은 기억이 떠오른 적이 있어?
0002,22,92880,94299,1419,1.419,SPEAKER_0,SPEAKER_1,True,2.34,2.741,21,22,5,6,0.9956,0.991,0.927,True,False,아버지가 동생이랑 차별하는 것 같아요?,아니요. 딱히 차별하진 않는 것 같아요.
1354,43,180850,182269,1419,1.419,SPEAKER_1,SPEAKER_0,True,0.74,1.061,7,7,2,2,0.5975,0.975,0.993,False,True,이러고 싶어요,이유가 뭐야?
2076,51,210425,211844,1419,1.419,SPEAKER_1,SPEAKER_0,True,0.501,4.661,4,45,1,11,0.993,0.993,0.9776363636363636,False,True,아니요.,옷이나 신발 사이즈가 작아서 불편한 적이 있어요? 있다면 기간은 어느 정도였나요?
2637,85,389551,390970,1419,1.419,SPEAKER_0,SPEAKER_1,True,6.981,1.22,53,10,12,3,0.9815,0.995,0.8833333333333333,True,False,휴대폰이나 인터넷으로 나의 신체부위를 사진이나 영상을 찍어 누구에게 보내거나 올린 적이 있었어?,그런 적도 없어요.
3316,10,29120,30539,1419,1.419,SPEAKER_0,SPEAKER_1,True,2.66,1.701,30,16,10,5,0.9372,0.994,0.9944,True,False,최근 일 주일 동안 짜증이 나 화가 난 적이 있을까요?,비가 계속 와서 짜증 났어요.
3316,74,241166,242585,1419,1.419,SPEAKER_0,SPEAKER_1,True,1.701,2.34,18,19,5,5,0.9726,0.949,0.9784,True,False,주로 혼날 때를 어떻게 혼나나요?,잘 혼내지도 않아요. 관심 없어서.
3316,81,272845,274264,1419,1.419,SPEAKER_0,SPEAKER_1,True,4.1,0.501,44,4,11,1,0.959,1.0,0.988,True,False,없을걸요? 시설에서 어른들끼리 소리 지르면서 싸우는 걸 듣거나 본 적이 있나요?,아니요.
3316,90,304456,305875,1419,1.419,SPEAKER_1,SPEAKER_0,True,0.901,3.301,8,36,3,10,0.998,0.995,0.9677,False,True,기억 안 나요.,생각하고 싶지 않은데도 자꾸 안 좋은 기억이 떠오른 적이 있나요?
3696,73,335986,337405,1419,1.419,SPEAKER_0,SPEAKER_1,True,3.381,0.5,33,2,10,1,0.9931,0.997,0.984,True,False,주위 어른이나 가족 중 나를 때린 적이 있는 사람이 있나요?,네.
3731,39,186255,187674,1419,1.419,SPEAKER_0,SPEAKER_1,True,2.501,2.421,23,18,8,6,0.970875,0.992,0.9596666666666667,True,False,이 고민은 일주일에 몇 번 하는 것 같아?,새로운 집 온 뒤로 계속 그래요.
2637,26,122670,124075,1405,1.405,SPEAKER_0,SPEAKER_1,True,1.7,1.54,12,12,4,4,0.994,0.999,0.96375,True,False,그럴 때 기분이 어때?,저야 엄청 기분 좋죠.
1354,76,325040,326435,1395,1.395,SPEAKER_0,SPEAKER_1,True,1.781,0.5,16,4,6,1,0.9988333333333334,0.999,0.792,True,False,누가 내 몸을 찍은 적 있어?,아니야.
3316,54,168005,169390,1385,1.385,SPEAKER_0,SPEAKER_1,True,2.9,2.26,30,25,9,7,0.9958888888888889,1.0,0.9911428571428571,True,False,어디 아픈 곳이 있는데 병원에 가지 못한 적이 있나요?,가끔 있어요. 엄청 아픈 거 아니면 참으래요.
3731,56,259880,261264,1384,1.384,SPEAKER_0,SPEAKER_1,True,10.98,1.701,82,18,24,6,0.9720833333333333,0.997,0.9968333333333333,True,False,운동회나 창간 수업 또는 학부모 상담 같은 학교 인사가 있으면 어른들이 잘 오는 편이야? 네. 하루에 컴퓨터나 핸드폰을 몇 시간 동안 쓸 수 있어?,하루에 한 시간만 할 수 있어요.
2560,0,3740,5120,1380,1.38,SPEAKER_0,SPEAKER_1,True,3.18,0.98,14,9,4,2,0.8425,0.459,0.9735,True,False,최근에 아픈 곳이 있어요?,머리가 아팠어요.
3731,101,493285,494660,1375,1.375,SPEAKER_0,SPEAKER_1,True,1.86,2.02,15,17,6,5,0.9836666666666667,0.915,0.998,True,False,요즘 잘 때 무슨 꿈을 꿔?,진흙에 빠지는 꿈을 자주 꿔요.
0018,58,224511,225885,1374,1.374,SPEAKER_0,SPEAKER_1,True,3.461,3.3,25,23,6,6,0.9803333333333333,0.987,0.9726666666666667,True,False,공부하는 것 때문에 생활이 불편하거나 힘드니?,"네, 힘들어요. 학교 다니고 싶지 않아요."
0018,33,129555,130920,1365,1.365,SPEAKER_1,SPEAKER_0,True,2.5,1.22,17,9,4,2,0.95075,0.96,0.9955,False,True,"아니요, 할머니도 같이 살아요.",할머니는 어떠셔?
5058,104,407915,409280,1365,1.365,SPEAKER_0,SPEAKER_1,True,3.46,3.14,35,29,10,8,0.9801,0.992,0.987,True,False,생각하고 싶지 않은데도 자꾸 안 좋은 기억이 떠오른 적이 있어?,가끔 나이 많은 아저씨가 지나가면 놀랄 때가 있어요.
0018,29,116271,117615,1344,1.344,SPEAKER_1,SPEAKER_0,True,5.861,1.46,28,10,8,3,0.92975,0.782,0.992,False,True,아버지는 공부를 못 하면 화를 내고 잔소리가 심해요,엄마 표정은 어때?
0002,2,7620,8960,1340,1.34,SPEAKER_0,SPEAKER_1,True,0.98,0.98,9,9,2,2,0.9924999999999999,0.989,0.999,True,False,어디를 다쳤어요?,무릎이 까졌어요.
0004,47,210845,212185,1340,1.34,SPEAKER_1,SPEAKER_0,True,9.375,0.5,58,5,16,1,0.9831875,0.999,0.978,False,False,새 아빠요. 성적이 잘 나오지 않았다고 저를 때리고 발로 차서 공부도 하기 싫고 무서워요. 매일매일 너무,힘들어요.
0018,1,6180,7520,1340,1.34,SPEAKER_1,SPEAKER_0,True,2.9,1.06,23,9,6,2,0.8986666666666666,0.986,0.996,False,True,"네, 머리가 띵하고 오른쪽 머리가 아파요.",언제부터 아팠어?
0018,54,206295,207635,1340,1.34,SPEAKER_0,SPEAKER_1,True,2.74,2.82,19,21,5,6,0.967,0.88,0.9948333333333333,True,False,요즘 가장 큰 걱정거리는 무엇이야?,공부하기 싫은데 매일 학원 가는 거요.
0018,67,256135,257475,1340,1.34,SPEAKER_1,SPEAKER_0,True,1.941,2.58,15,18,5,7,0.99,0.998,0.9865714285714285,False,True,저는 되고 싶은 게 없어요.,되고 싶은 게 왜 없는 것 같아?
0018,69,262375,263715,1340,1.34,SPEAKER_1,SPEAKER_0,True,1.221,2.5,11,20,3,5,0.9413333333333334,0.957,0.9752,False,True,공부를 못 하니까요.,주로 집에서 돌봐주는 사람은 누구야?
0018,74,283505,284845,1340,1.34,SPEAKER_0,SPEAKER_1,True,4.42,0.74,33,7,10,2,0.9786,0.988,0.6135,True,False,옷이나 신발 사이즈가 작은 걸 입거나 신고 다닌 적이 있니?,아뇨 없어요.
1354,0,4580,5920,1340,1.34,SPEAKER_0,SPEAKER_1,True,2.34,2.1,20,19,6,4,0.9718333333333333,0.995,0.93425,True,False,최근에 건강은 어때? 아픈 곳 있어?,가슴이 답답하고 숨쉬기가 어려워요.
1354,1,8020,9360,1340,1.34,SPEAKER_1,SPEAKER_0,True,2.1,1.3,19,9,4,2,0.93425,0.996,1.0,False,True,가슴이 답답하고 숨쉬기가 어려워요.,언제부터 그랬어?
1354,33,140725,142065,1340,1.34,SPEAKER_0,SPEAKER_1,True,2.66,1.541,23,12,6,3,0.8215,0.997,0.6736666666666666,True,False,게 담임선생님은 어때? 좋아 아니면 싫어?,좋아요. 싫어 커서야.
1354,72,313440,314780,1340,1.34,SPEAKER_0,SPEAKER_1,True,2.98,0.5,27,4,8,1,0.983125,0.983,0.836,True,True,누가 나에게 부끄럽고 창피한 짓을 시킨 적 있어?,아니야?
2560,46,230750,232090,1340,1.34,SPEAKER_0,SPEAKER_1,True,4.74,4.02,25,34,6,7,0.8985,0.467,0.9675714285714285,False,False,걱정 때문에 일상생활이 불편하거나 힘들어요 네,힘들어요. 엄마가 제 마음을 조금만이라도 알아줬으면 좋겠어요.
2637,18,83820,85160,1340,1.34,SPEAKER_0,SPEAKER_1,True,2.18,3.62,16,28,6,8,0.9376666666666666,0.887,0.9828749999999999,True,False,졸린 것 몇 시간 정도 그래?,학교 가서도 그런 것 같아요. 졸리고 기운 없어요.
2637,44,195680,197020,1340,1.34,SPEAKER_0,SPEAKER_1,True,2.34,5.94,17,46,5,11,0.8958,0.503,0.939,True,False,요즘 가장 큰 걱정거리가 뭐야?,애들이랑 빙수 먹기로 했는데 돈이 없어서 걱정했는데 엄마가 용돈 주셔서 해결했어요.
2637,50,225660,227000,1340,1.34,SPEAKER_0,SPEAKER_1,True,2.18,1.78,20,14,6,4,0.9966666666666667,0.999,0.93525,True,False,친구는 커서 어떤 사람이 되고 싶어?,웹툰 작가가 되고 싶어요.
2637,87,399405,400745,1340,1.34,SPEAKER_0,SPEAKER_1,True,4.98,1.78,34,15,7,5,0.9828571428571429,0.958,0.9444,True,False,친구가 싫다는데도 계속해서 연락하거나 따라다니는 사람이 있어?,그런 사람은 없는 것 같아요
3316,3,9940,11280,1340,1.34,SPEAKER_1,SPEAKER_0,True,0.5,1.14,4,12,1,4,0.994,0.994,0.9915,False,True,아니요.,뭘 할 때가 즐거워요?
3316,20,60820,62160,1340,1.34,SPEAKER_0,SPEAKER_1,True,2.1,0.5,21,4,6,1,0.999,0.999,1.0,True,False,아침에 일어났을 때 몸 상태는 어때요?,좋아요.
3316,38,115060,116400,1340,1.34,SPEAKER_0,SPEAKER_1,True,3.06,3.7,31,35,9,9,0.9617777777777777,0.917,0.9747777777777777,True,False,걱정 때문에 불편한 느낌이 일주일에 몇 번 정도 들어요?,그냥 가끔만 힘들어요. 만화책 보거나 시설 애들이랑 놀면 돼요.
3316,51,154325,155665,1340,1.34,SPEAKER_1,SPEAKER_0,True,1.14,2.34,8,26,2,8,0.9984999999999999,0.998,0.997375,False,True,선생님 있어요.,배가 고픈데 먹을 게 없어서 굶은 적이 있나요?
3316,53,163765,165105,1340,1.34,SPEAKER_1,SPEAKER_0,True,3.14,2.9,27,30,7,9,0.8767142857142857,1.0,0.9958888888888889,False,True,학교에서는 급식 먹는데 시설에선 굶을 때 있어요.,어디 아픈 곳이 있는데 병원에 가지 못한 적이 있나요?
3316,63,202770,204110,1340,1.34,SPEAKER_1,SPEAKER_0,True,0.5,3.62,4,37,1,10,0.984,0.984,0.974,False,True,아니요.,학교 선생님이나 시설 선생님 때문에 기분이 안 좋아진 적이 있나요?
3316,66,216505,217845,1340,1.34,SPEAKER_0,SPEAKER_1,True,5.06,0.98,53,9,15,3,0.9835333333333334,0.998,0.9983333333333333,True,False,내가 무엇을 하려고 하면 무조건 안 된다고 하거나 하기 싫은데도 무조건 하라고 할 때가 있나요?,그런 건 없어요.
3316,69,226640,227980,1340,1.34,SPEAKER_1,SPEAKER_0,True,0.5,2.18,4,28,1,7,0.994,0.994,0.9538571428571428,False,True,아니요.,마음이 힘들 때 누구에게 대해 마음을 이야기하나요?
3316,95,318970,320310,1340,1.34,SPEAKER_0,SPEAKER_1,True,2.42,0.5,22,4,6,1,0.9943333333333333,0.99,1.0,True,False,친한 친구 중에 가출한 친구가 있을까요?,없어요.
3706,62,273435,274775,1340,1.34,SPEAKER_1,SPEAKER_0,True,0.5,3.38,4,29,1,9,0.924,0.924,0.9324444444444444,False,False,아니요.,옷이나 신발 사이즈가 작은 걸 입거나 신고 다닌 적이
3731,6,30490,31830,1340,1.34,SPEAKER_0,SPEAKER_1,True,3.46,1.38,32,9,10,3,0.9643,0.909,0.9953333333333333,True,False,최근 일주일 동안 크게 짜증이 났거나 화가 난 적이 있어?,별로 화나는 일이
3731,21,97255,98595,1340,1.34,SPEAKER_1,SPEAKER_0,True,2.74,5.14,15,32,4,9,0.9495,1.0,0.9955555555555555,False,False,무섭고 긴장됐던 것 같아요.,아빠랑 사이가 어때? 별로 안 친하고 불편했던 것 같아요.
3731,46,209655,210995,1340,1.34,SPEAKER_1,SPEAKER_0,True,1.94,1.86,16,14,4,4,0.9924999999999999,0.998,0.9964999999999999,False,True,커서 사진작가가 되고 싶어요.,왜 사진작가가 되고 싶어?
3731,60,276020,277360,1340,1.34,SPEAKER_0,SPEAKER_1,True,3.3,0.501,30,2,8,1,0.9855,0.994,0.996,True,False,부모님이나 선생님 때문에 기분이 안 좋아진 적이 있어?,네.
3731,62,282340,283680,1340,1.34,SPEAKER_0,SPEAKER_1,True,3.22,5.025,28,52,8,14,0.996875,0.99,0.9805714285714285,True,False,아빠의 어떤 말이나 행동이 나를 기분 나쁘게 했어?,아빠는 제가 싫다고 해도 무조건 따르라고 해서 벽이랑 대화하는 것 같다고 생각한 적이 있어요.
3731,72,338040,339380,1340,1.34,SPEAKER_0,SPEAKER_1,True,1.7,0.5,14,4,4,1,0.99575,0.991,0.991,True,False,어른들한테 맞은 적 있어?,없어요.
3731,74,346975,348315,1340,1.34,SPEAKER_0,SPEAKER_1,True,4.74,2.82,45,23,12,6,0.99225,0.986,0.9896666666666667,True,True,내가 싫다고 했는데도 누군가가 내 몸을 만지려고 하거나 보여달라고 한 적이 있어?,아까 대충 말했잖아요. 굳이 말해야 해요?
3731,80,376575,377915,1340,1.34,SPEAKER_0,SPEAKER_1,True,2.66,6.9,25,63,7,17,0.9748571428571429,0.826,0.9887058823529412,True,False,내가 싫다고 하면 아빠는 어떤 반응을 보였어?,아빠는 제 말이 안 들리는 척했어요. 평소에도 제 말을 들어주지 않아서 몇 번이나 싫다고 했는데도 안 들어줬어요.
5058,2,8900,10240,1340,1.34,SPEAKER_0,SPEAKER_1,True,2.42,0.98,27,9,8,3,0.994875,0.998,0.9986666666666667,True,False,감기에 걸리거나 체한 것처럼 몸이 아픈 곳 있어?,그런 건 없어요.
5058,23,83250,84590,1340,1.34,SPEAKER_1,SPEAKER_0,True,0.98,7.14,9,56,2,17,0.9924999999999999,0.985,0.9870588235294118,False,False,평소랑 똑같아요.,평소에 잠이 안 오거나 중간에 일어나는 일이 있니? 아 그래도 자다가 일어나는 걸 네 번 넘게 해요.
5058,53,193975,195315,1340,1.34,SPEAKER_0,SPEAKER_1,True,1.7,5.86,15,50,5,13,0.9958,1.0,0.976,True,False,어떤 점이 행복한 것 같아?,사실 몸도 아프고 엄마랑 아빠가 너무 울어서 속상하지만 같이 있는 시간이 늘어나서 좋아요.
0018,18,68905,70244,1339,1.339,SPEAKER_0,SPEAKER_1,True,1.78,2.341,17,20,6,6,0.9886666666666667,0.986,0.9065,True,False,몇 시에 자고 몇 시에 일어나?,열한 시에 자서 일곱 시에 일어나요.
1354,92,394102,395441,1339,1.339,SPEAKER_1,SPEAKER_0,True,0.501,2.021,4,17,1,5,0.663,0.663,0.995,False,True,아니요.,친구 중에는 그런 친구는 없어?
2076,34,138180,139519,1339,1.339,SPEAKER_1,SPEAKER_0,True,2.581,1.541,19,13,5,4,0.992,0.973,0.9552499999999999,False,True,포켓몬 게임도 하고 배드민턴도 해요,주로 몇 명이랑 놀아요?
2560,65,320015,321354,1339,1.339,SPEAKER_0,SPEAKER_1,True,3.221,2.661,29,9,8,3,0.925125,0.969,0.9596666666666667,True,False,빨래가 안된 더럽거나 냄새나는 옷을 입은 적 있어요?,없던 것 같아요.
2637,41,183666,185005,1339,1.339,SPEAKER_1,SPEAKER_0,True,0.501,2.34,5,17,1,5,0.361,0.361,0.9386,False,True,좋아해요.,담임 선생님의 어떤 점이 좋아?
3316,36,107906,109245,1339,1.339,SPEAKER_0,SPEAKER_1,True,1.861,1.621,17,15,5,4,0.9944,0.993,0.99725,True,False,요즘 제일 걱정되는 게 뭐예요?,친구들이 안 놀아주는 거요.
3316,62,200931,202270,1339,1.339,SPEAKER_0,SPEAKER_1,True,2.901,0.5,33,4,9,1,0.8958888888888888,0.998,0.984,True,False,어른들이 운동이나 청관 수업 같은 학교 행사에 잘 오시나요?,아니요.
3706,1,5940,7279,1339,1.339,SPEAKER_1,SPEAKER_0,True,1.38,8.606,13,65,4,17,0.7345,0.468,0.9090588235294118,False,False,"네, 소화가 잘 안돼요.",소화가 언제부터 안됐나요? 얼마나 자주 그래요? 거의 매일 안 돼요. 시설 선생님이 빨리 안 먹는다고 혼내서 붙어요.
3731,70,325026,326365,1339,1.339,SPEAKER_0,SPEAKER_1,True,2.821,7.595,24,56,7,15,0.9984285714285714,0.994,0.9762666666666666,True,False,집에서 규칙을 따라야 할 때 기분이 어땠어?,아빠랑 눈 마주치기가 무섭고 같이 자기 싫었어요. 근데 집에는 아빠랑 둘이 사니까 싫다고 못 했어요.
3316,64,207730,209045,1315,1.315,SPEAKER_0,SPEAKER_1,True,3.62,1.7,37,7,10,2,0.974,1.0,1.0,True,False,학교 선생님이나 시설 선생님 때문에 기분이 안 좋아진 적이 있나요?,딱히 없어요.
3731,65,302785,304099,1314,1.314,SPEAKER_1,SPEAKER_0,True,6.901,4.341,57,42,16,11,0.9780625000000001,0.999,0.9915454545454545,False,True,우리 집은 이상한 규칙이 많았어요. 침대에서는 옷을 입으면 안 되고 잠도 꼭 같이 자야 한다고 했어요.,어른들이 집에서 쫓아내겠다고 말하거나 어디에 가두고 못 나오게 한 적 있어?
0006,154,712925,714225,1300,1.3,SPEAKER_0,SPEAKER_1,True,2.34,3.98,20,19,6,6,0.9885,0.997,0.848,True,False,꿈을 꾸고 나면 몸 상태는 어떤가요?,땀이 나 있고 심장이 빨리 끼어요.
0002,50,223625,224924,1299,1.299,SPEAKER_0,SPEAKER_1,True,3.66,9.706,22,54,5,15,0.9988,0.999,0.9794,True,False,아빠가 때리시는 이유가 뭐라고 생각해요?,그냥 막 갑자기 한숨 쉬시면서 술 드시다가 또 화내고 욕 하다가 때리세요. 이유는 잘 모르겠어요.
0018,92,369235,370530,1295,1.295,SPEAKER_0,SPEAKER_1,True,3.38,0.5,23,4,8,1,0.970125,0.99,0.997,True,False,잠잘 때 나쁜 꿈이나 자다가 깬 적 있니?,없어요.
3316,4,12420,13715,1295,1.295,SPEAKER_0,SPEAKER_1,True,1.14,1.14,12,11,4,3,0.9915,0.999,0.9993333333333333,True,False,뭘 할 때가 즐거워요?,요즘 잘 모르겠어요.
3316,22,66980,68275,1295,1.295,SPEAKER_0,SPEAKER_1,True,3.14,1.82,31,8,8,2,0.979625,0.999,0.6385000000000001,True,False,잠들기 힘들거나 잠자는 중간을 자주 깨는 일이 있을까요?,아니요 없어요.
3731,8,37690,38985,1295,1.295,SPEAKER_0,SPEAKER_1,True,2.9,3.3,30,29,9,8,0.9741111111111111,0.981,0.981875,True,False,없어요. 평소에 화가 날 때 어떻게 하면 마음이 풀려?,그냥 기분 나쁘다고 바로 말하고 사과 받으면 풀려요.
0216,46,213645,214930,1285,1.285,SPEAKER_1,SPEAKER_0,True,7.38,2.74,43,24,9,7,0.9635555555555555,0.99,0.9971428571428571,False,True,행복했는데 불안해졌어요. 친구들 많이 있는데 체육관 선생님이 창피하게 해서요.,우리 친구는 커서 어떤 사람이 되고 싶을까?
0018,26,102966,104250,1284,1.284,SPEAKER_0,SPEAKER_1,True,3.941,1.94,27,13,7,3,0.9832857142857143,0.995,0.8846666666666667,True,False,평상시에 부모님은 어떤 표정을 지우시는 것 같아?,아버지는 무섭게 느껴져요
0018,73,277810,279085,1275,1.275,SPEAKER_1,SPEAKER_0,True,2.18,4.42,17,33,5,10,0.9256,0.917,0.9786,False,True,할머니가 옷은 잘 깔아 주세요.,옷이나 신발 사이즈가 작은 걸 입거나 신고 다닌 적이 있니?
0216,2,12340,13615,1275,1.275,SPEAKER_0,SPEAKER_1,True,1.86,1.86,14,9,4,3,0.94275,0.977,0.9453333333333334,True,False,최근에 다친 데는 없을까?,다친 데 없어요.
5058,52,191000,192275,1275,1.275,SPEAKER_1,SPEAKER_0,True,0.5,1.7,5,15,1,5,0.992,0.992,0.9958,False,True,행복해요.,어떤 점이 행복한 것 같아?
0018,0,2020,3280,1260,1.26,SPEAKER_0,SPEAKER_1,True,1.94,2.9,14,23,4,6,0.953,0.994,0.8986666666666666,True,False,최근에 아픈 곳이 있었니?,"네, 머리가 띵하고 오른쪽 머리가 아파요."
0018,8,29500,30760,1260,1.26,SPEAKER_0,SPEAKER_1,True,1.7,1.22,14,10,4,3,0.9875,0.991,0.9976666666666667,True,False,최근에 다친 적이 있었니?,다친 적은 없어요.
0018,32,125795,127055,1260,1.26,SPEAKER_0,SPEAKER_1,True,1.86,2.5,13,17,3,4,0.9946666666666667,0.998,0.95075,True,False,그럼 아버지하고만 살아?,"아니요, 할머니도 같이 살아요."
0018,50,192970,194230,1260,1.26,SPEAKER_0,SPEAKER_1,True,3.06,1.62,21,13,5,3,0.8402,0.747,0.9403333333333334,True,False,담임 선생님을 좋아하니 아님 싫어하니?,담임 선생님은 싫어해요.
0018,53,202295,203555,1260,1.26,SPEAKER_1,SPEAKER_0,True,3.06,2.74,21,19,6,5,0.9161666666666667,0.992,0.967,False,True,수업 시간에 딴짓 한다고 많이 혼나요.,요즘 가장 큰 걱정거리는 무엇이야?
0018,86,341445,342705,1260,1.26,SPEAKER_0,SPEAKER_1,True,4.1,2.42,31,19,8,5,0.98525,0.999,0.9884,True,False,친구들이 나를 자주 놀리거나 괴롭힌다고 느낀 적이 있니?,나한테 나쁘게 하는 친구는 없어요.
0216,30,140990,142250,1260,1.26,SPEAKER_0,SPEAKER_1,True,1.7,1.621,12,12,3,4,0.97,0.995,0.7055,True,False,친구는 형제가 있나요?,네 여동생 한 명이요.
1354,15,72965,74225,1260,1.26,SPEAKER_0,SPEAKER_1,True,1.861,1.14,14,11,5,4,0.9786,0.929,0.664,True,False,몇 시부터 몇 시까지 자?,몇 시부터 몇 시까지
1354,22,102795,104055,1260,1.26,SPEAKER_0,SPEAKER_1,True,1.38,0.5,12,4,4,1,0.99025,1.0,0.806,True,False,그럴 때 기분은 어때?,좋아요.
1354,62,267090,268350,1260,1.26,SPEAKER_0,SPEAKER_1,True,2.98,0.5,27,4,9,1,0.9728888888888889,0.996,0.399,True,False,주위 어른들 중 나를 때린 적 있는 사람이 있어?,아니요.
1354,81,347170,348430,1260,1.26,SPEAKER_0,SPEAKER_1,True,3.941,0.5,36,4,10,1,0.9556,0.998,0.444,True,True,집에서 어른들끼리 소리 지르면서 싸우는 걸 듣거나 본 적이 있어?,아니야?
2637,0,3860,5120,1260,1.26,SPEAKER_0,SPEAKER_1,True,2.98,1.62,20,8,6,2,0.9746666666666667,0.98,0.912,True,False,최근에 건강은 어때? 아픈 곳 있어?,아니요 없어요.
2637,2,10820,12080,1260,1.26,SPEAKER_0,SPEAKER_1,True,1.86,1.06,13,8,4,2,0.9935,0.984,0.989,True,False,최근에 다친 적은 있어?,그것도 없어요.
2637,38,168530,169790,1260,1.26,SPEAKER_0,SPEAKER_1,True,2.9,6.74,12,54,4,16,0.9705,0.997,0.935625,True,False,주로 몇 명이서 놀아?,"두 명이랑 놀아요. 한 명은 저희 반이고, 한 명은 저희 반은 아닌데 학원을 같이 다녀서 친해요."
2637,97,457415,458675,1260,1.26,SPEAKER_0,SPEAKER_1,True,5.54,1.62,42,13,13,5,0.9541538461538461,0.939,0.9212,True,False,안 좋은 기억 때문에 스스로 해치고 싶다거나 죽고 싶다는 생각 한 적 있어?,그런 생각 한 적 없어요
2674,3,17705,18965,1260,1.26,SPEAKER_1,SPEAKER_0,True,3.38,0.5,16,4,5,1,0.9684,0.984,0.987,False,False,일주일에 한 번 정도 그래요.,언제부터
2674,4,19465,20725,1260,1.26,SPEAKER_0,SPEAKER_1,True,0.5,2.82,4,16,1,4,0.987,0.987,0.98975,False,False,언제부터,아팠어요? 한 달은 넘었어요.
3242,112,647195,648455,1260,1.26,SPEAKER_1,SPEAKER_0,True,0.5,3.3,4,27,1,8,0.976,0.976,0.975625,False,True,아니요.,만약 싫은 기억이 떠오르면 어떻게 할 것 같아요?
3316,1,5300,6560,1260,1.26,SPEAKER_1,SPEAKER_0,True,0.501,1.7,5,15,1,4,0.968,0.968,0.99925,False,True,건강이요.,최근에 다친 적이 있었나요?
3316,77,251960,253220,1260,1.26,SPEAKER_1,SPEAKER_0,True,0.5,4.66,4,45,1,12,0.992,0.992,0.9846666666666667,False,True,아니요.,성적인 목적으로 내 신체 부위를 촬영해서 누구한테 보내거나 어디 울린 적 있나요?
3316,93,313770,315030,1260,1.26,SPEAKER_0,SPEAKER_1,True,1.38,0.5,12,4,3,1,0.9316666666666666,1.0,0.985,True,False,가출해본 적이 있나요?,아니요.
3731,42,196450,197710,1260,1.26,SPEAKER_1,SPEAKER_0,True,0.5,1.62,5,15,1,5,0.995,0.995,0.9958,False,True,행복해요.,어떤 점이 행복한 것 같아?
3731,87,418580,419840,1260,1.26,SPEAKER_1,SPEAKER_0,True,0.5,3.7,4,37,1,10,0.992,0.992,0.9877,False,True,아니요.,내 몸을 사진으로 찍어서 보내주면 돈을 주겠다고 한 사람이 있었어?
3731,90,430675,431935,1260,1.26,SPEAKER_0,SPEAKER_1,True,3.94,0.5,37,4,10,1,0.9631,0.978,0.993,True,False,집에서 어른들이 소리를 지르면서 싸우는 걸 보거나 들은 적이 있어?,아니요.
3731,103,499480,500740,1260,1.26,SPEAKER_0,SPEAKER_1,True,1.781,3.38,16,31,5,9,0.998,0.995,0.9633333333333334,True,False,꿈을 꾸고 나면 기분이 어때?,몸이 이불 안으로 가라앉는 것 같고 기분이 안 좋아져요.
5058,7,21315,22575,1260,1.26,SPEAKER_1,SPEAKER_0,True,1.22,0.98,11,8,3,2,0.994,0.991,0.9995,False,True,다리 사이가 아파요.,얼마나 다쳤어?
5058,30,119415,120675,1260,1.26,SPEAKER_1,SPEAKER_0,True,2.18,2.02,19,21,5,7,0.9922,0.993,0.9758571428571429,False,True,엄마도 평소랑 다르게 매일 울어요.,엄마는 왜 그런 표정을 하는 거 같아?
5058,36,138190,139450,1260,1.26,SPEAKER_1,SPEAKER_0,True,0.5,1.86,4,17,1,5,0.984,0.984,0.9886,False,True,없어요.,제일 친한 친구들은 몇 명이야?
5058,51,189240,190500,1260,1.26,SPEAKER_0,SPEAKER_1,True,2.34,0.5,21,5,7,1,0.945,0.991,0.992,True,False,요즘 행복한 거 같아 불행한 거 같아?,행복해요.
5058,97,379225,380485,1260,1.26,SPEAKER_1,SPEAKER_0,True,0.501,2.5,4,22,1,6,0.977,0.977,0.9984999999999999,False,True,아니요.,나를 힘들거나 지치게 하는 생각이 있어?
1136,42,232700,233959,1259,1.259,SPEAKER_0,SPEAKER_1,True,2.42,2.261,20,10,6,2,0.8916666666666666,0.978,0.937,True,False,한달에 부모님이 몇 번 정도 싸우셔?,한달에 한두번이요.
1354,46,199195,200454,1259,1.259,SPEAKER_0,SPEAKER_1,True,2.501,0.501,24,4,8,1,0.99675,0.997,0.457,True,False,배가 고픈데 먹을 게 없어서 굶은 적 있어?,아니요.
3316,30,89601,90860,1259,1.259,SPEAKER_0,SPEAKER_1,True,1.861,1.3,18,14,5,4,0.9734,1.0,0.9975,True,False,친구들이랑 주로 뭐 하고 놀아요?,친구들이 잘 안 놀아줘요.
3316,33,98226,99485,1259,1.259,SPEAKER_1,SPEAKER_0,True,1.461,2.18,13,22,4,6,0.91325,0.821,0.9796666666666667,False,True,저한테 땀 냄새 난대요.,담임 선생님은 어때요? 좋은 것 같아요?
3316,71,232481,233740,1259,1.259,SPEAKER_1,SPEAKER_0,True,0.901,2.661,7,29,3,9,0.9926666666666667,0.984,0.9876666666666667,False,True,잘 안 해요.,주위 어른들 중 나를 때린 적이 있는 사람이 있나요?
3731,57,262965,264224,1259,1.259,SPEAKER_1,SPEAKER_0,True,1.701,2.341,18,22,6,6,0.9968333333333333,0.999,0.9635,False,True,하루에 한 시간만 할 수 있어요.,핸드폰을 오래 하면 어른들이 뭐라고 해?
3731,61,277861,279120,1259,1.259,SPEAKER_1,SPEAKER_0,True,0.501,3.22,2,28,1,8,0.996,0.996,0.996875,False,True,네.,아빠의 어떤 말이나 행동이 나를 기분 나쁘게 했어?
3731,66,308440,309699,1259,1.259,SPEAKER_0,SPEAKER_1,True,4.341,0.501,42,4,11,1,0.9915454545454545,0.987,0.799,True,False,어른들이 집에서 쫓아내겠다고 말하거나 어디에 가두고 못 나오게 한 적 있어?,아니요.
0018,70,266215,267470,1255,1.255,SPEAKER_0,SPEAKER_1,True,2.5,0.5,20,5,5,1,0.9752,0.926,0.994,True,False,주로 집에서 돌봐주는 사람은 누구야?,할머니요.
2076,87,393270,394525,1255,1.255,SPEAKER_0,SPEAKER_1,True,3.7,0.501,36,4,9,1,0.8995555555555556,0.959,0.872,True,False,집에서 어른들끼리 소리지르면서 싸우는 걸 듣거나 본 적이 있나요?,아니요.
5058,84,319000,320254,1254,1.254,SPEAKER_0,SPEAKER_1,True,1.94,6.181,16,56,4,13,0.99825,0.999,0.9605384615384616,True,False,아저씨가 뭘 도와달라고 했어?,넘어질 것 같다고 부축해달라고 해서 옆으로 갔는데 아저씨가 저를 데리고 학원상가 계단실로 들어갔어요.
1354,40,171825,173069,1244,1.244,SPEAKER_0,SPEAKER_1,True,1.22,2.101,11,9,3,2,0.9993333333333333,0.999,0.7929999999999999,True,False,어떤 점에서 행복해?,올라갔다가 좋아요
3316,32,95521,96765,1244,1.244,SPEAKER_0,SPEAKER_1,True,1.941,1.461,21,13,6,4,0.9486666666666667,0.997,0.91325,True,False,왜 못 노는지 이야기해줄 수 있을까요?,저한테 땀 냄새 난대요.
1112,107,743885,745125,1240,1.24,SPEAKER_0,SPEAKER_1,True,5.96,5.825,20,42,5,12,0.987,0.959,0.9525,True,False,어떨 때 마음이 복잡하거나 힘든가요?,운전기사 아저씨가 저한테 억지로 입실 갖다 대고 한 게 생각날 때 힘들어요.
1354,91,392365,393601,1236,1.236,SPEAKER_0,SPEAKER_1,True,3.541,0.501,31,4,9,1,0.9587777777777777,0.998,0.663,True,False,부모님 허락 없이 집에서 오랫동안 나와 있었던 적 있어?,아니요.
0018,3,11860,13085,1225,1.225,SPEAKER_1,SPEAKER_0,True,1.46,1.38,12,10,5,4,0.885,0.974,0.8947499999999999,False,True,두 달 된 거 같아요.,왜 아픈 거 같아?
2637,66,296975,298200,1225,1.225,SPEAKER_0,SPEAKER_1,True,3.221,1.541,25,13,7,3,0.9015714285714286,0.97,0.9103333333333333,True,False,너무 많이 한다고 어른들이 뭐라고 하진 않아?,뭐라고 하셔서 몰래예요.
3731,11,51645,52870,1225,1.225,SPEAKER_1,SPEAKER_0,True,2.821,2.42,27,23,9,6,0.981111111111111,0.967,0.9993333333333333,False,False,시설은 열 한 시에 불 끄고 일곱 시에 일어나요.,아침에 일어나면 몸 상태가 어때? 옛날에는
5058,18,64011,65235,1224,1.224,SPEAKER_0,SPEAKER_1,True,2.261,6.341,25,54,8,13,0.994875,0.991,0.9597692307692307,True,False,평소에 화가 날 때 어떻게 하면 마음이 풀려?,원래는 게임하거나 엄마한테 잃으면 기분이 금방 풀렸는데 지금은 다 해봤는데도 안 풀려서 이상해요.
3731,37,178310,179515,1205,1.205,SPEAKER_0,SPEAKER_1,True,3.701,2.66,32,24,9,7,0.989,0.987,0.9985714285714286,True,False,이 고민 때문에 일상에서 불편함을 겪거나 힘든 적이 있어?,센터 앞에 모르는 차가 보이면 좀 무서워요.
3316,27,81976,83180,1204,1.204,SPEAKER_1,SPEAKER_0,True,1.541,1.3,13,10,3,2,0.9993333333333333,1.0,0.937,False,True,저희한테 관심이 없어요.,형제자매가 있나요?
5036,77,352140,353339,1199,1.199,SPEAKER_0,SPEAKER_1,True,8.905,0.501,51,3,13,1,0.9491538461538461,0.869,0.579,True,False,친구가 무엇을 하려고 하면 무조건 안된다고 하거나 하기 싫은데도 무조건 하라고 할때가 있어?,아니요
5036,78,353840,355039,1199,1.199,SPEAKER_1,SPEAKER_0,True,0.501,7.301,3,51,1,13,0.579,0.579,0.928,False,True,아니요,어른들이 친구를 집에서 쫓아내거나 버리겠다고 말하거나 어디에 가두고 못 나오게 한 적 있어?
0018,14,50875,52070,1195,1.195,SPEAKER_0,SPEAKER_1,True,2.02,4.34,16,25,5,7,0.9816,0.967,0.8715714285714286,True,False,무엇 때문에 짜증이 많이 나?,매일 영어학원 수학학원 다니는 게 짜증 나요.
5058,41,153755,154950,1195,1.195,SPEAKER_0,SPEAKER_1,True,1.7,0.501,14,2,4,1,0.9665,0.983,0.877,True,False,담임 선생님이랑 잘 지내?,네.
5058,88,343180,344375,1195,1.195,SPEAKER_0,SPEAKER_1,True,1.38,7.38,12,66,4,17,0.99775,0.996,0.9425294117647058,True,False,그 뒤로 어떻게 됐어?,아저씨가 저를 상가 안에 두고 가버렸어요. 놀라서 울고 있을 때 경기 아저씨가 절 찾아서 경찰이랑 부모님을 불러줬어요.
2076,25,109105,110299,1194,1.194,SPEAKER_0,SPEAKER_1,True,2.34,0.501,21,5,6,1,0.9873333333333333,0.99,0.983,True,False,그런 표정을 보면 친구 기분은 어때요?,행복해요.
3731,51,231910,233095,1185,1.185,SPEAKER_0,SPEAKER_1,True,3.07,0.5,27,4,9,1,0.9893333333333333,0.995,0.992,True,False,배가 고픈데 집에 먹을 게 없어서 굶은 적 있어?,아니요.
3731,16,79545,80729,1184,1.184,SPEAKER_0,SPEAKER_1,True,2.26,4.341,19,37,5,10,0.9996,1.0,0.9444,True,False,평상시에 아빠는 어떤 표정을 지어?,지금은 같이 안 살지만 아빠가 조용히 쳐다보면 무서웠던 거 같아요.
3731,92,437955,439139,1184,1.184,SPEAKER_0,SPEAKER_1,True,3.78,0.501,33,4,8,1,0.97825,0.975,0.98,True,False,친구들이 나를 지나치게 놀리거나 따돌린다고 느낀 적이 있어?,아니요.
0005,72,358445,359625,1180,1.18,SPEAKER_0,SPEAKER_1,True,2.82,3.301,26,19,7,5,0.9882857142857143,0.969,0.924,True,False,너무 많이 한다고 어른들이 뭐라 하시진 않나요?,할아버지가 조금 잔소리 하긴 해요.
0018,40,154005,155185,1180,1.18,SPEAKER_0,SPEAKER_1,True,1.86,1.701,12,13,3,4,0.8683333333333333,0.818,0.9895,True,False,형제자매는 몇 명이야?,남동생이 한 명 있어요.
0018,61,234465,235645,1180,1.18,SPEAKER_1,SPEAKER_0,True,1.38,2.021,11,13,3,3,0.9673333333333334,0.995,0.9966666666666667,False,True,"네, 항상 힘들어요.",요즘 행복하다고 느끼니?
0018,65,248200,249380,1180,1.18,SPEAKER_1,SPEAKER_0,True,4.58,3.381,32,23,9,7,0.9552222222222222,0.973,0.9875714285714285,False,True,머리가 나쁜 것 같은데 아버지가 공부 공부 얘기만 해서요.,커서 어떤 사람이 되고 싶어? 꿈이 뭐야?
1112,88,602765,603945,1180,1.18,SPEAKER_1,SPEAKER_0,True,6.085,0.5,40,3,10,1,0.9771,0.987,0.914,False,False,사소한 것들은 말로 혼내시고 거짓말하거나 크게 잘못한 일은 반성문 쓰기도,해요.
1354,52,217835,219015,1180,1.18,SPEAKER_0,SPEAKER_1,True,2.74,0.5,27,4,9,1,0.9808888888888889,0.999,0.835,True,False,빨래 안 한 더럽고 냄새나는 옷을 입은 적 있어?,없어요.
1354,87,379610,380790,1180,1.18,SPEAKER_0,SPEAKER_1,True,2.02,0.9,16,7,6,3,0.9833333333333334,0.979,0.801,True,False,잠잘 때 주로 어떤 꿈을 꿔?,꿈 안 꿔요.
2076,85,386070,387250,1180,1.18,SPEAKER_0,SPEAKER_1,True,3.7,0.5,34,4,7,1,0.971,0.945,0.732,True,False,내가 싫다는데도 계속해서 연락하거나 따라다니는 사람이 있나요?,없어요.
2637,29,133055,134235,1180,1.18,SPEAKER_1,SPEAKER_0,True,2.1,3.14,16,26,5,8,0.9414,0.733,0.99075,False,True,엄마도 웃는 표정 자주 해요.,엄마는 왜 그런 표정을 자주 지으시는 것 같아?
2637,42,187345,188525,1180,1.18,SPEAKER_0,SPEAKER_1,True,2.34,3.06,17,22,5,5,0.9386,0.981,0.8694,True,False,담임 선생님의 어떤 점이 좋아?,수업도 재밌고 가끔 아이스크림도 사주세요
3316,2,8260,9440,1180,1.18,SPEAKER_0,SPEAKER_1,True,1.7,0.5,15,4,4,1,0.99925,1.0,0.994,True,False,최근에 다친 적이 있었나요?,아니요.
3316,5,14855,16035,1180,1.18,SPEAKER_1,SPEAKER_0,True,1.14,1.22,11,11,3,3,0.9993333333333333,0.999,0.9986666666666667,False,True,요즘 잘 모르겠어요.,즐거운 일이 없나요?
3316,6,17255,18435,1180,1.18,SPEAKER_0,SPEAKER_1,True,1.22,1.3,11,11,3,3,0.9986666666666667,0.997,0.9993333333333333,True,False,즐거운 일이 없나요?,요즘에는 좀 그래요.
3316,11,32240,33420,1180,1.18,SPEAKER_1,SPEAKER_0,True,1.701,1.46,16,15,5,4,0.9944,0.991,0.99675,False,True,비가 계속 와서 짜증 났어요.,무엇 때문에 짜증이 났어요?
3316,15,44015,45195,1180,1.18,SPEAKER_1,SPEAKER_0,True,1.7,1.54,16,18,4,4,0.957,0.987,0.9765,False,True,제가 좋아하는 만화책 읽어요.,그렇게 하면 기분이 괜찮으시나요?
3316,19,57540,58720,1180,1.18,SPEAKER_1,SPEAKER_0,True,1.86,2.1,19,21,6,6,0.9951666666666666,0.998,0.999,False,True,열 시에 자고 일곱 시에 일어나요.,아침에 일어났을 때 몸 상태는 어때요?
3316,21,62660,63840,1180,1.18,SPEAKER_1,SPEAKER_0,True,0.5,3.14,4,31,1,8,1.0,1.0,0.979625,False,True,좋아요.,잠들기 힘들거나 잠자는 중간을 자주 깨는 일이 있을까요?
3316,34,101665,102845,1180,1.18,SPEAKER_0,SPEAKER_1,True,2.18,1.54,22,18,6,5,0.9796666666666667,0.997,0.8916,True,False,담임 선생님은 어때요? 좋은 것 같아요?,"네, 좋아요. 저 잘 챙겨주세요."
3316,44,134195,135375,1180,1.18,SPEAKER_0,SPEAKER_1,True,1.78,1.06,17,11,5,3,0.9996,0.999,0.9996666666666667,True,False,커서 어떤 사람이 되고 싶어요?,아직 잘 모르겠어요.
3706,78,368790,369970,1180,1.18,SPEAKER_1,SPEAKER_0,True,1.86,4.9,21,29,4,8,0.91575,0.984,0.989625,False,True,아무한테도 이야기 못해요. 창피해서요.,주위 어른이나 가족들 중 나를 때렸던 사람이 있나요?
3731,31,153455,154635,1180,1.18,SPEAKER_0,SPEAKER_1,True,1.701,0.5,14,2,4,1,0.9822500000000001,0.994,0.678,True,False,담임 선생님이랑 잘 지내?,네.
3731,45,206535,207715,1180,1.18,SPEAKER_0,SPEAKER_1,True,1.781,1.94,16,16,5,4,0.9988,0.999,0.9924999999999999,True,False,커서 어떤 사람이 되고 싶어?,커서 사진작가가 되고 싶어요.
3731,58,266565,267745,1180,1.18,SPEAKER_0,SPEAKER_1,True,2.341,2.1,22,17,6,4,0.9635,0.97,0.985,True,False,핸드폰을 오래 하면 어른들이 뭐라고 해?,다들 바구니에 제출하자고 해요.
3731,86,416900,418080,1180,1.18,SPEAKER_0,SPEAKER_1,True,3.861,0.5,36,4,10,1,0.9944,0.994,0.992,True,False,인터넷이나 휴대폰을 통해 알게 된 사람을 실제로 만난 적이 있어?,아니요.
3731,96,459055,460235,1180,1.18,SPEAKER_0,SPEAKER_1,True,4.66,2.26,43,18,12,5,0.9881666666666666,0.979,0.9728,True,False,그런 생각들 때문에 괴로워서 스스로 해치거나 죽고 싶다는 생각을 한 적 있어?,죽고 싶다고 생각한 적은 없는데.
3731,106,511415,512595,1180,1.18,SPEAKER_1,SPEAKER_0,True,1.38,3.861,9,42,3,12,0.9986666666666667,0.998,0.984,False,True,평소에는 그런 거,없어요. 어른들한테 말 안 하고서 오랫동안 집 밖으로 나와 있었던 적 있어?
5058,5,17075,18255,1180,1.18,SPEAKER_1,SPEAKER_0,True,0.98,0.9,9,7,3,2,0.9963333333333333,0.996,1.0,False,True,몸이 막 아파요.,어디가 아파?
5058,26,100375,101555,1180,1.18,SPEAKER_1,SPEAKER_0,True,3.06,8.355,25,61,7,18,0.9962857142857143,0.991,0.9722222222222222,False,True,원래 아빠는 엄청 웃긴데 지금은 맨날 울어요.,아빠는 왜 그런 표정을 하는 거 같아? 제가 다친 게 속상한가 봐요. 아빠가 그런 표정을 지으면 기분이 어때?
5058,32,125495,126675,1180,1.18,SPEAKER_1,SPEAKER_0,True,1.7,2.34,16,22,5,6,0.969,0.992,0.993,False,True,제가 다쳐서 그런 거 같아요.,엄마가 그런 표정을 지으면 기분이 어때?
5058,46,169065,170245,1180,1.18,SPEAKER_1,SPEAKER_0,True,2.5,3.781,23,32,6,9,0.9513333333333334,0.751,0.9783333333333333,False,True,엄마랑 아빠가 너무 슬퍼하는 게 걱정이에요,이 고민 때문에 일상에서 불편함을 겪거나 힘든 적이 있어?
5058,91,358880,360060,1180,1.18,SPEAKER_1,SPEAKER_0,True,0.5,2.34,4,23,1,5,1.0,1.0,0.9662,False,True,없어요.,아저씨가 너를 사진이나 동영상으로 찍었어?
0018,39,150966,152145,1179,1.179,SPEAKER_1,SPEAKER_0,True,2.341,1.86,15,12,4,3,0.763,0.634,0.8683333333333333,False,True,아뇨. 똑같이 대해 주세요.,형제자매는 몇 명이야?
0018,88,351700,352879,1179,1.179,SPEAKER_0,SPEAKER_1,True,5.781,3.701,38,28,11,9,0.982909090909091,0.983,0.9594444444444444,True,False,평상시에 힘들어서 죽고 싶은 생각이나 너의 몸을 상처 낸 적이 있니?,공부 때문에 죽고 싶은 생각을 해 본 적이 있어요.
0216,38,178015,179194,1179,1.179,SPEAKER_0,SPEAKER_1,True,2.5,1.781,22,16,7,4,0.7581428571428571,0.567,0.84875,False,False,담임 선생님은 어때? 좋은 것 같아? 네,담임 선생님은 착해서 좋아요.
3316,25,75576,76755,1179,1.179,SPEAKER_1,SPEAKER_0,True,0.981,1.861,9,18,2,6,0.99,0.98,0.9348333333333333,False,True,차가운 표정이요.,왜 그런 표정을 짓는 거 같아요?
3316,29,86561,87740,1179,1.179,SPEAKER_1,SPEAKER_0,True,0.981,1.861,9,18,2,5,0.8835,1.0,0.9734,False,True,"아니요, 없어요.",친구들이랑 주로 뭐 하고 놀아요?
3731,33,157935,159114,1179,1.179,SPEAKER_0,SPEAKER_1,True,1.94,2.901,17,24,5,6,0.9666,0.997,0.9415,True,False,담임 선생님의 어떤 점이 좋아?,항상 제가 잘 지내는지 물어봐주고 예뻐해줘요
5058,80,305805,306979,1174,1.174,SPEAKER_0,SPEAKER_1,True,1.3,2.101,13,22,4,6,0.999,1.0,0.9493333333333334,True,False,이런 일이 자주 있었어?,아니요. 그 아저씨는 그날 처음 봤어요.
5058,8,23555,24720,1165,1.165,SPEAKER_0,SPEAKER_1,True,0.98,3.22,8,27,2,7,0.9995,0.999,0.9967142857142857,True,False,얼마나 다쳤어?,다리 사이가 빨갛게 부어서 조금만 걸어도 아파요.
2674,22,118710,119865,1155,1.155,SPEAKER_0,SPEAKER_1,True,2.5,2.9,21,14,6,4,0.99,0.996,0.995,True,False,아침에 일어났을 때 몸 상태는 어때요?,아침에는 몸 상태 좋아요.
5058,12,38340,39495,1155,1.155,SPEAKER_0,SPEAKER_1,True,1.54,1.46,14,15,5,4,0.9866,0.998,0.9705,True,False,평소에 뭘 할 때 즐거워?,원래 게임하는 거 좋아하는데
3731,2,12660,13805,1145,1.145,SPEAKER_0,SPEAKER_1,True,1.62,1.62,14,17,5,5,0.9658,0.982,0.9534,True,True,평소에 뭘 할 때 즐거워?,선생님은 이런 게 왜 궁금해요?
5058,37,141310,142455,1145,1.145,SPEAKER_0,SPEAKER_1,True,1.86,0.66,17,6,5,2,0.9886,0.956,0.9915,True,False,제일 친한 친구들은 몇 명이야?,네 명이요.
1354,47,200955,202099,1144,1.144,SPEAKER_1,SPEAKER_0,True,0.501,3.461,4,37,1,11,0.457,0.457,0.9431818181818182,False,True,아니요.,아니야? 어른들이 갑자기 말도 없이 집 나가서 안 들어온 적 있어?
0184,94,452230,453370,1140,1.14,SPEAKER_0,SPEAKER_1,True,3.7,2.86,27,13,7,4,0.9967142857142857,0.996,0.999,True,False,부모님이나 선생님 때문에 화나거나 슬픈 적 있어?,딱히 없었던 것 같아요.
2674,20,108630,109770,1140,1.14,SPEAKER_0,SPEAKER_1,True,2.5,3.82,25,23,8,7,0.992,0.979,0.9732857142857143,True,False,우리 친구는 몇 시에 자고 몇 시에 일어나요?,저는 열두 시에 자고 여덟 시에 일어나요.
3242,10,63441,64580,1139,1.139,SPEAKER_0,SPEAKER_1,True,2.541,4.02,14,31,4,9,0.96825,0.999,0.9787777777777777,True,False,무엇을 할 때가 즐거워요?,저 원래는 항상 즐거웠는데 이젠 모든 게 즐겁지 않아요.
1354,26,114395,115530,1135,1.135,SPEAKER_0,SPEAKER_1,True,1.3,0.9,12,7,4,2,0.9984999999999999,0.999,0.709,True,False,그럴 때 기분이 어때?,저도 좋아요.
5058,98,382985,384120,1135,1.135,SPEAKER_0,SPEAKER_1,True,2.5,4.66,22,39,6,10,0.9984999999999999,0.995,0.981,True,False,나를 힘들거나 지치게 하는 생각이 있어?,다리는 약 바르면 나아지는데 엄마랑 아빠가 너무 많이 울어서 속상해요.
3316,37,110866,112000,1134,1.134,SPEAKER_1,SPEAKER_0,True,1.621,3.06,15,31,4,9,0.99725,0.992,0.9617777777777777,False,True,친구들이 안 놀아주는 거요.,걱정 때문에 불편한 느낌이 일주일에 몇 번 정도 들어요?
3316,91,309176,310310,1134,1.134,SPEAKER_0,SPEAKER_1,True,3.301,0.5,36,4,10,1,0.9677,1.0,0.988,True,False,생각하고 싶지 않은데도 자꾸 안 좋은 기억이 떠오른 적이 있나요?,아니요.
2637,81,368290,369405,1115,1.115,SPEAKER_0,SPEAKER_1,True,2.58,2.021,16,16,5,4,0.9402,0.718,0.8505,True,False,혼날 때는 주로 어떻게 혼나?,잘못한 거로 반성문 쓰기예요.
3242,62,362890,364005,1115,1.115,SPEAKER_0,SPEAKER_1,True,3.06,0.5,26,4,8,1,0.991375,0.999,0.975,True,False,배가 고픈데 먹을 게 없어서 굶은 적이 있나요?,아니요.
3316,40,123220,124335,1115,1.115,SPEAKER_0,SPEAKER_1,True,1.46,1.141,13,11,4,3,0.9,0.988,1.0,True,False,요즘 행복한 거 같아요?,요즘 잘 모르겠어요.
3731,23,108775,109890,1115,1.115,SPEAKER_0,SPEAKER_1,True,2.82,2.26,23,18,6,5,0.9986666666666667,0.998,0.9696,True,False,평상시에 센터 선생님은 어떤 표정을 지어?,항상 웃어주고 즐거운 것 같아요.
3731,88,423540,424655,1115,1.115,SPEAKER_0,SPEAKER_1,True,3.7,0.5,37,4,10,1,0.9877,0.999,0.994,True,False,내 몸을 사진으로 찍어서 보내주면 돈을 주겠다고 한 사람이 있었어?,아니요.
5058,45,165451,166565,1114,1.114,SPEAKER_0,SPEAKER_1,True,2.021,2.5,17,23,5,6,0.9716,0.86,0.9513333333333334,True,False,요즘 제일 큰 고민거리가 뭐야?,엄마랑 아빠가 너무 슬퍼하는 게 걱정이에요
0004,26,113510,114610,1100,1.1,SPEAKER_1,SPEAKER_0,True,3.825,0.5,28,3,7,1,0.9832857142857143,0.981,0.994,False,False,엄마는 잘 모르겠어요. 저한테 별로 관심이 없어요.,관심이
0006,22,102595,103695,1100,1.1,SPEAKER_0,SPEAKER_1,True,3.62,0.9,20,8,5,2,0.9996,0.999,0.9995,True,False,아침에 일어나면 몸 상태는 어떤가요?,몸이 힘들어요.
0018,34,132140,133240,1100,1.1,SPEAKER_0,SPEAKER_1,True,1.22,3.22,9,16,2,4,0.9955,0.993,0.84275,True,False,할머니는 어떠셔?,할머니는 저에게 잘 해주세요.
0018,46,175185,176285,1100,1.1,SPEAKER_0,SPEAKER_1,True,3.22,2.82,20,21,5,6,0.9666,0.987,0.8896666666666667,True,False,그럼 아버지는 동생하고 차발을 하셔?,"네, 동생을 더 예뻐하시는 것 같아요."
0018,52,198135,199235,1100,1.1,SPEAKER_0,SPEAKER_1,True,1.301,3.06,10,21,3,6,0.9936666666666667,0.988,0.9161666666666667,True,False,싫은 이유가 뭐야?,수업 시간에 딴짓 한다고 많이 혼나요.
0018,59,229185,230285,1100,1.1,SPEAKER_1,SPEAKER_0,True,3.3,1.7,23,13,6,4,0.9726666666666667,0.989,0.99925,False,True,"네, 힘들어요. 학교 다니고 싶지 않아요.",그런 생각이 자주 들어?
0018,60,231985,233085,1100,1.1,SPEAKER_0,SPEAKER_1,True,1.7,1.38,13,11,4,3,0.99925,1.0,0.9673333333333334,True,False,그런 생각이 자주 들어?,"네, 항상 힘들어요."
0018,83,320670,321770,1100,1.1,SPEAKER_1,SPEAKER_0,True,1.46,13.035,12,91,3,25,0.9996666666666667,0.999,0.96212,False,True,때리는 사람은 없어요.,내가 원하지 않는데도 누군가가 내 몸을 만지거나 보여달라고 한 적 있어? 그런 적은 없어요. 집에서 어른들끼리 소리 지르면서 싸우는 걸 듣거나 듣거나 본 적 있니?
3316,12,34880,35980,1100,1.1,SPEAKER_0,SPEAKER_1,True,1.46,1.3,15,13,4,3,0.99675,0.994,0.9986666666666667,True,False,무엇 때문에 짜증이 났어요?,신발 말리기 힘들어서요.
3316,14,41215,42315,1100,1.1,SPEAKER_0,SPEAKER_1,True,2.34,1.7,27,16,8,4,0.976125,0.993,0.957,True,False,평소에 짜증이 나면 어떻게 할 때 마음이 풀려요?,제가 좋아하는 만화책 읽어요.
3316,24,73495,74595,1100,1.1,SPEAKER_0,SPEAKER_1,True,2.58,0.981,24,9,6,2,0.8528333333333333,0.852,0.99,True,False,평소에 시서 선생님들은 어떤 표정을 지어요?,차가운 표정이요.
3316,28,84480,85580,1100,1.1,SPEAKER_0,SPEAKER_1,True,1.3,0.981,10,9,2,2,0.937,0.999,0.8835,True,False,형제자매가 있나요?,"아니요, 없어요."
3316,43,131315,132415,1100,1.1,SPEAKER_1,SPEAKER_0,True,2.5,1.78,22,17,7,5,0.9828571428571429,1.0,0.9996,False,True,요즘 볼 만한 만화책도 없고 좀 그래요.,커서 어떤 사람이 되고 싶어요?
3316,73,238365,239465,1100,1.1,SPEAKER_1,SPEAKER_0,True,0.5,1.701,4,18,1,5,0.99,0.99,0.9726,False,True,아니요.,주로 혼날 때를 어떻게 혼나나요?
3731,17,85070,86170,1100,1.1,SPEAKER_1,SPEAKER_0,True,4.341,2.1,37,21,10,7,0.9444,0.999,0.9942857142857143,False,True,지금은 같이 안 살지만 아빠가 조용히 쳐다보면 무서웠던 거 같아요.,아빠는 왜 그런 표정을 하는 거 같아?
3731,49,225020,226120,1100,1.1,SPEAKER_0,SPEAKER_1,True,1.88,0.98,13,9,3,2,0.966,0.906,0.997,True,False,돌봐주는 어른은 누구야?,센터 선생님이요.
3731,67,310200,311300,1100,1.1,SPEAKER_1,SPEAKER_0,True,0.501,1.86,4,16,1,4,0.799,0.799,0.9844999999999999,False,True,아니요.,마음이 힘들면 누구한테 말해?
5058,11,35700,36800,1100,1.1,SPEAKER_1,SPEAKER_0,True,4.02,1.54,25,14,6,5,0.9613333333333334,0.998,0.9866,False,True,네. 병원에서 치료받고 하루 병원에서 잤어요.,평소에 뭘 할 때 즐거워?
5058,25,96215,97315,1100,1.1,SPEAKER_0,SPEAKER_1,True,2.18,3.06,19,25,5,7,0.998,0.992,0.9962857142857143,True,False,평상시에 아빠는 어떤 표정을 지어?,원래 아빠는 엄청 웃긴데 지금은 맨날 울어요.
5058,27,109910,111010,1100,1.1,SPEAKER_0,SPEAKER_1,True,8.355,0.5,61,5,18,1,0.9722222222222222,0.997,0.978,True,False,아빠는 왜 그런 표정을 하는 거 같아? 제가 다친 게 속상한가 봐요. 아빠가 그런 표정을 지으면 기분이 어때?,미안해요.
5058,31,122695,123795,1100,1.1,SPEAKER_0,SPEAKER_1,True,2.02,1.7,21,16,7,5,0.9758571428571429,0.991,0.969,True,False,엄마는 왜 그런 표정을 하는 거 같아?,제가 다쳐서 그런 거 같아요.
5058,35,136590,137690,1100,1.1,SPEAKER_0,SPEAKER_1,True,1.381,0.5,9,4,2,1,0.923,0.985,0.984,True,False,형제자매가 있어?,없어요.
5058,62,236020,237120,1100,1.1,SPEAKER_1,SPEAKER_0,True,0.5,9.975,4,82,1,24,0.991,0.991,0.9494583333333333,False,True,아니요.,운동회나 창간 수업 또는 학부모 상담 같은 학교 행사가 있으면 어른들이 잘 오는 편이야? 네. 하루에 컴퓨터나 핸드폰을 몇 시간 동안 쓸 수 있어?
5058,81,309080,310180,1100,1.1,SPEAKER_1,SPEAKER_0,True,2.101,1.14,22,10,6,3,0.9493333333333334,0.995,1.0,False,True,아니요. 그 아저씨는 그날 처음 봤어요.,무슨 일이 있었어?
5069,73,391515,392615,1100,1.1,SPEAKER_1,SPEAKER_0,True,3.941,0.5,25,4,8,1,0.993875,0.996,0.993,False,False,엄마가 청소를 안 해서요. 제 말에 신경도 안,쓰고요.
0018,16,61530,62629,1099,1.099,SPEAKER_0,SPEAKER_1,True,4.1,2.821,32,18,10,4,0.9859,0.994,0.9275,True,False,평소에 짜증이 나 화가 났을 때 어떻게 하면 마음이 풀려?,할머니랑 이야기하면 조금 풀려요.
0018,56,213151,214250,1099,1.099,SPEAKER_0,SPEAKER_1,True,1.861,5.86,19,35,6,10,0.9548333333333333,0.975,0.9622999999999999,True,False,공부하는 게 왜 그렇게 싫은 거야?,저는 머리가 나쁜 것 같아요. 공부가 재미없고 이해가 안 가요.
0018,68,260055,261154,1099,1.099,SPEAKER_0,SPEAKER_1,True,2.58,1.221,18,11,7,3,0.9865714285714285,0.991,0.9413333333333334,True,False,되고 싶은 게 왜 없는 것 같아?,공부를 못 하니까요.
1354,41,175170,176269,1099,1.099,SPEAKER_1,SPEAKER_0,True,2.101,1.861,9,16,2,5,0.7929999999999999,0.867,0.9992,False,True,올라갔다가 좋아요,커서 어떤 사람이 되고 싶어?
1354,48,205560,206659,1099,1.099,SPEAKER_0,SPEAKER_1,True,3.461,0.501,37,4,11,1,0.9431818181818182,0.997,0.596,True,True,아니야? 어른들이 갑자기 말도 없이 집 나가서 안 들어온 적 있어?,아니야?
1354,90,387725,388824,1099,1.099,SPEAKER_1,SPEAKER_0,True,0.501,3.541,4,31,1,9,0.866,0.866,0.9587777777777777,False,True,없어요.,부모님 허락 없이 집에서 오랫동안 나와 있었던 적 있어?
3316,0,3700,4799,1099,1.099,SPEAKER_0,SPEAKER_1,True,1.46,0.501,12,5,3,1,0.872,0.997,0.968,True,False,최근에 건강은 어때요?,건강이요.
3316,41,125476,126575,1099,1.099,SPEAKER_1,SPEAKER_0,True,1.141,1.3,11,11,3,3,1.0,1.0,0.9996666666666667,False,True,요즘 잘 모르겠어요.,행복한 일이 없나요?
3731,25,115590,116689,1099,1.099,SPEAKER_0,SPEAKER_1,True,2.66,2.581,25,23,8,7,0.99525,0.994,0.9848571428571429,True,False,센터 선생님은 왜 그런 표정을 하는 것 같아?,저희랑 같이 있는 걸 좋아하는 것 같아요.
3731,26,119270,120369,1099,1.099,SPEAKER_1,SPEAKER_0,True,2.581,5.606,23,43,7,11,0.9848571428571429,0.982,0.9724545454545455,False,False,저희랑 같이 있는 걸 좋아하는 것 같아요.,센터 선생님이 그런 표정을 지으면 기분이 어때? 저도 같이 웃어주고 싶어져요.
3731,52,233595,234694,1099,1.099,SPEAKER_1,SPEAKER_0,True,0.5,3.221,4,32,1,9,0.992,0.992,0.9786666666666667,False,True,아니요.,몸이 아플 때 어른들이 병원에 데려가지 않았던 적이 있어?
3731,64,294785,295884,1099,1.099,SPEAKER_0,SPEAKER_1,True,4.021,6.901,43,57,12,16,0.9620833333333333,0.964,0.9780625000000001,True,False,어른들이 무조건 안 된다고 하거나 하기 싫은데도 무조건 하라고 할 때가 있어?,우리 집은 이상한 규칙이 많았어요. 침대에서는 옷을 입으면 안 되고 잠도 꼭 같이 자야 한다고 했어요.
5058,9,27940,29039,1099,1.099,SPEAKER_1,SPEAKER_0,True,3.22,1.941,27,12,7,3,0.9967142857142857,0.999,0.8283333333333334,False,True,다리 사이가 빨갛게 부어서 조금만 걸어도 아파요.,병원에서 치료 받았어?
5058,39,146076,147175,1099,1.099,SPEAKER_0,SPEAKER_1,True,1.541,2.98,14,27,3,8,0.9373333333333334,0.992,0.961875,True,False,친구들이랑 뭐하면서 놀아?,각자 제일 좋아하는 게임기 들고 와서 같이 해요.
5058,47,174026,175125,1099,1.099,SPEAKER_0,SPEAKER_1,True,3.781,4.181,32,31,9,9,0.9783333333333333,0.989,0.9546666666666667,True,False,이 고민 때문에 일상에서 불편함을 겪거나 힘든 적이 있어?,저는 안 불편한데 눈도 빨갛고 너무 울어서 힘들어 보여요
5058,60,225136,226235,1099,1.099,SPEAKER_1,SPEAKER_0,True,0.501,8.825,4,69,1,20,0.789,0.789,0.99225,False,True,아니요.,몸이 아플 때 어른들이 병원에 데려가지 않았던 적이 있어? 아니요. 깨끗하지 않은 옷이나 안 맞는 옷을 입고 다닌 적 있어?
5058,82,311320,312419,1099,1.099,SPEAKER_0,SPEAKER_1,True,1.14,3.621,10,31,3,7,1.0,1.0,0.9767142857142858,True,False,무슨 일이 있었어?,학교에 걸어가는데 어떤 아저씨가 잠깐 도와달라고 했어요.
5058,55,204935,206030,1095,1.095,SPEAKER_0,SPEAKER_1,True,1.86,2.66,16,25,5,7,1.0,1.0,0.9582857142857143,True,False,커서 어떤 사람이 되고 싶어?,게임 영상을 올리는 유튜버가 되고 싶어요. 왜
3316,50,152110,153185,1075,1.075,SPEAKER_0,SPEAKER_1,True,2.66,1.14,27,8,8,2,0.975,0.999,0.9984999999999999,True,False,학교나 학원 끝나고 집에 가면 항상 누가 있나요?,선생님 있어요.
0002,58,276005,277065,1060,1.06,SPEAKER_0,SPEAKER_1,True,3.3,3.26,29,19,9,5,0.9985555555555555,0.999,0.905,True,False,아빠가 그럴 때 집에 나와서 있어야 했던 적 있어요?,아니요. 따로 나갔던 적은 없어요.
2076,4,18625,19685,1060,1.06,SPEAKER_0,SPEAKER_1,True,0.74,2.06,7,9,2,2,0.9279999999999999,0.874,0.9159999999999999,True,False,왜 다쳤어요?,학원에서 맞았어요
2637,54,244025,245069,1044,1.044,SPEAKER_0,SPEAKER_1,True,2.98,2.021,23,7,6,2,0.993,0.971,0.9410000000000001,True,False,집에서 주로 나를 돌봐주는 어른은 누구야?,주로는 엄마요
5058,48,179306,180340,1034,1.034,SPEAKER_1,SPEAKER_0,True,4.181,2.34,31,23,9,8,0.9546666666666667,0.601,0.926,False,True,저는 안 불편한데 눈도 빨갛고 너무 울어서 힘들어 보여요,이 고민은 일주일에 몇 번 하는 거 같아?
5058,90,357355,358380,1025,1.025,SPEAKER_0,SPEAKER_1,True,4.02,0.5,36,4,8,1,0.965625,0.987,1.0,True,False,니가 싫다고 하는데도 계속해서 연락하거나 따라다니는 사람이 있어?,없어요.
0018,4,14465,15485,1020,1.02,SPEAKER_0,SPEAKER_1,True,1.38,2.98,10,25,4,7,0.8947499999999999,0.995,0.9714285714285714,True,False,왜 아픈 거 같아?,공부 때문에 스트레스 받아서 그런 거 같아요.
0018,15,56410,57430,1020,1.02,SPEAKER_1,SPEAKER_0,True,4.34,4.1,25,32,7,10,0.8715714285714286,0.932,0.9859,False,True,매일 영어학원 수학학원 다니는 게 짜증 나요.,평소에 짜증이 나 화가 났을 때 어떻게 하면 마음이 풀려?
0018,30,119075,120095,1020,1.02,SPEAKER_0,SPEAKER_1,True,1.46,2.26,10,17,3,3,0.992,0.999,0.9926666666666667,True,False,엄마 표정은 어때?,엄마는 교통사고로 돌아가셨어요.
0018,43,162240,163260,1020,1.02,SPEAKER_1,SPEAKER_0,True,1.781,1.54,16,12,4,5,0.975,0.977,0.9922,False,True,동생하고는 사이가 안 좋아요.,왜 안 좋은 것 같아?
0018,85,336325,337345,1020,1.02,SPEAKER_1,SPEAKER_0,True,0.82,4.1,8,31,2,8,0.509,0.497,0.98525,False,True,아니요 없어요.,친구들이 나를 자주 놀리거나 괴롭힌다고 느낀 적이 있니?
1354,85,373690,374710,1020,1.02,SPEAKER_0,SPEAKER_1,True,8.905,1.22,65,14,17,4,0.8485294117647059,0.998,0.75475,True,False,아니야. 어떨 때 마음이 복잡하거나 힘들어? 가끔 걱정돼야 돼. 스스로 외치고 싶다거나 죽고 싶다고 생각한 적 있어?,아니요. 그런 건 없어요.
3316,94,315530,316550,1020,1.02,SPEAKER_1,SPEAKER_0,True,0.5,2.42,4,22,1,6,0.985,0.985,0.9943333333333333,False,True,아니요.,친한 친구 중에 가출한 친구가 있을까요?
3731,43,199330,200350,1020,1.02,SPEAKER_0,SPEAKER_1,True,1.62,2.9,15,27,5,9,0.9958,0.997,0.9796666666666667,True,False,어떤 점이 행복한 것 같아?,다시 가라고 할까 봐 무서운 것 빼고 다 좋아요.
5058,14,44875,45895,1020,1.02,SPEAKER_0,SPEAKER_1,True,3.54,3.94,26,37,9,9,0.9555555555555556,0.996,0.9946666666666667,True,False,지금은 잘 안 해요. 왜 갑자기 안 하게 됐어?,엄마랑 아빠가 저만 보면 매일 울어서 재미있어지고 싶지 않아졌어요.
5058,20,75175,76195,1020,1.02,SPEAKER_0,SPEAKER_1,True,1.7,2.18,16,25,6,7,0.9966666666666667,0.998,0.9012857142857142,False,False,평소에 몇 시에 자고 몇 시에,일어나? 열한 시에 자고 여덟 시에 일어나요.
5058,68,262630,263650,1020,1.02,SPEAKER_1,SPEAKER_0,True,1.06,4.181,9,43,3,12,0.9583333333333334,0.999,0.9824166666666667,False,True,한 번도 없어요.,어른들이 무조건 안 된다고 하거나 하기 싫은데도 무조건 하라고 할 때가 있어?
5058,71,274325,275345,1020,1.02,SPEAKER_0,SPEAKER_1,True,4.26,0.5,42,4,11,1,0.9961818181818182,0.997,0.991,True,False,어른들이 집에서 쫓아내겠다고 말하거나 어디에 가두고 못 나오게 한 적 있어?,아니요.
5058,83,316040,317060,1020,1.02,SPEAKER_1,SPEAKER_0,True,3.621,1.94,31,16,7,4,0.9767142857142858,0.997,0.99825,False,True,학교에 걸어가는데 어떤 아저씨가 잠깐 도와달라고 했어요.,아저씨가 뭘 도와달라고 했어?
5058,102,401035,402055,1020,1.02,SPEAKER_0,SPEAKER_1,True,1.86,0.98,15,7,6,3,0.9975,0.994,0.9936666666666667,True,False,요즘 잘 때 무슨 꿈을 꿔?,꿈 안 꿔요.
3731,18,88270,89289,1019,1.019,SPEAKER_0,SPEAKER_1,True,2.1,0.821,21,8,7,2,0.9942857142857143,0.993,0.999,True,False,아빠는 왜 그런 표정을 하는 거 같아?,잘 모르겠어요.
3731,102,496680,497699,1019,1.019,SPEAKER_1,SPEAKER_0,True,2.02,1.781,17,16,5,5,0.998,0.992,0.998,False,True,진흙에 빠지는 꿈을 자주 꿔요.,꿈을 꾸고 나면 기분이 어때?
5058,4,15076,16095,1019,1.019,SPEAKER_0,SPEAKER_1,True,2.181,0.98,19,9,5,3,0.9804,0.998,0.9963333333333333,True,False,최근에 다치거나 멍들은 곳이 있어?,몸이 막 아파요.
0018,62,237666,238660,994,0.994,SPEAKER_0,SPEAKER_1,True,2.021,0.5,13,5,3,1,0.9966666666666667,0.993,0.998,True,False,요즘 행복하다고 느끼니?,불행하다고
0018,51,195850,196834,984,0.984,SPEAKER_1,SPEAKER_0,True,1.62,1.301,13,10,3,3,0.9403333333333334,0.934,0.9936666666666667,False,True,담임 선생님은 싫어해요.,싫은 이유가 뭐야?
1136,14,79925,80905,980,0.98,SPEAKER_0,SPEAKER_1,True,3.141,3.02,28,18,8,6,0.97425,0.985,0.8233333333333334,True,False,평소에 잠이 들기 힘들거나 중간에 깨는 일이 있니?,아니요 잠은 푹 자는 것 같아요.
1354,11,51335,52315,980,0.98,SPEAKER_1,SPEAKER_0,True,3.261,2.82,18,25,4,8,0.79675,0.892,0.971,False,True,귀엽고 변화부치 키우기 재밌어요.,최근 일주일 동안 짜증이나 화가 난 적 있어?
3706,18,79430,80410,980,0.98,SPEAKER_0,SPEAKER_1,True,3.3,6.14,31,50,9,14,0.9935555555555555,0.965,0.9653571428571428,True,False,평소 짜증이나 화가 났을 때 어떻게 하면 마음이 풀려요?,일단 맞고 입에 넣은 후에 화장실에서 토해요. 그렇게 해도 마음이 안 풀리고 더 찝찝해요.
3706,52,224575,225555,980,0.98,SPEAKER_0,SPEAKER_1,True,1.78,2.38,17,12,5,4,0.9996,0.999,0.9944999999999999,True,False,커서 어떤 사람이 되고 싶어요?,하고 싶은 게 없어요.
0006,51,231880,232845,965,0.965,SPEAKER_1,SPEAKER_0,True,1.06,0.5,8,2,3,1,0.9963333333333333,0.999,0.999,False,False,세 번 넘게요.,요즘
3316,57,180850,181805,955,0.955,SPEAKER_1,SPEAKER_0,True,2.82,2.74,26,27,8,7,0.926,0.807,0.9727142857142858,False,True,네. 빨래 너무 가끔 말해서 옷에서 냄새 나요.,옷이나 신발 사이즈가 작아서 불편한 적이 있나요?
3731,14,65370,66325,955,0.955,SPEAKER_0,SPEAKER_1,True,2.9,8.42,28,69,8,18,0.982625,0.88,0.9926111111111111,True,False,평소에 잠이 안 오거나 중간에 일어나는 일이 있니?,센터 선생님이 제가 자기 전까지 엄청 몸을 뻣뻣하게 하면서 긴장한다고 했어요. 그리고 꿈을 꾸는 날이면 꼭 새벽에 일어나요.
3731,105,509080,510035,955,0.955,SPEAKER_0,SPEAKER_1,True,3.54,1.38,35,9,10,3,0.9944999999999999,0.984,0.9986666666666667,True,False,생각하고 싶지 않은데도 자꾸 안 좋은 기억이 떠오른 적이 있어?,평소에는 그런 거
0018,27,106190,107130,940,0.94,SPEAKER_1,SPEAKER_0,True,1.94,2.34,13,16,3,4,0.8846666666666667,0.665,0.9895,False,True,아버지는 무섭게 느껴져요,무섭게 느껴지는 이유가 뭐야?
0018,28,109470,110410,940,0.94,SPEAKER_0,SPEAKER_1,True,2.34,5.861,16,28,4,8,0.9895,0.963,0.92975,True,False,무섭게 느껴지는 이유가 뭐야?,아버지는 공부를 못 하면 화를 내고 잔소리가 심해요
0018,57,220110,221050,940,0.94,SPEAKER_1,SPEAKER_0,True,5.86,3.461,35,25,10,6,0.9622999999999999,0.897,0.9803333333333333,False,True,저는 머리가 나쁜 것 같아요. 공부가 재미없고 이해가 안 가요.,공부하는 것 때문에 생활이 불편하거나 힘드니?
0018,72,274690,275630,940,0.94,SPEAKER_0,SPEAKER_1,True,4.98,2.18,38,17,11,5,0.9777272727272727,0.968,0.9256,True,False,빨래가 되어 있지 않아서 더럽고 냄새나는 옷을 입어야 한 적이 있니?,할머니가 옷은 잘 깔아 주세요.
1112,16,102905,103845,940,0.94,SPEAKER_0,SPEAKER_2,True,3.395,3.38,20,11,6,3,0.9958333333333333,1.0,0.979,False,True,평소에 짜증이나 화가 났을 때 어떻게,하면 마음이 풀려요?
1112,17,107225,108165,940,0.94,SPEAKER_2,SPEAKER_1,True,3.38,1.06,11,10,3,3,0.979,0.939,0.9873333333333333,True,False,하면 마음이 풀려요?,드럼을 치러 가요.
1112,95,663095,664035,940,0.94,SPEAKER_0,SPEAKER_1,True,4.42,0.5,29,4,8,1,0.9745,0.846,0.892,True,False,누가 성적으로 소중한 부위를 아프게 한 적이 있나요?,아니요.
1354,50,212120,213060,940,0.94,SPEAKER_0,SPEAKER_1,True,3.461,0.5,35,4,10,1,0.9819,0.997,0.599,True,False,언니 아픈 곳이 있는데 어른들이 병원에 데려가지 않은 적 있어?,아니야.
2637,28,130015,130955,940,0.94,SPEAKER_0,SPEAKER_1,True,2.42,2.1,17,16,5,5,0.9964,0.991,0.9414,True,False,엄마는 어떤 표정을 자주 지어?,엄마도 웃는 표정 자주 해요.
3316,7,19735,20675,940,0.94,SPEAKER_1,SPEAKER_0,True,1.3,2.02,11,22,3,5,0.9993333333333333,1.0,0.9762,False,True,요즘에는 좀 그래요.,즐겁다고 느끼지 못한 것이 언제부터에요?
3316,42,127875,128815,940,0.94,SPEAKER_0,SPEAKER_1,True,1.3,2.5,11,22,3,7,0.9996666666666667,0.999,0.9828571428571429,True,False,행복한 일이 없나요?,요즘 볼 만한 만화책도 없고 좀 그래요.
3731,0,8020,8960,940,0.94,SPEAKER_0,SPEAKER_1,True,7.78,0.5,47,4,12,1,0.9665833333333333,0.976,0.99,True,False,최근에 어디 불편하거나 아픈 곳이 있어? 없어요. 최근에 다치거나 멍들은 곳이 있어?,없어요.
5058,6,19155,20095,940,0.94,SPEAKER_0,SPEAKER_1,True,0.9,1.22,7,11,2,3,1.0,1.0,0.994,True,False,어디가 아파?,다리 사이가 아파요.
5058,16,56730,57670,940,0.94,SPEAKER_0,SPEAKER_1,True,3.14,2.58,32,23,10,7,0.9882,0.993,0.996,True,False,최근 일주일 동안 크게 짜증이 났거나 화가 난 적이 있어?,삼 일 전에 만난 아저씨한테 화가 났어요.
5058,49,182680,183620,940,0.94,SPEAKER_0,SPEAKER_1,True,2.34,0.98,23,8,8,2,0.926,0.998,0.976,True,False,이 고민은 일주일에 몇 번 하는 거 같아?,매일 고민해요.
5058,64,249495,250435,940,0.94,SPEAKER_1,SPEAKER_0,True,1.62,2.26,14,22,5,6,0.919,0.954,0.9228333333333334,False,True,두 시간 조금 넘게 써요.,핸드폰을 오래 하면 어른들이 뭐라고 해?
5058,67,260630,261570,940,0.94,SPEAKER_0,SPEAKER_1,True,2.981,1.06,30,9,8,3,0.99575,0.997,0.9583333333333334,True,False,부모님이나 선생님 때문에 기분이 안 좋아진 적이 있어?,한 번도 없어요.
5058,70,269125,270065,940,0.94,SPEAKER_1,SPEAKER_0,True,0.5,4.26,4,42,1,11,0.99,0.99,0.9961818181818182,False,True,아니요.,어른들이 집에서 쫓아내겠다고 말하거나 어디에 가두고 못 나오게 한 적 있어?
5058,92,362400,363340,940,0.94,SPEAKER_0,SPEAKER_1,True,2.34,0.5,23,4,5,1,0.9662,0.998,0.979,True,False,아저씨가 너를 사진이나 동영상으로 찍었어?,아니요.
5058,106,418180,419120,940,0.94,SPEAKER_0,SPEAKER_1,True,3.701,0.5,37,4,11,1,0.984,0.997,0.902,True,False,부모님한테 말 안 하고서 오랫동안 집 밖으로 나와 있었던 적 있어?,아니요.
0018,77,297121,298060,939,0.939,SPEAKER_1,SPEAKER_0,True,0.501,4.66,4,30,1,8,0.943,0.943,0.987125,False,True,오세요.,부모님이나 선생님 때문에 슬프거나 화가 난 적이 있니?
1354,59,253996,254935,939,0.939,SPEAKER_0,SPEAKER_1,True,3.781,0.501,40,4,10,1,0.9433,0.997,0.683,True,False,없어요. 무언가를 억지로 하게 시키는 사람이나 못하게 하는 사람이 있어?,없어요.
3731,107,516456,517395,939,0.939,SPEAKER_0,SPEAKER_1,True,3.861,0.5,42,4,12,1,0.984,0.996,0.985,True,False,없어요. 어른들한테 말 안 하고서 오랫동안 집 밖으로 나와 있었던 적 있어?,아니요.
5058,56,208690,209629,939,0.939,SPEAKER_1,SPEAKER_0,True,2.66,1.381,25,11,7,3,0.9582857142857143,0.993,0.9993333333333333,False,True,게임 영상을 올리는 유튜버가 되고 싶어요. 왜,유튜버가 되고 싶어?
5058,21,78375,79310,935,0.935,SPEAKER_1,SPEAKER_0,True,2.18,2.1,25,18,7,5,0.9012857142857142,0.997,0.9986,False,True,일어나? 열한 시에 자고 여덟 시에 일어나요.,아침에 일어나면 몸 상태가 어때?
0018,41,156886,157819,933,0.933,SPEAKER_1,SPEAKER_0,True,1.701,1.781,13,13,4,3,0.9895,0.982,0.995,False,True,남동생이 한 명 있어요.,남동생과의 사이는 어때?
5058,33,129015,129930,915,0.915,SPEAKER_0,SPEAKER_1,True,2.34,0.5,22,5,6,1,0.993,0.995,0.938,True,False,엄마가 그런 표정을 지으면 기분이 어때?,미안해요.
3821,41,237140,238040,900,0.9,SPEAKER_0,SPEAKER_1,True,2.46,0.74,13,6,4,2,0.99825,0.997,0.99,True,False,주로 몇 명이랑 놀아요?,세 명이요.
5058,100,395100,395975,875,0.875,SPEAKER_0,SPEAKER_1,True,4.42,0.9,43,9,12,3,0.9538333333333333,0.997,0.994,True,False,그런 생각들 때문에 괴로워서 스스로 해치거나 죽고 싶다는 생각을 한 적 있어?,그런 적 없어요.
0006,147,683090,683955,865,0.865,SPEAKER_0,SPEAKER_1,True,7.3,0.901,56,5,14,2,0.994,0.997,0.9410000000000001,True,False,"아까 잠들기 힘들거나 중간에 깬 이유가 무섭거나 힘든 경험 때문인가요, 아니면 다른 기억 때문인가요?",엄마가 저
0018,25,98165,99025,860,0.86,SPEAKER_1,SPEAKER_0,True,1.7,3.941,12,27,4,7,0.992,0.993,0.9832857142857143,False,True,꿈은 잘 꾸지 않아요.,평상시에 부모님은 어떤 표정을 지우시는 것 같아?
0018,63,239160,240020,860,0.86,SPEAKER_1,SPEAKER_0,True,0.5,2.741,5,16,1,4,0.998,0.998,0.94825,False,True,불행하다고,느껴요. 왜 불행하다고 느껴?
3316,75,244925,245785,860,0.86,SPEAKER_1,SPEAKER_0,True,2.34,4.181,19,41,5,11,0.9784,0.999,0.9896363636363636,False,True,잘 혼내지도 않아요. 관심 없어서.,내가 원하지 않는데도 누군가가 내 몸을 만지거나 보여달라고 한 적 있어요?
3706,84,394820,395680,860,0.86,SPEAKER_0,SPEAKER_1,True,2.98,0.5,30,2,7,1,0.9165714285714286,0.992,0.995,True,False,어느 부위를 무엇으로 마셨나요? 자주 그렇게 때리나요?,저의
3706,85,396180,397040,860,0.86,SPEAKER_1,SPEAKER_0,True,0.5,6.981,2,58,1,16,0.995,0.995,0.938125,False,False,저의,"멱살을 잡아 일으켜 세워서 막 흔들고, 배를 주먹으로 막 때렸어요. 일주일에 한두 번은 맞는 거 같아요."
3731,32,155135,155995,860,0.86,SPEAKER_1,SPEAKER_0,True,0.5,1.94,2,17,1,5,0.678,0.678,0.9666,False,True,네.,담임 선생님의 어떤 점이 좋아?
5058,0,2900,3760,860,0.86,SPEAKER_0,SPEAKER_1,True,2.501,1.3,22,11,6,3,0.9986666666666667,0.995,0.9726666666666667,True,True,최근에 어디 불편하거나 아픈 곳이 있어?,어떻게 불편한 거요?
5058,22,81410,82270,860,0.86,SPEAKER_0,SPEAKER_1,True,2.1,0.98,18,9,5,2,0.9986,0.997,0.9924999999999999,True,False,아침에 일어나면 몸 상태가 어때?,평소랑 똑같아요.
5058,57,211010,211870,860,0.86,SPEAKER_0,SPEAKER_1,True,1.381,1.94,11,22,3,6,0.9993333333333333,1.0,0.9503333333333334,True,False,유튜버가 되고 싶어?,제가 게임 유튜브 보는 걸 좋아하거든요.
5058,72,275845,276705,860,0.86,SPEAKER_1,SPEAKER_0,True,0.5,1.86,4,16,1,4,0.991,0.991,0.99525,False,True,아니요.,마음이 힘들면 누구한테 말해?
0018,42,159600,160459,859,0.859,SPEAKER_0,SPEAKER_1,True,1.781,1.781,13,16,3,4,0.995,0.999,0.975,True,False,남동생과의 사이는 어때?,동생하고는 사이가 안 좋아요.
0018,64,242761,243620,859,0.859,SPEAKER_0,SPEAKER_1,True,2.741,4.58,16,32,4,9,0.94825,1.0,0.9552222222222222,True,False,느껴요. 왜 불행하다고 느껴?,머리가 나쁜 것 같은데 아버지가 공부 공부 얘기만 해서요.
2674,81,467680,468525,845,0.845,SPEAKER_0,SPEAKER_1,True,2.9,3.7,28,17,8,3,0.94925,0.675,0.9023333333333333,True,False,마음이 힘들 때 가족에게 내 마음을 이야기 하나요?,"아니요, 친구들이랑만 얘기해요."
5058,29,116390,117235,845,0.845,SPEAKER_0,SPEAKER_1,True,2.34,2.18,19,19,5,5,0.9994,1.0,0.9922,True,False,평상시에 엄마는 어떤 표정을 지어?,엄마도 평소랑 다르게 매일 울어요.
0018,55,210455,211290,835,0.835,SPEAKER_1,SPEAKER_0,True,2.82,1.861,21,19,6,6,0.9948333333333333,0.993,0.9548333333333333,False,True,공부하기 싫은데 매일 학원 가는 거요.,공부하는 게 왜 그렇게 싫은 거야?
0184,43,198020,198840,820,0.82,SPEAKER_1,SPEAKER_0,True,4.58,2.94,34,18,10,5,0.9572,1.0,0.9606,False,True,엄마는 저 말고도 우리의 가족한테 다 관심이 많은 거 같아요.,동생이 있다고 했는데 몇 명이야?
3316,23,70095,70915,820,0.82,SPEAKER_1,SPEAKER_0,True,1.82,2.58,8,24,2,6,0.6385000000000001,0.675,0.8528333333333333,False,True,아니요 없어요.,평소에 시서 선생님들은 어떤 표정을 지어요?
1354,88,381690,382504,814,0.814,SPEAKER_1,SPEAKER_0,True,0.9,3.141,7,29,3,7,0.801,0.862,0.9611428571428572,False,True,꿈 안 꿔요.,꿔요. 생각하기 싫은데도 자꾸 떠오르는 기억이 있어?
5058,94,370240,371044,804,0.804,SPEAKER_0,SPEAKER_1,True,3.86,0.501,37,4,10,1,0.985,0.998,0.916,True,False,집에서 어른들이 소리를 지르면서 싸우는 걸 보거나 들은 적이 있어?,아니요.
0018,87,345125,345919,794,0.794,SPEAKER_1,SPEAKER_0,True,2.42,5.781,19,38,5,11,0.9884,0.998,0.982909090909091,False,True,나한테 나쁘게 하는 친구는 없어요.,평상시에 힘들어서 죽고 싶은 생각이나 너의 몸을 상처 낸 적이 있니?
5058,69,267831,268625,794,0.794,SPEAKER_0,SPEAKER_1,True,4.181,0.5,43,4,12,1,0.9824166666666667,0.992,0.99,True,False,어른들이 무조건 안 된다고 하거나 하기 싫은데도 무조건 하라고 할 때가 있어?,아니요.
0018,13,48075,48855,780,0.78,SPEAKER_1,SPEAKER_0,True,2.1,2.02,10,16,3,5,0.9646666666666667,0.989,0.9816,False,True,짜증이 많이 나요.,무엇 때문에 짜증이 많이 나?
0018,80,308515,309295,780,0.78,SPEAKER_0,SPEAKER_1,True,2.58,4.5,21,25,7,7,0.9322857142857143,0.992,0.889,True,False,아버지 때문에 왜 화가 나는 거 같아?,학원 빠지고 공부 못 하면 무시하고 비난해요.
0018,91,365075,365855,780,0.78,SPEAKER_1,SPEAKER_0,True,2.9,3.38,23,23,7,8,0.9792857142857143,0.975,0.970125,False,True,무서워서 자살 시도는 해 본 적이 없어요.,잠잘 때 나쁜 꿈이나 자다가 깬 적 있니?
3731,24,112150,112930,780,0.78,SPEAKER_1,SPEAKER_0,True,2.26,2.66,18,25,5,8,0.9696,0.964,0.99525,False,True,항상 웃어주고 즐거운 것 같아요.,센터 선생님은 왜 그런 표정을 하는 것 같아?
5058,63,247095,247875,780,0.78,SPEAKER_0,SPEAKER_1,True,9.975,1.62,82,14,24,5,0.9494583333333333,0.997,0.919,True,False,운동회나 창간 수업 또는 학부모 상담 같은 학교 행사가 있으면 어른들이 잘 오는 편이야? 네. 하루에 컴퓨터나 핸드폰을 몇 시간 동안 쓸 수 있어?,두 시간 조금 넘게 써요.
5058,73,278565,279345,780,0.78,SPEAKER_0,SPEAKER_1,True,1.86,1.54,16,13,4,3,0.99525,0.983,0.998,True,False,마음이 힘들면 누구한테 말해?,엄마랑 아빠한테 말해요.
5058,75,285120,285900,780,0.78,SPEAKER_0,SPEAKER_1,True,1.7,0.5,14,4,4,1,0.99625,0.993,0.731,True,False,어른들한테 맞은 적 있어?,없어요.
0018,45,171200,171965,765,0.765,SPEAKER_1,SPEAKER_0,True,5.78,3.22,32,20,8,5,0.979,0.993,0.9666,False,True,동생은 뭐든 나보다 잘해서 아버지한테 칭찬을 많이 받아요.,그럼 아버지는 동생하고 차발을 하셔?
2637,37,164875,165630,755,0.755,SPEAKER_1,SPEAKER_0,True,3.06,2.9,25,12,6,4,0.995,0.999,0.9705,False,True,놀아? 수영하러 가거나 그림 그리면서 놀아요.,주로 몇 명이서 놀아?
3696,83,371531,372270,739,0.739,SPEAKER_1,SPEAKER_0,True,3.861,4.941,36,40,10,12,0.9976,0.999,0.9961666666666666,False,True,이제는 안 맞아요. 아빠 없어서 저 때리는 사람 없으니까 좋아요.,내가 원하지 않는데도 누가 내 몸을 만지거나 보여 달라고 한 적 있어요?
0018,79,305200,305935,735,0.735,SPEAKER_1,SPEAKER_0,True,1.78,2.58,14,21,4,7,0.99625,0.991,0.9322857142857143,False,True,아버지 때문에 화가 나요.,아버지 때문에 왜 화가 나는 거 같아?
3696,35,143362,144088,726,0.726,SPEAKER_0,SPEAKER_1,True,1.727,3.807,6,32,2,7,1.0,1.0,0.9638571428571429,False,False,어떤 이유로,그런가요? 수업 시간에 재미있는 활동을 많이 시도하셔서요.
0018,48,183825,184550,725,0.725,SPEAKER_0,SPEAKER_1,True,2.741,4.741,20,27,6,8,0.9568333333333333,0.995,0.876125,True,False,친구는 몇 명이고 주로 뭐하고 놀아?,친구는 두 명 정도 있고 주말에 교회에서 놀아요.
0004,28,120710,121410,700,0.7,SPEAKER_0,SPEAKER_1,True,3.7,1.861,15,19,5,4,0.8926,0.956,0.9325,True,False,없는 이유가 뭔 거 같아요?,모르겠어요. 집에 늦게 들어오세요.
0005,102,521165,521865,700,0.7,SPEAKER_1,SPEAKER_0,True,0.741,0.5,5,4,2,1,0.9995,0.999,0.969,False,False,그런 적은,없어요.
0006,41,187705,188405,700,0.7,SPEAKER_1,SPEAKER_0,True,0.5,1.14,4,11,1,3,0.999,0.999,0.9906666666666667,False,True,좋아요.,어떤 점이 좋은가요?
0018,38,147925,148625,700,0.7,SPEAKER_0,SPEAKER_1,True,2.1,2.341,13,15,3,4,0.984,0.993,0.763,True,False,동생하고는 차별을 하셔?,아뇨. 똑같이 대해 주세요.
0018,78,302720,303420,700,0.7,SPEAKER_0,SPEAKER_1,True,4.66,1.78,30,14,8,4,0.987125,0.976,0.99625,True,False,부모님이나 선생님 때문에 슬프거나 화가 난 적이 있니?,아버지 때문에 화가 나요.
0018,84,334805,335505,700,0.7,SPEAKER_0,SPEAKER_1,True,13.035,0.82,91,8,25,2,0.96212,0.993,0.509,True,False,내가 원하지 않는데도 누군가가 내 몸을 만지거나 보여달라고 한 적 있어? 그런 적은 없어요. 집에서 어른들끼리 소리 지르면서 싸우는 걸 듣거나 듣거나 본 적 있니?,아니요 없어요.
3316,65,210745,211445,700,0.7,SPEAKER_1,SPEAKER_0,True,1.7,5.06,7,53,2,15,1.0,1.0,0.9835333333333334,False,True,딱히 없어요.,내가 무엇을 하려고 하면 무조건 안 된다고 하거나 하기 싫은데도 무조건 하라고 할 때가 있나요?
5058,10,30980,31680,700,0.7,SPEAKER_0,SPEAKER_1,True,1.941,4.02,12,25,3,6,0.8283333333333334,0.87,0.9613333333333334,True,False,병원에서 치료 받았어?,네. 병원에서 치료받고 하루 병원에서 잤어요.
5058,43,157850,158550,700,0.7,SPEAKER_0,SPEAKER_1,True,1.94,2.66,17,24,5,6,0.9736,0.992,0.9753333333333334,True,False,담임 선생님의 어떤 점이 좋아?,목소리가 너무 예뻐요. 노래하는 것 같아요.
5058,96,378025,378724,699,0.699,SPEAKER_0,SPEAKER_1,True,3.62,0.501,33,4,8,1,0.988,0.995,0.977,True,False,친구들이 나를 지나치게 놀리거나 따돌린다고 느낀 적이 있어?,아니요.
0006,131,600530,601185,655,0.655,SPEAKER_0,SPEAKER_1,True,1.86,4.58,17,27,6,9,0.9988333333333334,0.997,0.9655555555555555,True,False,한 달에 몇 번 정도 그랬나요?,한 달까진 아니고 두 달에 한 번 정도 그랬어요.
2560,47,236110,236745,635,0.635,SPEAKER_1,SPEAKER_0,True,4.02,0.5,34,2,7,1,0.9675714285714285,0.96,0.992,False,False,힘들어요. 엄마가 제 마음을 조금만이라도 알아줬으면 좋겠어요.,요즘
0018,44,164800,165420,620,0.62,SPEAKER_0,SPEAKER_1,True,1.54,5.78,12,32,5,8,0.9922,0.996,0.979,True,False,왜 안 좋은 것 같아?,동생은 뭐든 나보다 잘해서 아버지한테 칭찬을 많이 받아요.
1136,79,438885,439505,620,0.62,SPEAKER_0,SPEAKER_1,True,2.9,2.18,19,9,5,3,0.971,0.928,0.9273333333333333,True,False,주변 어른들한테 맞은 경험이 있어?,맞은 적은 없어요
1354,29,124190,124810,620,0.62,SPEAKER_1,SPEAKER_0,True,0.5,1.62,4,13,1,4,0.706,0.706,0.89975,False,True,아니요.,친구들과 뭐 하고 놀아?
3242,84,488055,488675,620,0.62,SPEAKER_1,SPEAKER_0,True,0.82,2.18,7,21,2,6,0.9135,0.994,0.9991666666666666,False,True,주위 어른이나,가족들 중 나를 때렸던 사람이 있나요?
3316,46,139390,140010,620,0.62,SPEAKER_0,SPEAKER_1,True,1.38,1.62,14,10,4,2,0.99825,0.996,0.9079999999999999,True,False,해보고 싶은 일은 없어요?,글쎄요. 아직은요.
5058,59,224015,224635,620,0.62,SPEAKER_0,SPEAKER_1,True,7.905,0.501,57,4,16,1,0.9786875,0.998,0.789,True,False,평소에 나를 돌봐주는 어른은 누구야? 엄마랑 아빠요. 배가 고픈데 집에 먹을 게 없어서 굶은 적 있어?,아니요.
0018,49,189291,189910,619,0.619,SPEAKER_1,SPEAKER_0,True,4.741,3.06,27,21,8,5,0.876125,0.97,0.8402,False,True,친구는 두 명 정도 있고 주말에 교회에서 놀아요.,담임 선생님을 좋아하니 아님 싫어하니?
0018,82,318595,319210,615,0.615,SPEAKER_0,SPEAKER_1,True,2.98,1.46,22,12,7,3,0.989,0.995,0.9996666666666667,True,False,주위 어른들 중 나를 때린 사람이 있니?,때리는 사람은 없어요.
0004,4,18555,19115,560,0.56,SPEAKER_0,SPEAKER_1,True,2.621,2.12,10,14,3,3,0.9753333333333334,0.999,0.82,True,False,다친 적이 있어요?,누나가 찢어져서 꿰맸어요.
5069,38,187345,187890,545,0.545,SPEAKER_1,SPEAKER_0,True,2.1,0.98,17,7,6,2,0.9768333333333333,0.901,0.72,False,False,제일 친한 친구 한 명 있어요.,담임 선생님은
5036,95,451945,452485,540,0.54,SPEAKER_1,SPEAKER_0,True,0.5,3.3,4,26,1,7,0.57,0.57,0.9502857142857143,False,True,아니요.,우리 친구는 어떨 때 마음이 복잡하거나 힘들어?
1354,74,320160,320699,539,0.539,SPEAKER_0,SPEAKER_1,True,3.22,0.501,22,4,7,1,0.996,0.995,0.891,True,True,누가 소중한 부위를 아프게 한 적 있어?,아니야?
3821,109,679662,680201,539,0.539,SPEAKER_0,SPEAKER_1,True,2.021,2.501,15,9,5,2,0.9994,1.0,0.996,False,False,친한 친구 중 가출한 친구가,있나요? 없어요.
5058,65,252695,253234,539,0.539,SPEAKER_0,SPEAKER_1,True,2.26,1.861,22,16,6,4,0.9228333333333334,0.932,0.9895,True,False,핸드폰을 오래 하면 어른들이 뭐라고 해?,나머지는 다음에 보자고 해요.
5058,78,299565,300104,539,0.539,SPEAKER_0,SPEAKER_1,True,3.301,2.981,32,22,9,6,0.9435555555555556,0.995,0.9018333333333334,True,False,아. 누가 나를 만지려고 하거나 가까이 다가온 적이 있어?,네. 모르는 아저씨가 제 몸을 만졌어요.
2560,86,432165,432690,525,0.525,SPEAKER_0,SPEAKER_1,True,1.621,0.5,14,2,4,1,0.9615,0.881,1.0,True,False,혼날 때는 어떻게 혼나요?,말로
0005,69,344140,344639,499,0.499,SPEAKER_1,SPEAKER_0,True,7.125,5.021,40,43,11,10,0.9260909090909091,0.99,0.9826,False,True,그런 적은 없어요. 할아버지가 빨래를 해주시고 몸이 안 좋으실 때는 제가,하거든요. 인터넷이나 휴대폰을 가지고 노는 시간은 하루에 몇 시간 정도인가요?
1354,19,91381,91880,499,0.499,SPEAKER_1,SPEAKER_0,True,3.941,4.7,32,27,9,7,0.6868888888888889,0.996,0.8751428571428571,False,True,아빠가 밤낮 때까지 쭈비를 봐서 숟가락을 자는데 시간이 좀,말리는 거 같아요. 평소에 아빠는 어떤 표정이야?
3891,88,526970,527456,486,0.486,SPEAKER_1,SPEAKER_0,True,0.5,5.674,4,40,1,11,0.678,0.678,0.9486363636363636,False,True,없어요.,그런 적. 가족들끼리 소리를 지르면서 싸우는 걸 듣거나 본 적이 있어요?
3731,20,94030,94515,485,0.485,SPEAKER_0,SPEAKER_1,True,2.341,2.74,22,15,6,4,0.998,0.996,0.9495,True,False,아빠가 그런 표정을 지으면 기분이 어때?,무섭고 긴장됐던 것 같아요.
3731,48,222660,223140,480,0.48,SPEAKER_1,SPEAKER_0,True,8.385,1.88,57,13,14,3,0.9472857142857143,0.995,0.966,False,True,소풍날 제가 찍은 사진을 보고 선생님이 칭찬해줬어요. 친구들도 예뻐서 갖고 싶다고 했어요. 평소에 나를,돌봐주는 어른은 누구야?
0006,19,87492,87968,476,0.476,SPEAKER_1,SPEAKER_0,True,3.172,3.012,17,16,5,5,0.9904,1.0,0.9608,False,True,그냥 방에 들어가요. 평소에 몇,시에 자고 몇 시에 일어나요?
0004,12,47465,47925,460,0.46,SPEAKER_1,SPEAKER_0,True,0.5,3.461,4,29,1,9,0.998,0.998,0.9516666666666667,False,True,같아요.,최근 일주일 동안 짜증이 나 화가 날 때가 있었어요?
0216,48,220390,220850,460,0.46,SPEAKER_1,SPEAKER_0,True,1.22,2.1,12,11,3,4,0.9953333333333333,0.995,0.989,False,True,간호사가 되고 싶어요.,왜 되고 싶은 거야?
3731,76,359750,360210,460,0.46,SPEAKER_0,SPEAKER_1,True,7.115,3.7,50,32,14,10,0.9616428571428571,0.985,0.9992,True,False,선생님은 친구가 직접 알려주지 않으면 알 수 없거든 말해주고 싶은 만큼만 알려줄 수 있어?,매일 밤 아빠는 제가 자려고 누우면 꼭 제 몸을 만졌어요.
5058,61,235060,235520,460,0.46,SPEAKER_0,SPEAKER_1,True,8.825,0.5,69,4,20,1,0.99225,0.997,0.991,True,False,몸이 아플 때 어른들이 병원에 데려가지 않았던 적이 있어? 아니요. 깨끗하지 않은 옷이나 안 맞는 옷을 입고 다닌 적 있어?,아니요.
0005,19,95965,96424,459,0.459,SPEAKER_1,SPEAKER_0,True,1.541,0.501,13,4,3,1,0.959,0.996,0.907,False,False,너무 힘들어요. 뻐근하고,졸려요.
3242,26,151885,152344,459,0.459,SPEAKER_1,SPEAKER_0,True,0.98,1.141,8,12,2,3,0.881,0.955,0.9486666666666667,False,True,잠들기 힘들거나,잠자는 중간에 깨나요?
5058,42,155451,155910,459,0.459,SPEAKER_1,SPEAKER_0,True,0.501,1.94,2,17,1,5,0.877,0.877,0.9736,False,True,네.,담임 선생님의 어떤 점이 좋아?
1354,79,339655,340110,455,0.455,SPEAKER_0,SPEAKER_1,True,2.74,0.5,25,4,6,1,0.9485,0.996,0.465,True,True,내가 싫다는데도 계속 따라다니는 사람이 있어?,아니야?
3821,6,31480,31920,440,0.44,SPEAKER_0,SPEAKER_1,True,2.38,1.76,8,14,3,3,0.9903333333333333,0.973,0.9986666666666667,False,False,무엇을 할 때가,즐거워요? 잘 모르겠어요.
5069,68,367065,367505,440,0.44,SPEAKER_0,SPEAKER_1,True,5.88,2.98,38,28,11,9,0.8848181818181818,0.913,0.9228888888888889,True,False,어른들이 운동회나 창간 수업 학부모 상담 같은 학교 행사에 잘 오셔?,아니요 일 년 전부터는 엄마가 한 번도 안 왔어요.
2674,34,184095,184495,400,0.4,SPEAKER_1,SPEAKER_0,True,3.2,1.061,11,8,4,2,0.99775,0.998,0.997,False,True,형이 한 명 있어요.,사이가 어때요?
0002,16,70240,70620,380,0.38,SPEAKER_0,SPEAKER_1,True,8.74,0.5,57,6,16,1,0.9941875,1.0,0.934,False,False,아빠가 화 많이 내는 표정을 짓는다고 했는데 그런 이유가 있는 것 같아요? 그냥 자기가 화나면 저희한테,화풀이에요.
0379,29,168175,168555,380,0.38,SPEAKER_0,SPEAKER_1,True,0.74,0.82,7,9,2,3,0.992,0.988,0.9233333333333333,False,False,일이 힘들어서,그런 거 같아요.
2637,72,322215,322595,380,0.38,SPEAKER_1,SPEAKER_0,True,0.5,6.896,4,54,1,16,0.59,0.59,0.9596875,False,True,없어요.,친구가 무엇을 하려고 할 때 무조건 안 된다고 하거나 하기 싫은데도 무조건 하라고 할 때가 있어?
2674,30,163740,164120,380,0.38,SPEAKER_1,SPEAKER_0,True,0.5,3.7,4,29,1,7,0.952,0.952,0.9837142857142858,False,True,하고요.,할아버지가 무서운 표정을 지으면 친구 기분은 어때요?
3242,49,295875,296255,380,0.38,SPEAKER_1,SPEAKER_0,True,0.82,2.581,6,22,2,5,0.987,0.979,0.9954,False,True,그 걱정거리,때문에 평소 생활이 불편하거나 힘든가요?
3696,79,357435,357815,380,0.38,SPEAKER_0,SPEAKER_1,True,1.62,0.5,17,5,4,1,0.99875,0.999,1.0,True,False,어느 부위를 무엇으로 맞았나요?,손바닥으로
3706,2,15885,16265,380,0.38,SPEAKER_0,SPEAKER_1,True,8.606,0.82,65,9,17,3,0.9090588235294118,0.61,0.998,False,False,소화가 언제부터 안됐나요? 얼마나 자주 그래요? 거의 매일 안 돼요. 시설 선생님이 빨리 안 먹는다고 혼내서 붙어요.,한 달 넘었어요.
3706,59,264310,264690,380,0.38,SPEAKER_0,SPEAKER_1,True,5.38,0.5,37,4,10,1,0.962,1.0,0.98,True,False,어디 아픈 곳이 있는데 어른들이 병원에 데려가지 않은 적이 있나요?,아니요.
5058,13,40955,41335,380,0.38,SPEAKER_1,SPEAKER_0,True,1.46,3.54,15,26,4,9,0.9705,1.0,0.9555555555555556,False,True,원래 게임하는 거 좋아하는데,지금은 잘 안 해요. 왜 갑자기 안 하게 됐어?
0216,42,192061,192440,379,0.379,SPEAKER_1,SPEAKER_0,True,0.501,2.66,4,20,1,5,0.763,0.763,0.9586,False,False,걱정거리,때문에 생활이 불편하거나 힘들진 않아
0002,12,47615,47955,340,0.34,SPEAKER_0,SPEAKER_1,True,1.34,3.861,4,29,2,8,1.0,1.0,0.990125,False,False,몇 시에,자고 일어나요? 열한 시에 자서 일곱 시에 일어나요.
2637,75,344215,344535,320,0.32,SPEAKER_0,SPEAKER_1,True,6.745,2.54,44,15,11,4,0.9732727272727273,1.0,0.8555,False,False,어른들이 나를 집에서 쫓아내거나 버리겠다고 말하거나 어디에 가두고 못 나오게 한,적은 있어? 아니요 없어요.
0005,39,180155,180455,300,0.3,SPEAKER_0,SPEAKER_2,True,2.02,0.5,16,5,6,1,0.8108333333333333,0.969,0.953,False,True,왜 못 노는지 이야기 해줄 수,있을까요?
0006,87,395275,395575,300,0.3,SPEAKER_1,SPEAKER_0,True,0.5,2.34,4,23,1,7,0.997,0.997,0.9932857142857143,False,True,어른들이,어디에 가두고 못 나오게 한 적이 있나요?
3706,82,385365,385665,300,0.3,SPEAKER_1,SPEAKER_0,True,0.821,4.26,6,37,2,9,0.998,1.0,0.9165555555555556,False,False,제가 일부러,늦게 밥먹거나 딴짓하는 게 아닌데도 밥을 느리게 먹는다고 때렸어요.
